record_id,first,last,display_name,name_source,job_title,company_display,company_core,email,phone_e164,country,lead_status,lifecycle_stage,original_source,contact_owner,create_date,last_modified_date,lead_score,source_channel,source_detail,source_confidence,source_needs_llm,flagged_in_notes,notes
100234811,Yuki,Aina,Yuki Aina,first_last,Operations Lead,Singh Logistics & Co,singh,y.aina@singhlogistics.io,+8613824247912,China,New,Lead,,Marcus Wong,2025-12-21T00:00:00Z,2026-05-24T00:00:00Z,,Event,SaaStr Annual — Booth QR Code,0.9,False,False,"He scanned our QR code at the SaaStr Annual booth. Great fit, prioritizing."
100234812,Wei Ming,Malik,Wei Ming Malik,first_last,,Delta Inc,delta,weimingm@delta.co,+33615687825,France,Qualified,Lead,Referrals,Rohan Mehta,2026-01-29T00:00:00Z,,,Referral,Referred by Michael Zhang,0.9,False,False,"Referred by Michael Zhang, warm intro. Connected, sending proposal."
100234813,Linh,Lim,Linh Lim,first_last,,Chua Textiles & Co,chua,linh.l@chuatextiles.io,+48569755804,Poland,Opportunity,Marketing Qualified Lead,,Grace Osei,2025-09-29T00:00:00Z,2025-10-15T00:00:00Z,,Website,Contact page,0.9,False,False,Filled out the form on the contact page.
100234814,Ines,Wu,Ines Wu,first_last,Operations Lead,Verma Consulting Trading Co,verma,ines.w@vermaconsulting.com.au,+351922419348,Portugal,Qualified,Lead,Direct Traffic,Priya Nair,2025-10-27T00:00:00Z,2025-12-06T00:00:00Z,,Website,Contact page,0.9,False,False,"Filled out the form on the contact page. Very interested, wants pricing call."
100234815,Xiu Ying,Martinez,Xiu Ying Martinez,first_last,VP Sales,Martinez Co,martinez,xiuying.martinez@martinez.sg,+33674327423,France,Closed Won,Other,Paid Search,Diego Alvarez,2026-05-18T00:00:00Z,2026-05-27T00:00:00Z,,Website,Book a Demo page — Google Ads,0.85,False,False,"Booked a demo via the book-a-demo page after clicking a google ad. Great fit, prioritizing."
100234816,Natasha,Osei,Natasha Osei,first_last,Finance Manager,Singh Logistics Ltd,singh,n.osei@singhlogistics.net,+821087873705,South Korea,Connected,Customer,,Elena Popescu,2026-04-05T00:00:00Z,2026-06-13T00:00:00Z,,Website,Blog — lead scoring,0.9,False,False,"Filled out the form on the blog post on lead scoring. Very interested, wants pricing call."
100234817,Arjun,Oh,Arjun Oh,first_last,Founder,Mekong Pte. Ltd.,mekong,arjuno@mekong.net,+6287548995562,Indonesia,Closed Lost,Opportunity,Other Campaigns,Fatima Rahman,2026-06-04T00:00:00Z,2026-06-04T00:00:00Z,,Other,General info@ inbox,0.3,True,False,"Other - reached out via our general info@ inbox. Left voicemail, will retry."
100234818,Omar,Reyes,Omar Reyes,first_last,VP Sales,Sayed Trading Holdings,sayed,omar.reyes@sayedtrading.net,+447798299448,United Kingdom,Opportunity,Opportunity,Organic Search,Wei Chen,2026-04-05T00:00:00Z,2026-06-03T00:00:00Z,,Organic Search,Google organic → Book a Demo page,0.75,False,False,Googled us and ended up on the book-a-demo page before booking a demo.
100234819,Abena,Lee,Abena Lee,first_last,,Lindqvist AB & Co,lindqvist,abena.l@lindqvistab.net,+31679308973,Netherlands,Contacted,Marketing Qualified Lead,,Diego Alvarez,2025-12-21T00:00:00Z,,,Manual/Sales,Cold outreach call,0.9,False,False,Manually added by sales after a phone call from a cold outreach list.
100234820,Nadia,Weber,Nadia Weber,first_last,,Sato Labs,sato,nadia.weber@sato.io,+66995656183,Thailand,Connected,Marketing Qualified Lead,,Grace Osei,2026-01-01T00:00:00Z,2026-02-03T00:00:00Z,92,Manual/Sales,Inbound phone call,0.9,False,False,Manual - added after inbound phone call. No response yet.
100234821,Marcus,Russo,Marcus Russo,first_last,Founder,Diallo Imports Freight Solutions,diallo,marcus.russo@dialloimports.co,+46707792327,Sweden,Connected,Lead,,Marcus Wong,2026-06-11T00:00:00Z,,,Referral,Referred by Xiu Ying,0.9,False,False,"Referred by Xiu Ying Choi, warm intro. Great fit, prioritizing."
100234822,Aiko,Goh,Aiko Goh,first_last,,Singh Logistics Partners,singh,aiko.g@singhlogistics.biz,+6581773442,Singapore,Opportunity,Lead,Offline Sources,Grace Osei,2026-06-10T00:00:00Z,2026-06-10T00:00:00Z,,Event,TechCrunch Disrupt — Booth QR Code,0.9,False,False,Scanned the QR code at our TechCrunch Disrupt booth. No response yet.
100234823,Wei Chen,Ang,Wei Chen Ang,first_last,,Fischer Trading Pte Ltd,fischer,weichena@fischertrading.io,+306943733608,Greece,Closed Won,Other,,Marcus Wong,2026-03-15T00:00:00Z,2026-05-14T00:00:00Z,44,Organic Search,Google organic → Product tour page,0.75,False,False,"Googled us and ended up on the product tour page before booking a demo. Left voicemail, will retry."
100234824,Joon,Nguyen,Joon Nguyen,first_last,Operations Lead,Sato & Co,sato,joonn@sato.io,+639237108119,Philippines,Connected,Other,,Grace Osei,2026-04-12T00:00:00Z,2026-06-16T00:00:00Z,88,Event,Mobile World Congress — Booth QR Code,0.9,False,False,"Met her at the Mobile World Congress booth, scanned our QR code."
100234825,Fatima,Iyer,Fatima Iyer,first_last,,Sim Robotics Freight,sim,fatimai@simrobotics.sg,+40757667230,Romania,Contacted,Opportunity,,Noah Bennett,2025-11-29T00:00:00Z,,,LinkedIn,LinkedIn post engagement,0.9,False,False,"Connected on LinkedIn after commenting on our post. Connected, sending proposal."
100234826,Kai,Osei,Kai Osei,first_last,Operations Lead,Tanaka Freight,tanaka,kaio@tanaka.biz,+66760854680,Thailand,Closed Won,Marketing Qualified Lead,Other Campaigns,Wei Chen,2025-09-13T00:00:00Z,,,Manual/Sales,Walk-in,0.9,False,False,Other - walked into our office without an appointment. Not interested for now.
100234827,Hassan,Schulz,Hassan Schulz,first_last,Founder,Osei Freight Solutions,osei,hassan.s@osei.com.au,+84983552988,Vietnam,Qualified,Marketing Qualified Lead,,Hana Kobayashi,2026-05-30T00:00:00Z,2026-06-18T00:00:00Z,,Organic Search,Google organic → Product tour page,0.75,False,False,Googled us and ended up on the product tour page before booking a demo.
100234828,Nadia,Sun,Nadia Sun,first_last,Operations Lead,Bakker Partners,bakker,n.sun@bakker.com,+917757760205,India,Closed Lost,Marketing Qualified Lead,Referrals,Fatima Rahman,2025-10-03T00:00:00Z,2026-03-21T00:00:00Z,,Referral,Referred by Ismail Reyes,0.9,False,False,"Referred by Ismail Reyes, warm intro. Very interested, wants pricing call."
100234829,Farah,Martins,Farah Martins,first_last,Marketing Director,Verma Consulting Partners,verma,f.martins@vermaconsulting.net,+2348043798140,Nigeria,Qualified,Lead,,Noah Bennett,2026-02-20T00:00:00Z,2026-06-02T00:00:00Z,,LinkedIn,LinkedIn post engagement,0.9,False,False,Connected on LinkedIn after commenting on our post.
100234830,Ha-eun,Kang,Ha-eun Kang,first_last,,Cruz & Partners Holdings,cruz,ha-eun.k@cruzpartners.net,+491748072684,Germany,Connected,,Social Media,Marcus Wong,2026-04-29T00:00:00Z,,,LinkedIn,LinkedIn DM,0.9,False,False,Linkedin dm inbound asking about pricing.
100234831,Lucas,Bruno,Lucas Bruno,first_last,Marketing Director,Huang Analytics Robotics,huang,l.bruno@huanganalytics.co,+817560962771,Japan,Opportunity,Lead,Offline Sources,Diego Alvarez,2026-03-12T00:00:00Z,2026-06-11T00:00:00Z,,Event,Mobile World Congress — Booth,0.9,False,False,"Met at the booth during Mobile World Congress, said they'd follow up over email. Connected, sending proposal."
100234832,Farah,Bruno,Farah Bruno,first_last,,Huang Analytics Robotics,huang,farah.bruno@huanganalytics.co,+918427033086,India,Closed Lost,Customer,,Diego Alvarez,2026-06-03T00:00:00Z,2026-06-17T00:00:00Z,,Other,,0.3,True,False,Saw our post about replacing hubspot and commented. No response yet.
100234833,Antoine,Asante,Antoine Asante,first_last,Founder,Koh & Sons Co.,koh,antoinea@kohsons.co,+393577105526,Italy,Opportunity,Lead,Other Campaigns,Rohan Mehta,2025-12-07T00:00:00Z,2025-12-07T00:00:00Z,,Manual/Sales,Inbound phone call,0.9,False,False,Manual - added after inbound phone call. Not interested for now.
100234834,Joon,Diallo,Joon Diallo,first_last,VP Sales,Huang Analytics & Co,huang,joond@huanganalytics.co,+13235550192,United States,Contacted,Sales Qualified Lead,,Marcus Wong,2026-06-02T00:00:00Z,2026-06-07T00:00:00Z,,Event,Dubai FinTech Week — Booth,0.9,False,False,"Spoke with them at our Dubai FinTech Week booth, no QR scan logged. Qualifying now."
100234835,J.,Diallo,J. Diallo,full_name,VP Sales,Huang Analytics & Pte. Ltd.,huang,joond@huanganalytics.co,+13235550192,United States,Contacted,Sales Qualified Lead,,Marcus Wong,2026-06-02T00:00:00Z,2026-06-07T00:00:00Z,,Event,Dubai FinTech Week — Booth,0.9,False,False,"Spoke with them at our Dubai FinTech Week booth, no QR scan logged. Qualifying now."
100234836,Luca,Papadopoulos,Luca Papadopoulos,first_last,Founder,Asante Retail Trading,asante,luca.papadopoulos@asanteretail.sg,+84922525978,Vietnam,New,Marketing Qualified Lead,,Marcus Wong,2026-06-13T00:00:00Z,2026-06-17T00:00:00Z,,Referral,Referred by Elijah Almeida,0.9,False,False,"Referred by Elijah Almeida, warm intro. Not interested for now."
100234837,Aiko,Foster,Aiko Foster,first_last,Head of Growth,Ho Bros Co,ho,aiko.foster@hobros.com.au,+8801302528361,Bangladesh,Qualified,Other,Organic Search,Elena Popescu,2026-04-29T00:00:00Z,2026-05-13T00:00:00Z,,Organic Search,Google organic → Comparison vs HubSpot page,0.75,False,False,"Googled us and ended up on the comparison-vs-hubspot page before booking a demo. Left voicemail, will retry."
100234838,Linh,Reyes,Linh Reyes,first_last,Marketing Director,Saigon Group,saigon,linhr@saigon.com.au,+971515795982,UAE,Closed Lost,Opportunity,,Diego Alvarez,2026-05-15T00:00:00Z,2026-06-12T00:00:00Z,,Event,Singapore FinTech Festival 2026 — Booth QR Code,0.9,False,False,Scanned the QR code at our Singapore FinTech Festival 2026 booth. No response yet.
100234839,Isabelle,Yeo,Isabelle Yeo,first_last,Founder,Ng Freight Retail Group,ng,isabelley@ngfreight.sg,+923908312936,Pakistan,Closed Lost,,,Hana Kobayashi,2025-10-17T00:00:00Z,2026-01-29T00:00:00Z,,Organic Search,Google organic → Book a Demo page,0.75,False,False,"Found us through organic google search then landed on the book-a-demo page. Very interested, wants pricing call."
100234840,Ana,Lee,Ana Lee,first_last,,Li Consulting Partners,li,ana.l@liconsulting.sg,+84936306927,Vietnam,Opportunity,,,Hana Kobayashi,2026-04-15T00:00:00Z,,50,Organic Search,Google organic → Homepage,0.75,False,False,Googled us and ended up on the homepage before booking a demo. Not interested for now.
100234841,George,Chen,George Chen,first_last,Operations Lead,Teo Consulting Freight Solutions,teo,georgec@teoconsulting.co,+306985834993,Greece,Qualified,Customer,Social Media,Wei Chen,2026-03-16T00:00:00Z,2026-05-31T00:00:00Z,,LinkedIn,LinkedIn post engagement,0.9,False,False,"Connected on LinkedIn after commenting on our post. Connected, sending proposal."
100234842,Nils,Martins,Nils Martins,first_last,Founder,Goh Digital Holdings,goh,nils.m@gohdigital.com.au,+212651349940,Morocco,Opportunity,Opportunity,,Fatima Rahman,2026-03-30T00:00:00Z,2026-03-30T00:00:00Z,,Website,Contact page,0.9,False,False,Filled out the form on the contact page.
100234843,Noah,Martins,Noah Martins,first_last,Operations Lead,Goh Digital Holdings,goh,noah.martins@gohdigital.com.au,+66897427226,Thailand,Connected,Other,,Hana Kobayashi,2026-06-05T00:00:00Z,2026-06-05T00:00:00Z,,Event,TechCrunch Disrupt — Booth QR Code,0.9,False,False,"Met her at the TechCrunch Disrupt booth, scanned our QR code."
100234844,Amina,Rossi,Amina Rossi,first_last,,Reyes Ventures,reyes,a.rossi@reyes.sg,+8801479182804,Bangladesh,Opportunity,,Other Campaigns,Noah Bennett,2026-01-02T00:00:00Z,2026-05-31T00:00:00Z,,Event,Dubai FinTech Week — Booth,0.9,False,False,"Spoke with them at our Dubai FinTech Week booth, no QR scan logged. Connected, sending proposal."
100234845,Salma,Ricci,Salma Ricci,first_last,Marketing Director,Toure Consulting Co.,toure,salma.r@toureconsulting.sg,+8613372486881,China,Opportunity,Sales Qualified Lead,,Diego Alvarez,2025-09-12T00:00:00Z,2026-04-02T00:00:00Z,,Organic Search,Google organic → Pricing page,0.75,False,False,"Googled us and ended up on the pricing page before booking a demo. Left voicemail, will retry."
100234846,Isabelle,Kapoor,Isabelle Kapoor,first_last,Head of Growth,Mensah Trading Pte. Ltd.,mensah,isabellek@mensahtrading.com.au,+821024765835,South Korea,Connected,Other,,Noah Bennett,2025-11-29T00:00:00Z,2026-06-18T00:00:00Z,,LinkedIn,LinkedIn DM,0.9,False,False,Linkedin dm inbound asking about pricing.
100234847,Isabelle,Kapoor,Isabelle Kapoor,first_last,Head of Growth,Mensah Trading & Co,mensah,isabellekapoor@mensahtrading.com.au,+821024765835,South Korea,Connected,Other,,Noah Bennett,2025-11-29T00:00:00Z,2026-06-18T00:00:00Z,,LinkedIn,LinkedIn DM,0.9,False,False,Linkedin dm inbound asking about pricing.
100234848,Amina,Tanaka,Amina Tanaka,first_last,,Chen Digital Solutions,chen,aminat@chendigital.com,+18635550108,United States,Closed Lost,,,Hana Kobayashi,2026-02-02T00:00:00Z,2026-03-03T00:00:00Z,,Event,Singapore FinTech Festival 2026 — Booth QR Code,0.9,False,False,Scanned the QR code at our Singapore FinTech Festival 2026 booth.
100234849,Ismail,Bennett,Ismail Bennett,first_last,Head of Growth,Diallo Imports Studio,diallo,ismailb@dialloimports.sg,+639984794559,Philippines,Qualified,Opportunity,Other Campaigns,Fatima Rahman,2026-03-05T00:00:00Z,2026-03-05T00:00:00Z,,Manual/Sales,Inbound phone call,0.9,False,False,"Manual - added after inbound phone call. Very interested, wants pricing call."
100234850,Ismail,Bennett,Ismail Bennett,first_last,Head of Growth,Diallo Imports & Co,diallo,i.bennett@dialloimports.sg,+639984794559,Philippines,Qualified,Opportunity,Other Campaigns,Fatima Rahman,2026-03-05T00:00:00Z,,,Manual/Sales,Inbound phone call,0.9,False,True,"Manual - added after inbound phone call. Very interested, wants pricing call. possible duplicate — verify before contacting."
100234851,Jonathan,Sharma,Jonathan Sharma,first_last,VP Sales,Muller GmbH Inc.,muller,jonathans@mullergmbh.io,+923101432519,Pakistan,Contacted,Lead,,Grace Osei,2025-12-31T00:00:00Z,2026-01-04T00:00:00Z,,Event,Singapore FinTech Festival 2026 — Booth,0.9,False,False,"Met at the booth during Singapore FinTech Festival 2026, said they'd follow up over email. Very interested, wants pricing call."
100234852,Beatriz,Mehta,Beatriz Mehta,first_last,Marketing Director,Cruz & Partners Pte Ltd,cruz,beatriz.m@cruzpartners.com,+40774802210,Romania,Qualified,Other,,Hana Kobayashi,2025-10-08T00:00:00Z,2025-12-29T00:00:00Z,,Referral,Referred by Sofia Kowalski,0.9,False,False,"Referred by Sofia Kowalski, warm intro. Qualifying now."
100234853,Lucas,Rossi,Lucas Rossi,first_last,,Cruz & Partners & Co,cruz,lucasr@cruzpartners.sg,+212661632250,Morocco,Qualified,Sales Qualified Lead,Other Campaigns,Diego Alvarez,2026-03-11T00:00:00Z,2026-06-06T00:00:00Z,,Manual/Sales,Walk-in,0.9,False,False,Other - walked into our office without an appointment.
100234854,Ahmed,Schulz,Ahmed Schulz,first_last,Head of Growth,Schmidt AG Analytics,schmidt ag,ahmeds@schmidtag.com,+46704602383,Sweden,Opportunity,Marketing Qualified Lead,,Wei Chen,2026-05-05T00:00:00Z,2026-05-11T00:00:00Z,,Website,Book a Demo page — Google Ads,0.85,False,False,Booked a demo via the book-a-demo page after clicking a google ad.
100234855,Ahmed,Schulz,Ahmed Schulz,first_last,Head of Growth,Schmidt AG Freight Solutions,schmidt ag,ahmeds@schmidtag.com,+46704602383,Sweden,Opportunity,Marketing Qualified Lead,,Wei Chen,2026-05-05T00:00:00Z,,,Website,Book a Demo page — Google Ads,0.85,False,True,Booked a demo via the book-a-demo page after clicking a google ad. possible duplicate — verify before contacting.
100234856,Thanh,Wong,Thanh Wong,first_last,Head of Growth,Verma Consulting Co.,verma,thanh.w@vermaconsulting.sg,+212653305749,Morocco,Closed Lost,Sales Qualified Lead,,Elena Popescu,2025-10-14T00:00:00Z,2025-11-22T00:00:00Z,,Event,Mobile World Congress — Booth,0.9,False,False,"Met at the booth during Mobile World Congress, said they'd follow up over email."
100234857,Thanh,Wong,Thanh Wong,first_last,Head of Growth,Verma Consulting Studio,verma,thanhwong@vermaconsulting.sg,+212653305749,Morocco,Closed Lost,Sales Qualified Lead,,Elena Popescu,2025-10-14T00:00:00Z,2025-11-22T00:00:00Z,,Event,Mobile World Congress — Booth,0.9,False,True,"Met at the booth during Mobile World Congress, said they'd follow up over email. possible duplicate — verify before contacting."
100234858,George,Tan,George Tan,first_last,Marketing Director,Teo Consulting Trading Co,teo,g.tan@teoconsulting.io,+48636820335,Poland,Opportunity,Customer,Social Media,Grace Osei,2025-10-07T00:00:00Z,2025-10-28T00:00:00Z,,LinkedIn,LinkedIn DM,0.9,False,False,Linkedin dm inbound asking about pricing. No response yet.
100234859,Tariq,Lau,Tariq Lau,first_last,Finance Manager,Kilat Retail Inc,kilat,tariq.l@kilatretail.io,+40787180505,Romania,Closed Won,Sales Qualified Lead,,Grace Osei,2025-12-23T00:00:00Z,2026-02-04T00:00:00Z,,Event,Money20/20 Asia — Booth QR Code,0.9,False,False,"He scanned our QR code at the Money20/20 Asia booth. Left voicemail, will retry."
100234860,Benjamin,Ang,Benjamin Ang,first_last,,Santos Ltda Retail Group,santos ltda,benjamin.a@santosltda.sg,+971597586295,UAE,Closed Won,Other,,Grace Osei,2025-11-17T00:00:00Z,2026-03-17T00:00:00Z,,LinkedIn,LinkedIn DM,0.9,False,False,Linkedin dm inbound asking about pricing. Qualifying now.
100234861,Manon,Diop,Manon Diop,first_last,,Cruz & Partners,cruz,manon.diop@cruzpartners.net,+971597674084,UAE,Connected,Customer,Social Media,Hana Kobayashi,2026-05-15T00:00:00Z,2026-05-18T00:00:00Z,76,LinkedIn,LinkedIn DM,0.9,False,False,"Linkedin dm inbound asking about pricing. Great fit, prioritizing."
100234862,Haruto,Danso,Haruto Danso,first_last,Marketing Director,Mekong Inc,mekong,haruto.d@mekong.com.au,+31651283463,Netherlands,Connected,Lead,Other Campaigns,Elena Popescu,2025-11-12T00:00:00Z,,,Other,General info@ inbox,0.3,True,False,Other - reached out via our general info@ inbox.
100234863,Tiago,Wong,Tiago Wong,first_last,VP Sales,Wang Manufacturing Trading Co,wang,tiagow@wangmanufacturing.com.au,+60164163953,Malaysia,Contacted,Sales Qualified Lead,,Hana Kobayashi,2025-12-08T00:00:00Z,,63,Event,TechCrunch Disrupt — Booth,0.9,False,False,"Met at the booth during TechCrunch Disrupt, said they'd follow up over email. Great fit, prioritizing."
100234864,Jia Hui,Russo,Jia Hui Russo,first_last,Founder,Nimbus Consulting,nimbus,j.russo@nimbus.biz,+971593918355,UAE,Contacted,Customer,,Fatima Rahman,2026-02-06T00:00:00Z,2026-06-06T00:00:00Z,,Website,Blog — lead scoring,0.9,False,False,Filled out the form on the blog post on lead scoring. Qualifying now.
100234865,Chiara,Ba,Chiara Ba,first_last,Finance Manager,Kim Trading Inc,kim,chiara.ba@kimtrading.biz,+31623743626,Netherlands,Connected,Opportunity,Other Campaigns,Rohan Mehta,2025-11-15T00:00:00Z,,,Manual/Sales,Walk-in,0.9,False,False,Other - walked into our office without an appointment. Not interested for now.
100234866,Omar,Danso,Omar Danso,first_last,,Mensah Trading Inc.,mensah,omard@mensahtrading.com,+233228778685,Ghana,Qualified,Customer,Organic Search,Priya Nair,2025-10-11T00:00:00Z,,,Organic Search,Google organic → Homepage,0.75,False,False,"Googled us and ended up on the homepage before booking a demo. Connected, sending proposal."
100234867,Aisha,Costa,Aisha Costa,first_last,VP Sales,Choi Logistics Freight Solutions,choi,aishac@choilogistics.io,+79107295540,Russia,Opportunity,Opportunity,,Wei Chen,2025-10-14T00:00:00Z,2026-01-14T00:00:00Z,80,Event,London Tech Week — Booth QR Code,0.9,False,False,"He scanned our QR code at the London Tech Week booth. Great fit, prioritizing."
100234868,Charlotte,Danso,Charlotte Danso,first_last,Finance Manager,Patel Fintech Consulting,patel,charlotted@patelfintech.com.au,+923709028420,Pakistan,Closed Lost,Marketing Qualified Lead,Offline Sources,Wei Chen,2025-10-03T00:00:00Z,2026-05-25T00:00:00Z,,Event,SaaStr Annual — Booth QR Code,0.9,False,False,"Met her at the SaaStr Annual booth, scanned our QR code."
100234869,Joon,Sun,Joon Sun,first_last,Marketing Director,Patel Fintech Consulting,patel,joon.s@patelfintech.sg,+971564474060,UAE,Qualified,Other,Organic Search,Hana Kobayashi,2026-03-08T00:00:00Z,2026-05-13T00:00:00Z,,Organic Search,Google organic → Book a Demo page,0.75,False,False,"Googled us and ended up on the book-a-demo page before booking a demo. Very interested, wants pricing call."
100234870,Astrid,Adjei,Astrid Adjei,first_last,Founder,BluePeak Analytics,bluepeak,astrida@bluepeak.net,+79457541719,Russia,Closed Lost,Other,Other Campaigns,Noah Bennett,2026-03-06T00:00:00Z,,28,Manual/Sales,Cold outreach call,0.9,False,False,Manually added by sales after a phone call from a cold outreach list. Qualifying now.
100234871,Bashir,Ba,Bashir Ba,first_last,,BluePeak Ltd,bluepeak,b.ba@bluepeak.com.au,+525570127521,Mexico,Connected,Other,,Diego Alvarez,2026-01-06T00:00:00Z,2026-01-12T00:00:00Z,,Manual/Sales,Inbound phone call,0.9,False,False,"Manual - added after inbound phone call. Great fit, prioritizing."
100234872,Bashir,Ba,Bashir Ba,first_last,,BluePeak Solutions,bluepeak,b.ba@bluepeak.com.au,+525570127521,Mexico,Connected,Other,,Diego Alvarez,2026-01-06T00:00:00Z,2026-01-12T00:00:00Z,,Manual/Sales,Inbound phone call,0.9,False,True,"Manual - added after inbound phone call. Great fit, prioritizing. possible duplicate — verify before contacting."
100234873,Marcus,Yeo,Marcus Yeo,first_last,Founder,Owusu Freight Ventures,owusu,marcus.yeo@owusufreight.io,+85263429094,Hong Kong,New,Sales Qualified Lead,,Rohan Mehta,2026-03-08T00:00:00Z,2026-05-17T00:00:00Z,,Event,Money20/20 Asia — Booth QR Code,0.9,False,False,"Met her at the Money20/20 Asia booth, scanned our QR code. Very interested, wants pricing call."
100234874,Layla,Silva,Layla Silva,first_last,VP Sales,Kilat Retail Pte. Ltd.,kilat,layla.silva@kilatretail.net,+525535075982,Mexico,Contacted,Marketing Qualified Lead,,Grace Osei,2025-12-25T00:00:00Z,2026-05-06T00:00:00Z,,Website,Book a Demo page,0.9,False,False,"Filled out the form on the book-a-demo page. Left voicemail, will retry."
100234875,Wei Ming,Cruz,Wei Ming Cruz,first_last,Head of Growth,Asante Retail Pte Ltd,asante,weiming.cruz@asanteretail.com,+33693368363,France,Opportunity,Other,Organic Search,Priya Nair,2026-05-13T00:00:00Z,2026-06-16T00:00:00Z,,Organic Search,Google organic → Comparison vs HubSpot page,0.75,False,False,"Googled us and ended up on the comparison-vs-hubspot page before booking a demo. Very interested, wants pricing call."
100234876,Hui Fang,Fischer,Hui Fang Fischer,first_last,,Patel Fintech Consulting,patel,huifang.fischer@patelfintech.com.au,+4523692544,Denmark,Qualified,Marketing Qualified Lead,Other Campaigns,Wei Chen,2025-10-20T00:00:00Z,2025-10-20T00:00:00Z,,Other,General info@ inbox,0.3,True,False,"Other - reached out via our general info@ inbox. Left voicemail, will retry."
100234877,Kevin,Muller,Kevin Muller,first_last,Finance Manager,Sim Robotics & Co,sim,kevinm@simrobotics.io,+84903889108,Vietnam,Opportunity,,,Hana Kobayashi,2026-01-25T00:00:00Z,2026-02-21T00:00:00Z,26,LinkedIn,LinkedIn DM,0.9,False,False,"Linkedin dm inbound asking about pricing. Very interested, wants pricing call."
100234878,George,Kowalski,George Kowalski,first_last,Marketing Director,Costa Trading,costa,georgek@costatrading.co,+351923039341,Portugal,Qualified,Customer,,Priya Nair,2025-09-24T00:00:00Z,2025-09-24T00:00:00Z,,Manual/Sales,Inbound phone call,0.9,False,False,Manual - added after inbound phone call.
100234879,Pedro,Rodrigues,Pedro Rodrigues,first_last,Marketing Director,Teo Consulting Labs,teo,pedro.r@teoconsulting.co,+60164392795,Malaysia,Qualified,Customer,Other Campaigns,Diego Alvarez,2025-09-14T00:00:00Z,2026-01-27T00:00:00Z,,Manual/Sales,Walk-in,0.9,False,False,Other - walked into our office without an appointment.
100234880,Valentina,Bakar,Valentina Bakar,first_last,Founder,BluePeak Trading Co,bluepeak,valentina.b@bluepeak.io,+61462613893,Australia,Opportunity,Opportunity,,Priya Nair,2025-11-10T00:00:00Z,2026-04-02T00:00:00Z,,Organic Search,Google organic → Product tour page,0.75,False,False,Googled us and ended up on the product tour page before booking a demo.
100234881,Karim,Gupta,Karim Gupta,first_last,,Kim Trading & Co,kim,karimg@kimtrading.co,+61498821600,Australia,Connected,Opportunity,,Grace Osei,2026-06-14T00:00:00Z,2026-06-19T00:00:00Z,,Organic Search,Google organic → Book a Demo page,0.75,False,False,Googled us and ended up on the book-a-demo page before booking a demo. No response yet.
100234882,Rin,Williams,Rin Williams,first_last,VP Sales,Nord Analytics,nord,r.williams@nord.com.au,+447725802371,United Kingdom,Opportunity,Marketing Qualified Lead,Organic Search,Fatima Rahman,2025-09-27T00:00:00Z,2025-09-27T00:00:00Z,,Organic Search,Google organic → Product tour page,0.75,False,False,Found us through organic google search then landed on the product tour page.
100234883,Arjun,Lau,Arjun Lau,first_last,Marketing Director,Li Consulting & Co,li,arjun.lau@liconsulting.com.au,+923603949245,Pakistan,New,,,Noah Bennett,2026-05-12T00:00:00Z,2026-05-30T00:00:00Z,,Website,Pricing page,0.9,False,False,Filled out the form on the pricing page. Qualifying now.
100234884,Mateo,Martinez,Mateo Martinez,first_last,Operations Lead,Bakker Analytics,bakker,mateom@bakker.sg,+923006655803,Pakistan,Closed Won,Sales Qualified Lead,,Elena Popescu,2025-12-08T00:00:00Z,2026-05-20T00:00:00Z,,Website,Contact page,0.9,False,False,Filled out the form on the contact page.
100234885,Ravi,Rahman,Ravi Rahman,first_last,,Bennett Consulting,bennett,r.rahman@bennett.biz,+84915766026,Vietnam,Contacted,Opportunity,Paid Search,Rohan Mehta,2026-02-07T00:00:00Z,2026-04-23T00:00:00Z,,Website,Book a Demo page — Google Ads,0.85,False,False,"Booked a demo via the book-a-demo page after clicking a google ad. Left voicemail, will retry."
100234886,Karim,Foster,Karim Foster,first_last,Marketing Director,Chua Textiles Ventures,chua,karimf@chuatextiles.biz,+6288228382011,Indonesia,Closed Won,Customer,Offline Sources,Rohan Mehta,2025-12-13T00:00:00Z,2026-01-20T00:00:00Z,,Event,London Tech Week — Booth,0.9,False,False,"Spoke with them at our London Tech Week booth, no QR scan logged. Left voicemail, will retry."
100234887,Pooja,Ocampo,Pooja Ocampo,first_last,Head of Growth,Johnson Pte Ltd,johnson,p.ocampo@johnson.biz,+6281579416644,Indonesia,Closed Lost,Lead,Other Campaigns,Rohan Mehta,2025-10-01T00:00:00Z,2025-11-05T00:00:00Z,,Other,General info@ inbox,0.3,True,False,Other - reached out via our general info@ inbox.
100234888,Kofi,Fall,Kofi Fall,first_last,Operations Lead,Lumen Freight,lumen,k.fall@lumen.net,+34625282650,Spain,Qualified,Customer,Other Campaigns,Wei Chen,2025-12-24T00:00:00Z,2025-12-29T00:00:00Z,,Other,General info@ inbox,0.3,True,False,"Other - reached out via our general info@ inbox. Great fit, prioritizing."
100234889,Kofi,Fall,Kofi Fall,first_last,Operations Lead,Lumen Trading Co,lumen,kofi.fall@lumen.net,+34625282650,Spain,Qualified,Customer,Other Campaigns,Wei Chen,2025-12-24T00:00:00Z,,,Other,General info@ inbox,0.3,True,True,"Other - reached out via our general info@ inbox. Great fit, prioritizing. possible duplicate — verify before contacting."
100234890,Bruno,Yoon,Bruno Yoon,first_last,Head of Growth,Verma Consulting Robotics,verma,b.yoon@vermaconsulting.com,+5511957394836,Brazil,Closed Won,Other,,Elena Popescu,2026-02-11T00:00:00Z,2026-05-04T00:00:00Z,95,Organic Search,Google organic → Homepage,0.75,False,False,"Found us through organic google search then landed on the homepage. Connected, sending proposal."
100234891,Tiago,Owusu,Tiago Owusu,first_last,VP Sales,Huang Analytics Trading Co,huang,tiagoo@huanganalytics.io,+48547872650,Poland,Qualified,Marketing Qualified Lead,,Fatima Rahman,2026-02-01T00:00:00Z,2026-03-09T00:00:00Z,,Website,Pricing page,0.9,False,False,"Filled out the form on the pricing page. Very interested, wants pricing call."
100234892,Haruto,Xu,Haruto Xu,first_last,Marketing Director,Popescu Studio,popescu,haruto.xu@popescu.com.au,+6283445558854,Indonesia,Contacted,,,Grace Osei,2026-02-03T00:00:00Z,2026-02-06T00:00:00Z,,Organic Search,Google organic → Blog — lead scoring,0.75,False,False,"Found us through organic google search then landed on the blog post on lead scoring. Left voicemail, will retry."
100234893,Camille,Bruno,Camille Bruno,first_last,Finance Manager,Nord Analytics,nord,camilleb@nord.sg,+61457420523,Australia,New,Customer,Referrals,Fatima Rahman,2025-11-14T00:00:00Z,2025-11-14T00:00:00Z,,Referral,Referred by Ismail Reddy,0.9,False,False,"Referred by Ismail Reddy, warm intro. Left voicemail, will retry."
100234894,Francesca,Marino,Francesca Marino,first_last,,Saigon Consulting,saigon,f.marino@saigon.io,+5491190004015,Argentina,Opportunity,Other,Direct Traffic,Priya Nair,2026-05-27T00:00:00Z,2026-05-27T00:00:00Z,,Website,Pricing page,0.9,False,False,"Filled out the form on the pricing page. Very interested, wants pricing call."
100234895,Chiara,Nielsen,Chiara Nielsen,first_last,VP Sales,Orchid Partners,orchid,chiara.n@orchid.com.au,+6586425501,Singapore,Opportunity,Sales Qualified Lead,Direct Traffic,Priya Nair,2026-05-16T00:00:00Z,2026-06-12T00:00:00Z,,Website,Homepage,0.9,False,False,Filled out the form on the homepage.
100234896,Elijah,Iyer,Elijah Iyer,first_last,,Yang Freight Ltd,yang,elijah.iyer@yangfreight.biz,+66972137179,Thailand,Opportunity,Opportunity,,Priya Nair,2025-09-05T00:00:00Z,2025-10-17T00:00:00Z,,LinkedIn,LinkedIn DM,0.9,False,False,Linkedin dm inbound asking about pricing. Qualifying now.
100234897,Rohan,Alves,Rohan Alves,first_last,,Park Biotech Pte. Ltd.,park,rohana@parkbiotech.io,+60147013362,Malaysia,Closed Won,,,Noah Bennett,2025-10-10T00:00:00Z,2026-03-03T00:00:00Z,,Organic Search,Google organic → Contact page,0.75,False,False,Googled us and ended up on the contact page before booking a demo.
100234898,Ha-eun,Nguyen,Ha-eun Nguyen,first_last,,Han Imports Digital,han,h.nguyen@hanimports.sg,+34680484542,Spain,Contacted,Other,Referrals,Elena Popescu,2026-03-14T00:00:00Z,,,Referral,Referred by Karim Koh,0.9,False,False,"Referred by Karim Koh, warm intro. Connected, sending proposal."
100234899,Rin,Malik,Rin Malik,first_last,Operations Lead,Patel Fintech Co,patel,rin.m@patelfintech.sg,+5511976852692,Brazil,New,Lead,Referrals,Grace Osei,2026-06-11T00:00:00Z,2026-06-11T00:00:00Z,,Referral,Referred by Ha-eun Diop,0.9,False,False,"Referred by Ha-eun Diop, warm intro. Connected, sending proposal."
100234900,Ravi,Xu,Ravi Xu,first_last,,Teo Consulting Ltd,teo,ravi.x@teoconsulting.io,+491636029008,Germany,Qualified,,Other Campaigns,Marcus Wong,2026-03-04T00:00:00Z,2026-04-04T00:00:00Z,,Manual/Sales,Inbound phone call,0.9,False,False,Manual - added after inbound phone call. Not interested for now.
100234901,Carlos,Iyer,Carlos Iyer,first_last,Marketing Director,Zahra Freight Solutions,zahra,carlos.i@zahra.io,+4522605047,Denmark,Closed Lost,Other,,Hana Kobayashi,2026-01-03T00:00:00Z,2026-03-15T00:00:00Z,,Website,Contact page,0.9,False,False,Filled out the form on the contact page.
100234902,Michael,Meyer,Michael Meyer,first_last,Operations Lead,Chen Digital Inc.,chen,michaelm@chendigital.biz,+447829790658,United Kingdom,Contacted,Other,Other Campaigns,Noah Bennett,2026-03-13T00:00:00Z,2026-03-13T00:00:00Z,,Other,General info@ inbox,0.3,True,False,Other - reached out via our general info@ inbox. Qualifying now.
100234903,Daniel,Tanaka,Daniel Tanaka,first_last,VP Sales,Reddy Holdings Freight,reddy,danielt@reddyholdings.biz,+8801962742439,Bangladesh,New,Customer,Offline Sources,Noah Bennett,2026-02-17T00:00:00Z,2026-04-13T00:00:00Z,,Event,Money20/20 Asia — Booth QR Code,0.9,False,False,"Scanned the QR code at our Money20/20 Asia booth. Great fit, prioritizing."
100234904,Chiara,Malik,Chiara Malik,first_last,,Martinez Ltd,martinez,c.malik@martinez.com,+34649451566,Spain,Closed Won,Marketing Qualified Lead,,Rohan Mehta,2026-05-06T00:00:00Z,2026-05-12T00:00:00Z,,Other,,0.3,True,False,Saw our post about replacing hubspot and commented. No response yet.
100234905,Zara,Ng,Zara Ng,first_last,,Bakker Trading Co,bakker,z.ng@bakker.sg,+40743290755,Romania,Closed Lost,Opportunity,,Noah Bennett,2025-09-15T00:00:00Z,2025-12-25T00:00:00Z,,LinkedIn,LinkedIn DM,0.9,False,False,Linkedin dm inbound asking about pricing.
100234906,Aiko,Jensen,Aiko Jensen,first_last,,Chua Textiles Retail Group,chua,aiko.j@chuatextiles.co,+40795216456,Romania,Connected,,Direct Traffic,Hana Kobayashi,2025-11-28T00:00:00Z,2026-05-27T00:00:00Z,,Website,Book a Demo page,0.9,False,False,Filled out the form on the book-a-demo page. No response yet.
100234907,Ines,Yeo,Ines Yeo,first_last,Operations Lead,Kim Trading Solutions,kim,i.yeo@kimtrading.co,+923508566540,Pakistan,Opportunity,Lead,,Grace Osei,2025-09-05T00:00:00Z,,,Website,Product tour page,0.9,False,False,Filled out the form on the product tour page. Not interested for now.
100234908,Ines,Yeo,Ines Yeo,full_name,Operations Lead,Kim Trading Group,kim,i.yeo@kimtrading.co,+923508566540,Pakistan,Opportunity,Lead,,Grace Osei,2025-09-05T00:00:00Z,2025-12-13T00:00:00Z,,Website,Product tour page,0.9,False,False,Filled out the form on the product tour page. Not interested for now.
100234909,Lars,Alves,Lars Alves,first_last,Finance Manager,Osei Trading Co,osei,l.alves@osei.com,+46709951467,Sweden,Connected,Sales Qualified Lead,Direct Traffic,Marcus Wong,2026-04-13T00:00:00Z,2026-04-28T00:00:00Z,,Website,Blog — lead scoring,0.9,False,False,Filled out the form on the blog post on lead scoring. Qualifying now.
100234910,Ines,Lim,Ines Lim,first_last,,Zahra Freight Solutions,zahra,inesl@zahra.co,+491779630451,Germany,Closed Lost,,,Marcus Wong,2025-11-09T00:00:00Z,2026-05-29T00:00:00Z,,LinkedIn,LinkedIn post engagement,0.9,False,False,Connected on LinkedIn after commenting on our post.
100234911,Ingrid,Ivanova,Ingrid Ivanova,first_last,VP Sales,Han Imports Robotics,han,ingrid.i@hanimports.com,+5511955587046,Brazil,Qualified,Opportunity,,Grace Osei,2025-09-02T00:00:00Z,2025-10-19T00:00:00Z,,Manual/Sales,Inbound phone call,0.9,False,False,Manual - added after inbound phone call.
100234912,Xiu Ying,Dubois,Xiu Ying Dubois,first_last,,Nimbus Retail Group,nimbus,xiuying.d@nimbus.net,+60129783588,Malaysia,Qualified,Opportunity,Direct Traffic,Priya Nair,2026-04-08T00:00:00Z,2026-04-24T00:00:00Z,,Website,Comparison vs HubSpot page,0.9,False,False,"Filled out the form on the comparison-vs-hubspot page. Connected, sending proposal."
100234913,Kevin,Al-Farsi,Kevin Al-Farsi,first_last,,Acme Solutions,acme,k.al-farsi@acme.com,+17315550187,United States,Qualified,Lead,,Priya Nair,2026-02-23T00:00:00Z,,,LinkedIn,LinkedIn post engagement,0.9,False,False,Connected on LinkedIn after commenting on our post.
100234914,Carlos,Johnson,Carlos Johnson,first_last,,Mekong Labs,mekong,c.johnson@mekong.com,+971558394490,UAE,Closed Lost,Other,Direct Traffic,Wei Chen,2026-03-30T00:00:00Z,2026-05-25T00:00:00Z,,Website,Book a Demo page,0.9,False,False,Filled out the form on the book-a-demo page.
100234915,Divya,Aina,Divya Aina,first_last,Marketing Director,Toure Consulting Freight,toure,d.aina@toureconsulting.co,+525593484090,Mexico,Closed Lost,Opportunity,Social Media,Diego Alvarez,2025-09-28T00:00:00Z,2026-01-28T00:00:00Z,21,LinkedIn,LinkedIn post engagement,0.9,False,False,Connected on LinkedIn after commenting on our post. Not interested for now.
100234916,Linh,Bakar,Linh Bakar,first_last,Head of Growth,Jung Studio Pte Ltd,jung,l.bakar@jungstudio.co,+639179087520,Philippines,Opportunity,Sales Qualified Lead,,Rohan Mehta,2026-04-01T00:00:00Z,2026-05-22T00:00:00Z,,Event,London Tech Week — Booth QR Code,0.9,False,False,He scanned our QR code at the London Tech Week booth.
100234917,Sofia,Kapoor,Sofia Kapoor,first_last,Founder,Huang Analytics,huang,s.kapoor@huanganalytics.net,+84931888118,Vietnam,New,Opportunity,Offline Sources,Elena Popescu,2025-09-29T00:00:00Z,,,Event,Web Summit 2026 — Booth QR Code,0.9,False,False,He scanned our QR code at the Web Summit 2026 booth.
100234918,George,Nguyen,George Nguyen,first_last,Marketing Director,Bakker Trading Co,bakker,george.nguyen@bakker.co,+33683901973,France,Qualified,Customer,,Grace Osei,2025-09-29T00:00:00Z,,,Website,Book a Demo page — Google Ads,0.85,False,False,Booked a demo via the book-a-demo page after clicking a google ad.
100234919,George,Nguyen,George Nguyen,full_name,Marketing Director,Bakker Trading Inc.,bakker,g.nguyen@bakker.co,+33683901973,France,Qualified,Customer,,Grace Osei,2025-09-29T00:00:00Z,2025-12-23T00:00:00Z,,Website,Book a Demo page — Google Ads,0.85,False,False,Booked a demo via the book-a-demo page after clicking a google ad.
100234920,Amina,Zahra,Amina Zahra,first_last,Marketing Director,Sim Robotics Pte. Ltd.,sim,a.zahra@simrobotics.io,+525517527568,Mexico,New,Opportunity,,Diego Alvarez,2026-02-07T00:00:00Z,2026-06-03T00:00:00Z,,Event,SaaStr Annual — Booth QR Code,0.9,False,False,"Scanned the QR code at our SaaStr Annual booth. Connected, sending proposal."
100234921,Tunde,Aina,Tunde Aina,first_last,,Wong Legal Consulting,wong,tunde.aina@wonglegal.biz,+393408777164,Italy,Closed Won,Other,Social Media,Diego Alvarez,2025-10-24T00:00:00Z,2025-12-23T00:00:00Z,49,LinkedIn,LinkedIn post engagement,0.9,False,False,"Connected on LinkedIn after commenting on our post. Connected, sending proposal."
100234922,T.,Aina,T. Aina,full_name,,Wong Legal Trading Co,wong,tunde.aina@wonglegal.biz,+393408777164,Italy,Closed Won,Other,Social Media,Diego Alvarez,2025-10-24T00:00:00Z,2025-12-23T00:00:00Z,49,LinkedIn,LinkedIn post engagement,0.9,False,False,"Connected on LinkedIn after commenting on our post. Connected, sending proposal."
100234923,Adam,Ivanova,Adam Ivanova,first_last,Head of Growth,Hansen Digital Inc.,hansen,adam.ivanova@hansendigital.net,+917346231544,India,Qualified,Opportunity,Paid Search,Grace Osei,2026-03-28T00:00:00Z,2026-03-28T00:00:00Z,,Website,Book a Demo page — Google Ads,0.85,False,False,Booked a demo via the book-a-demo page after clicking a google ad. Not interested for now.
100234924,Sarah,Wong,Sarah Wong,first_last,,Sharma Enterprises Consulting,sharma,sarah.wong@sharmaenterprises.sg,+46703663213,Sweden,Qualified,,Offline Sources,Hana Kobayashi,2026-06-12T00:00:00Z,2026-06-15T00:00:00Z,,Event,Money20/20 Asia — Booth QR Code,0.9,False,False,"Met her at the Money20/20 Asia booth, scanned our QR code."
100234925,Benjamin,Ocampo,Benjamin Ocampo,first_last,Operations Lead,Adeyemi Logistics Co.,adeyemi,benjamin.o@adeyemilogistics.biz,+821025066432,South Korea,New,Lead,,Hana Kobayashi,2025-09-26T00:00:00Z,2026-05-05T00:00:00Z,,Website,Contact page,0.9,False,False,Filled out the form on the contact page.
100234926,Suresh,Sorensen,Suresh Sorensen,first_last,VP Sales,Sayed Trading Partners,sayed,suresh.sorensen@sayedtrading.sg,+66872753248,Thailand,Qualified,Marketing Qualified Lead,,Rohan Mehta,2026-01-06T00:00:00Z,,,Website,Contact page,0.9,False,False,Filled out the form on the contact page. Not interested for now.
100234927,Rohan,Patel,Rohan Patel,first_last,,Boateng Digital Solutions,boateng,rohanp@boatengdigital.com.au,+13635550112,United States,Contacted,Other,,Fatima Rahman,2026-01-15T00:00:00Z,,,Website,Blog — lead scoring,0.9,False,False,Filled out the form on the blog post on lead scoring. No response yet.
100234928,Noah,Chua,Noah Chua,first_last,Finance Manager,Diallo Imports Solutions,diallo,noahc@dialloimports.com.au,+923701636925,Pakistan,New,Lead,Social Media,Fatima Rahman,2025-12-22T00:00:00Z,2025-12-22T00:00:00Z,,LinkedIn,LinkedIn DM,0.9,False,False,Linkedin dm inbound asking about pricing.
100234929,Leila,Koh,Leila Koh,first_last,,Popescu Freight,popescu,leila.koh@popescu.sg,+393594303235,Italy,Contacted,Other,Other Campaigns,Noah Bennett,2026-05-08T00:00:00Z,2026-05-19T00:00:00Z,,Manual/Sales,Inbound phone call,0.9,False,False,Manual - added after inbound phone call. Qualifying now.
100234930,Grace,Sim,Grace Sim,first_last,Head of Growth,Kang Holdings Studio,kang,grace.sim@kangholdings.io,+2348034392274,Nigeria,Contacted,Sales Qualified Lead,,Grace Osei,2025-11-25T00:00:00Z,,,Website,Case study page,0.9,False,False,Filled out the form on the case study page.
100234931,Jia Hui,Wagner,Jia Hui Wagner,first_last,Operations Lead,Teo Consulting Trading,teo,jiahui.w@teoconsulting.co,+8613746953664,China,Qualified,Lead,,Priya Nair,2026-01-29T00:00:00Z,2026-01-29T00:00:00Z,,Organic Search,Google organic → Book a Demo page,0.75,False,False,Found us through organic google search then landed on the book-a-demo page.
100234932,Jia Hui,Ferrari,Jia Hui Ferrari,first_last,,Ho Bros Inc,ho,j.ferrari@hobros.co,+85288139849,Hong Kong,Connected,Other,,Diego Alvarez,2026-01-31T00:00:00Z,,,Website,Book a Demo page — Google Ads,0.85,False,False,Booked a demo via the book-a-demo page after clicking a google ad.
100234933,J.,Ferrari,J. Ferrari,full_name,,Ho Bros Holdings,ho,jiahui.ferrari@hobros.co,+85288139849,Hong Kong,Connected,Other,,Diego Alvarez,2026-01-31T00:00:00Z,2026-02-12T00:00:00Z,,Website,Book a Demo page — Google Ads,0.85,False,False,Booked a demo via the book-a-demo page after clicking a google ad.
100234934,Wei,Wu,Wei Wu,first_last,Founder,BluePeak & Co,bluepeak,weiw@bluepeak.io,+84928702584,Vietnam,New,Other,,Grace Osei,2026-06-05T00:00:00Z,,,Referral,Referred by Arjun Kone,0.9,False,False,"Referred by Arjun Kone, warm intro. Great fit, prioritizing."
100234935,Sarah,Zahra,Sarah Zahra,first_last,,Hansen Digital,hansen,s.zahra@hansendigital.io,+61434229143,Australia,Qualified,Lead,Other Campaigns,Noah Bennett,2025-12-13T00:00:00Z,2026-05-22T00:00:00Z,,Event,Mobile World Congress — Booth,0.9,False,False,"Spoke with them at our Mobile World Congress booth, no QR scan logged."
100234936,Farah,Martinez,Farah Martinez,first_last,Operations Lead,Sayed Trading Inc.,sayed,farah.martinez@sayedtrading.com.au,+8613926545687,China,Closed Won,Customer,Referrals,Grace Osei,2026-03-30T00:00:00Z,2026-05-31T00:00:00Z,,Referral,Referred by Giulia Hossain,0.9,False,False,"Referred by Giulia Hossain, warm intro. Connected, sending proposal."
100234937,Amina,Ocampo,Amina Ocampo,first_last,Operations Lead,Bakker Group,bakker,aminao@bakker.co,+2348029894734,Nigeria,Contacted,Sales Qualified Lead,,Hana Kobayashi,2026-02-12T00:00:00Z,,,Referral,Referred by Rachel Chua,0.9,False,False,"Referred by Rachel Chua, warm intro. Left voicemail, will retry."
100234938,Carlos,Carvalho,Carlos Carvalho,first_last,,Fischer Trading Pte Ltd,fischer,c.carvalho@fischertrading.io,+85253551541,Hong Kong,Qualified,Lead,Social Media,Grace Osei,2025-12-11T00:00:00Z,2026-04-08T00:00:00Z,,LinkedIn,from Original Source: Social Media,0.55,True,False,Saw our post about replacing hubspot and commented.
100234939,Kevin,Singh,Kevin Singh,first_last,,GreenLeaf Pte. Ltd.,greenleaf,k.singh@greenleaf.io,+18625550128,United States,Closed Lost,Marketing Qualified Lead,Social Media,Diego Alvarez,2026-03-29T00:00:00Z,2026-03-30T00:00:00Z,,LinkedIn,LinkedIn post engagement,0.9,False,False,Connected on LinkedIn after commenting on our post. Qualifying now.
100234940,Lucas,Bruno,Lucas Bruno,first_last,Head of Growth,Martinez Ventures,martinez,lucas.b@martinez.net,+8613093807131,China,Opportunity,Other,,Elena Popescu,2026-01-23T00:00:00Z,2026-02-19T00:00:00Z,,LinkedIn,LinkedIn DM,0.9,False,False,Linkedin dm inbound asking about pricing. No response yet.
100234941,Adaeze,Owusu,Adaeze Owusu,first_last,VP Sales,Chen Digital Analytics,chen,adaeze.o@chendigital.com,+31652507857,Netherlands,Qualified,Opportunity,,Priya Nair,2025-12-07T00:00:00Z,2026-06-07T00:00:00Z,,Organic Search,Google organic → Product tour page,0.75,False,False,Googled us and ended up on the product tour page before booking a demo.
100234942,Rachel,Lim,Rachel Lim,first_last,,Silva Analytics,silva,rachell@silva.net,+306964805269,Greece,Opportunity,Sales Qualified Lead,Referrals,Hana Kobayashi,2025-10-31T00:00:00Z,,,Referral,Referred by Linh Larsen,0.9,False,False,"Referred by Linh Larsen, warm intro. Great fit, prioritizing."
100234943,Elin,Johnson,Elin Johnson,first_last,,Athens Retail Freight Solutions,athens,elin.johnson@athensretail.io,+2348067463897,Nigeria,Connected,Other,Direct Traffic,Priya Nair,2025-09-03T00:00:00Z,,,Website,Homepage,0.9,False,False,Filled out the form on the homepage. Not interested for now.
100234944,David,Boateng,David Boateng,first_last,VP Sales,Rao Ventures,rao,david.boateng@raoventures.io,+6583316641,Singapore,Connected,Marketing Qualified Lead,Other Campaigns,Marcus Wong,2026-03-16T00:00:00Z,2026-04-24T00:00:00Z,,Event,Singapore FinTech Festival 2026 — Booth,0.9,False,False,"Spoke with them at our Singapore FinTech Festival 2026 booth, no QR scan logged. Not interested for now."
100234945,Adaeze,Bakar,Adaeze Bakar,first_last,,Lau Analytics,lau,a.bakar@lau.io,+60192733017,Malaysia,Connected,Other,Direct Traffic,Priya Nair,2026-03-12T00:00:00Z,,34,Website,Pricing page,0.9,False,False,Filled out the form on the pricing page.
100234946,Ravi,Hoffmann,Ravi Hoffmann,first_last,VP Sales,Liu Trading Freight,liu,ravih@liutrading.com.au,+821078622718,South Korea,Opportunity,Other,Offline Sources,Elena Popescu,2025-10-31T00:00:00Z,2026-05-19T00:00:00Z,,Event,SaaStr Annual — Booth QR Code,0.9,False,False,"He scanned our QR code at the SaaStr Annual booth. Connected, sending proposal."
100234947,David,Lau,David Lau,first_last,Founder,Rossi SRL Labs,rossi,david.l@rossisrl.biz,+917295177070,India,New,Other,Other Campaigns,Marcus Wong,2026-01-10T00:00:00Z,2026-05-06T00:00:00Z,42,Other,General info@ inbox,0.3,True,False,"Other - reached out via our general info@ inbox. Connected, sending proposal."
100234948,Siti,Williams,Siti Williams,first_last,Founder,Liu Trading Co,liu,sitiw@liutrading.co,+971593742522,UAE,Connected,,,Grace Osei,2025-12-03T00:00:00Z,,,LinkedIn,LinkedIn DM,0.9,False,False,"Linkedin dm inbound asking about pricing. Very interested, wants pricing call."
100234949,Ismail,Pedersen,Ismail Pedersen,first_last,Head of Growth,Owusu Freight,owusu,i.pedersen@owusufreight.sg,+48699467726,Poland,New,,Direct Traffic,Wei Chen,2026-05-06T00:00:00Z,2026-05-13T00:00:00Z,,Website,Product tour page,0.9,False,False,Filled out the form on the product tour page.
100234950,Rui,Almeida,Rui Almeida,first_last,VP Sales,Yang Freight Studio,yang,rui.a@yangfreight.com,+447946462544,United Kingdom,Closed Lost,Other,Direct Traffic,Noah Bennett,2025-11-16T00:00:00Z,,,Website,Pricing page,0.9,False,False,Filled out the form on the pricing page.
100234951,Elijah,Fall,Elijah Fall,first_last,Operations Lead,Sayed Trading & Co,sayed,elijah.f@sayedtrading.com,+971595582442,UAE,Closed Won,Opportunity,Social Media,Hana Kobayashi,2026-02-09T00:00:00Z,2026-02-09T00:00:00Z,,LinkedIn,from Original Source: Social Media,0.55,True,False,Saw our post about replacing hubspot and commented.
100234952,Sven,Frimpong,Sven Frimpong,first_last,Finance Manager,Silva Pte. Ltd.,silva,s.frimpong@silva.net,+212652818986,Morocco,Qualified,Other,Direct Traffic,Grace Osei,2026-04-20T00:00:00Z,,,Website,Blog — lead scoring,0.9,False,False,Filled out the form on the blog post on lead scoring. No response yet.
100234953,Tunde,Tanaka,Tunde Tanaka,first_last,Founder,Al-Farsi Co.,al farsi,tunde.tanaka@al-farsi.io,+40747568944,Romania,Closed Won,Marketing Qualified Lead,Other Campaigns,Grace Osei,2025-10-26T00:00:00Z,,,Manual/Sales,Walk-in,0.9,False,False,Other - walked into our office without an appointment. Not interested for now.
100234954,Chiara,Santos,Chiara Santos,first_last,Operations Lead,Mensah Trading Co,mensah,c.santos@mensahtrading.biz,+821026967347,South Korea,Closed Lost,Customer,Social Media,Elena Popescu,2026-02-12T00:00:00Z,2026-05-21T00:00:00Z,,LinkedIn,from Original Source: Social Media,0.55,True,False,"Saw our post about replacing hubspot and commented. Connected, sending proposal."
100234955,Ji-woo,Yoon,Ji-woo Yoon,first_last,Marketing Director,Foster Studio,foster,ji-wooy@foster.biz,+34696235827,Spain,Closed Lost,Marketing Qualified Lead,,Rohan Mehta,2026-06-05T00:00:00Z,2026-06-10T00:00:00Z,,Manual/Sales,Inbound phone call,0.9,False,False,Manual - added after inbound phone call. Qualifying now.
100234956,J.,Yoon,J. Yoon,full_name,Marketing Director,Foster Trading,foster,j.yoon@foster.biz,+34696235827,Spain,Closed Lost,Marketing Qualified Lead,,Rohan Mehta,2026-06-05T00:00:00Z,,,Manual/Sales,Inbound phone call,0.9,False,True,Manual - added after inbound phone call. Qualifying now. possible duplicate — verify before contacting.
100234957,J.,Yoon,J. Yoon,full_name,Marketing Director,Foster Partners,foster,ji-woo.yoon@foster.biz,+34696235827,Spain,Closed Lost,Marketing Qualified Lead,,Rohan Mehta,2026-06-05T00:00:00Z,2026-06-10T00:00:00Z,,Manual/Sales,Inbound phone call,0.9,False,False,Manual - added after inbound phone call. Qualifying now.
100234958,Camille,Sy,Camille Sy,first_last,,Williams Freight,williams,camille.sy@williams.co,+6593078259,Singapore,Closed Won,Marketing Qualified Lead,,Grace Osei,2026-06-07T00:00:00Z,,,Website,Blog — lead scoring,0.9,False,False,Filled out the form on the blog post on lead scoring. Not interested for now.
100234959,Wei Chen,Huang,Wei Chen Huang,first_last,VP Sales,Acme Digital,acme,w.huang@acme.biz,+639294301833,Philippines,Closed Won,Other,Offline Sources,Elena Popescu,2026-02-02T00:00:00Z,2026-05-04T00:00:00Z,84,Event,Retail Asia Expo — Booth QR Code,0.9,False,False,He scanned our QR code at the Retail Asia Expo booth.
100234960,Catarina,Hansen,Catarina Hansen,first_last,Head of Growth,Adeyemi Logistics Robotics,adeyemi,catarina.hansen@adeyemilogistics.biz,+818183014937,Japan,Closed Lost,Customer,Paid Search,Elena Popescu,2026-01-03T00:00:00Z,2026-03-26T00:00:00Z,,Website,Book a Demo page — Google Ads,0.85,False,False,"Booked a demo via the book-a-demo page after clicking a google ad. Very interested, wants pricing call."
100234961,Catarina,Hansen,Catarina Hansen,first_last,Head of Growth,Adeyemi Logistics Co.,adeyemi,catarinah@adeyemilogistics.biz,+818183014937,Japan,Closed Lost,Customer,Paid Search,Elena Popescu,2026-01-03T00:00:00Z,,,Website,Book a Demo page — Google Ads,0.85,False,False,"Booked a demo via the book-a-demo page after clicking a google ad. Very interested, wants pricing call."
100234962,Zainab,Malik,Zainab Malik,first_last,,Foster Freight Solutions,foster,zainab.m@foster.biz,+6289735191389,Indonesia,Qualified,Other,Offline Sources,Grace Osei,2025-09-20T00:00:00Z,2025-09-20T00:00:00Z,,Event,TechCrunch Disrupt — Booth QR Code,0.9,False,False,He scanned our QR code at the TechCrunch Disrupt booth. Qualifying now.
100234963,Zainab,Malik,Zainab Malik,first_last,,Foster Freight Ltd,foster,zainab.malik@foster.biz,+6289735191389,Indonesia,Qualified,Other,Offline Sources,Grace Osei,2025-09-20T00:00:00Z,,,Event,TechCrunch Disrupt — Booth QR Code,0.9,False,True,He scanned our QR code at the TechCrunch Disrupt booth. Qualifying now. possible duplicate — verify before contacting.
100234964,Zainab,Malik,Zainab Malik,first_last,,Foster Freight Trading,foster,zainab.malik@foster.biz,+6289735191389,Indonesia,Qualified,Other,Offline Sources,Grace Osei,2025-09-20T00:00:00Z,2025-09-20T00:00:00Z,,Event,TechCrunch Disrupt — Booth QR Code,0.9,False,False,He scanned our QR code at the TechCrunch Disrupt booth. Qualifying now.
100234965,Amina,Rahman,Amina Rahman,first_last,Marketing Director,Kim Trading Partners,kim,amina.rahman@kimtrading.io,+639106867456,Philippines,Opportunity,Customer,Organic Search,Marcus Wong,2026-02-04T00:00:00Z,2026-05-03T00:00:00Z,,Organic Search,Google organic → Homepage,0.75,False,False,"Found us through organic google search then landed on the homepage. Left voicemail, will retry."
100234966,Linh,Rao,Linh Rao,first_last,Finance Manager,Chen Digital & Co,chen,l.rao@chendigital.com,+2348064653100,Nigeria,Closed Lost,Other,,Fatima Rahman,2025-10-22T00:00:00Z,2025-11-08T00:00:00Z,,Website,Case study page,0.9,False,False,Filled out the form on the case study page. Not interested for now.
100234967,L.,Rao,L. Rao,full_name,Finance Manager,Chen Digital & Co,chen,linhrao@chendigital.com,+2348064653100,Nigeria,Closed Lost,Other,,Fatima Rahman,2025-10-22T00:00:00Z,2025-11-08T00:00:00Z,,Website,Case study page,0.9,False,False,Filled out the form on the case study page. Not interested for now.
100234968,L.,Rao,L. Rao,full_name,Finance Manager,Chen Digital & Group,chen,l.rao@chendigital.com,+2348064653100,Nigeria,Closed Lost,Other,,Fatima Rahman,2025-10-22T00:00:00Z,2025-11-08T00:00:00Z,,Website,Case study page,0.9,False,False,Filled out the form on the case study page. Not interested for now.
100234969,Ava,Hossain,Ava Hossain,first_last,VP Sales,Kim Trading Partners,kim,ava.h@kimtrading.com.au,+918198761445,India,Contacted,,,Elena Popescu,2026-01-27T00:00:00Z,2026-01-27T00:00:00Z,50,LinkedIn,LinkedIn post engagement,0.9,False,False,Connected on LinkedIn after commenting on our post. No response yet.
100234970,Sarah,Pedersen,Sarah Pedersen,first_last,,Hansen Digital Pte. Ltd.,hansen,sarah.p@hansendigital.io,+12645550133,United States,Connected,Marketing Qualified Lead,,Priya Nair,2025-12-15T00:00:00Z,2026-03-17T00:00:00Z,,Website,Book a Demo page — Google Ads,0.85,False,False,Booked a demo via the book-a-demo page after clicking a google ad.
100234971,Kofi,Sow,Kofi Sow,first_last,,Jung Studio Ltd,jung,kofis@jungstudio.com.au,+48557628515,Poland,Connected,,Offline Sources,Grace Osei,2026-05-08T00:00:00Z,2026-06-15T00:00:00Z,,Event,Web Summit 2026 — Booth QR Code,0.9,False,False,"Scanned the QR code at our Web Summit 2026 booth. Left voicemail, will retry."
100234972,Laura,Pedersen,Laura Pedersen,first_last,,Chen Digital Solutions,chen,l.pedersen@chendigital.io,+306913491706,Greece,Contacted,Customer,Social Media,Elena Popescu,2025-11-22T00:00:00Z,,,LinkedIn,from Original Source: Social Media,0.55,True,False,Saw our post about replacing hubspot and commented.
100234973,Divya,Osei,Divya Osei,first_last,Operations Lead,Osei Studio,osei,divya.o@osei.sg,+8801524970699,Bangladesh,Qualified,Customer,Organic Search,Wei Chen,2025-12-03T00:00:00Z,2026-04-12T00:00:00Z,,Organic Search,Google organic → Case study page,0.75,False,False,"Googled us and ended up on the case study page before booking a demo. Left voicemail, will retry."
100234974,Divya,Osei,Divya Osei,first_last,Operations Lead,Osei Retail Group,osei,divya.osei@osei.sg,+8801524970699,Bangladesh,Qualified,Customer,Organic Search,Wei Chen,2025-12-03T00:00:00Z,2026-04-12T00:00:00Z,,Organic Search,Google organic → Case study page,0.75,False,False,"Googled us and ended up on the case study page before booking a demo. Left voicemail, will retry."
100234975,Erik,Almeida,Erik Almeida,first_last,Marketing Director,Lotus Finance Pte. Ltd.,lotus,erik.a@lotusfinance.biz,+16935550198,United States,Qualified,Sales Qualified Lead,Social Media,Elena Popescu,2025-10-21T00:00:00Z,2025-12-25T00:00:00Z,,LinkedIn,LinkedIn post engagement,0.9,False,False,"Connected on LinkedIn after commenting on our post. Connected, sending proposal."
100234976,Erik,Almeida,Erik Almeida,first_last,Marketing Director,Lotus Finance Analytics,lotus,erika@lotusfinance.biz,+16935550198,United States,Qualified,Sales Qualified Lead,Social Media,Elena Popescu,2025-10-21T00:00:00Z,2025-12-25T00:00:00Z,,LinkedIn,LinkedIn post engagement,0.9,False,True,"Connected on LinkedIn after commenting on our post. Connected, sending proposal. possible duplicate — verify before contacting."
100234977,Erik,Almeida,Erik Almeida,full_name,Marketing Director,Lotus Finance & Co,lotus,erikalmeida@lotusfinance.biz,+16935550198,United States,Qualified,Sales Qualified Lead,Social Media,Elena Popescu,2025-10-21T00:00:00Z,2025-12-25T00:00:00Z,,LinkedIn,LinkedIn post engagement,0.9,False,True,"Connected on LinkedIn after commenting on our post. Connected, sending proposal. possible duplicate — verify before contacting."
100234978,George,Oh,George Oh,first_last,Operations Lead,BluePeak Freight Solutions,bluepeak,george.oh@bluepeak.io,+61475510904,Australia,Connected,,,Rohan Mehta,2025-09-27T00:00:00Z,2025-09-29T00:00:00Z,,Website,Homepage,0.9,False,False,Filled out the form on the homepage. Qualifying now.
100234979,Emily,Yeo,Emily Yeo,first_last,,Wang Manufacturing Digital,wang,e.yeo@wangmanufacturing.com,+525556854190,Mexico,New,,Referrals,Elena Popescu,2026-05-20T00:00:00Z,,,Referral,Referred by Farid Camara,0.9,False,False,"Referred by Farid Camara, warm intro."
100234980,Emily,Yeo,Emily Yeo,first_last,,Wang Manufacturing Ltd,wang,emilyy@wangmanufacturing.com,+525556854190,Mexico,New,,Referrals,Elena Popescu,2026-05-20T00:00:00Z,2026-05-27T00:00:00Z,,Referral,Referred by Farid Camara,0.9,False,False,"Referred by Farid Camara, warm intro."
100234981,Zara,Yeo,Zara Yeo,first_last,Marketing Director,Wang Manufacturing Digital,wang,zara.y@wangmanufacturing.com,+393479229409,Italy,Connected,Customer,,Elena Popescu,2026-01-07T00:00:00Z,2026-04-13T00:00:00Z,,Referral,Referred by Youssef Agyemang,0.9,False,False,"Referred by Youssef Agyemang, warm intro. Not interested for now."
100234982,Ji-woo,Wagner,Ji-woo Wagner,first_last,Head of Growth,Santos Ltda Ventures,santos ltda,ji-woo.wagner@santosltda.com.au,+33641462161,France,Closed Lost,Other,Social Media,Grace Osei,2025-10-09T00:00:00Z,,,LinkedIn,LinkedIn DM,0.9,False,False,Linkedin dm inbound asking about pricing. Qualifying now.
100234983,Chloe,Park,Chloe Park,first_last,VP Sales,Diallo Imports Studio,diallo,c.park@dialloimports.co,+8613122859071,China,Opportunity,Lead,,Rohan Mehta,2025-09-22T00:00:00Z,2026-03-31T00:00:00Z,,Referral,Referred by Antoine Sharma,0.9,False,False,"Referred by Antoine Sharma, warm intro."
100234984,Zara,Marino,Zara Marino,first_last,Marketing Director,Lindqvist AB Freight Solutions,lindqvist,zara.m@lindqvistab.com.au,+4520119636,Denmark,Qualified,Customer,,Marcus Wong,2026-02-14T00:00:00Z,2026-06-04T00:00:00Z,,Organic Search,Google organic → Comparison vs HubSpot page,0.75,False,False,Found us through organic google search then landed on the comparison-vs-hubspot page. Not interested for now.
100234985,Chloe,Bennett,Chloe Bennett,first_last,Founder,Gupta Textiles & Co,gupta,chloe.b@guptatextiles.com.au,+48550249919,Poland,Closed Lost,Marketing Qualified Lead,,Hana Kobayashi,2025-09-05T00:00:00Z,,,Event,London Tech Week — Booth QR Code,0.9,False,False,He scanned our QR code at the London Tech Week booth. No response yet.
100234986,Priscilla,Colombo,Priscilla Colombo,first_last,VP Sales,Verma Consulting & Co,verma,priscillac@vermaconsulting.co,+33654126225,France,Connected,,,Elena Popescu,2025-12-11T00:00:00Z,2026-05-26T00:00:00Z,,Referral,Referred by Zara Singh,0.9,False,False,"Referred by Zara Singh, warm intro. No response yet."
100234987,Wei Ming,Hoffmann,Wei Ming Hoffmann,first_last,,Han Imports Labs,han,weiming.hoffmann@hanimports.sg,+66766294739,Thailand,Connected,Sales Qualified Lead,,Diego Alvarez,2026-01-15T00:00:00Z,2026-04-26T00:00:00Z,,Organic Search,Google organic → Product tour page,0.75,False,False,"Googled us and ended up on the product tour page before booking a demo. Very interested, wants pricing call."
100234988,Sofia,Hansen,Sofia Hansen,first_last,Head of Growth,Yap Ventures Pte Ltd,yap,sofia.h@yapventures.net,+525523632702,Mexico,Connected,Customer,Paid Search,Wei Chen,2025-10-14T00:00:00Z,2026-05-28T00:00:00Z,,Website,Book a Demo page — Google Ads,0.85,False,False,"Booked a demo via the book-a-demo page after clicking a google ad. Left voicemail, will retry."
100234989,Bruno,Sun,Bruno Sun,first_last,Finance Manager,Yap Ventures Inc.,yap,b.sun@yapventures.biz,+212690918265,Morocco,Opportunity,Other,,Rohan Mehta,2026-02-06T00:00:00Z,,,LinkedIn,LinkedIn post engagement,0.9,False,False,"Connected on LinkedIn after commenting on our post. Connected, sending proposal."
100234990,Francesca,Andersen,Francesca Andersen,first_last,,Martinez Robotics,martinez,francescaa@martinez.sg,+12075550170,United States,Connected,Marketing Qualified Lead,Offline Sources,Noah Bennett,2026-06-15T00:00:00Z,2026-06-16T00:00:00Z,,Event,APAC Logistics Summit — Booth,0.9,False,False,"Spoke with them at our APAC Logistics Summit booth, no QR scan logged. Connected, sending proposal."
100234991,Oluwaseun,Chua,Oluwaseun Chua,first_last,Head of Growth,Toure Consulting Co,toure,oluwaseunc@toureconsulting.io,+819084608418,Japan,Connected,Other,Offline Sources,Elena Popescu,2026-05-10T00:00:00Z,2026-05-11T00:00:00Z,,Event,London Tech Week — Booth,0.9,False,False,"Met at the booth during London Tech Week, said they'd follow up over email."
100234992,Amina,Greco,Amina Greco,first_last,,Huang Analytics Pte. Ltd.,huang,amina.greco@huanganalytics.co,+917183644931,India,Closed Won,Opportunity,,Marcus Wong,2026-06-06T00:00:00Z,2026-06-09T00:00:00Z,,Website,Comparison vs HubSpot page,0.9,False,False,Filled out the form on the comparison-vs-hubspot page.
100234993,Ethan,Hansen,Ethan Hansen,first_last,Operations Lead,Williams Group,williams,e.hansen@williams.co,+639806333001,Philippines,Connected,Opportunity,Direct Traffic,Diego Alvarez,2025-12-11T00:00:00Z,,,Website,Blog — lead scoring,0.9,False,False,"Filled out the form on the blog post on lead scoring. Left voicemail, will retry."
100234994,Ethan,Hansen,Ethan Hansen,first_last,Operations Lead,Williams Ventures,williams,e.hansen@williams.co,+639806333001,Philippines,Connected,Opportunity,Direct Traffic,Diego Alvarez,2025-12-11T00:00:00Z,2025-12-24T00:00:00Z,,Website,Blog — lead scoring,0.9,False,True,"Filled out the form on the blog post on lead scoring. Left voicemail, will retry. possible duplicate — verify before contacting."
100234995,Ines,Tanaka,Ines Tanaka,first_last,Marketing Director,Patel Fintech & Co,patel,inest@patelfintech.co,+971531217189,UAE,Connected,Other,,Wei Chen,2026-01-07T00:00:00Z,2026-05-11T00:00:00Z,,Manual/Sales,Inbound phone call,0.9,False,False,"Manual - added after inbound phone call. Left voicemail, will retry."
100234996,I.,Tanaka,I. Tanaka,full_name,Marketing Director,Patel Fintech & Holdings,patel,inest@patelfintech.co,+971531217189,UAE,Connected,Other,,Wei Chen,2026-01-07T00:00:00Z,2026-05-11T00:00:00Z,,Manual/Sales,Inbound phone call,0.9,False,False,"Manual - added after inbound phone call. Left voicemail, will retry."
100234997,Ines,Kone,Ines Kone,first_last,,Ivanova Freight,ivanova,i.kone@ivanova.sg,+31662857714,Netherlands,Closed Lost,Sales Qualified Lead,Offline Sources,Marcus Wong,2025-10-20T00:00:00Z,2025-11-06T00:00:00Z,,Event,Web Summit 2026 — Booth QR Code,0.9,False,False,"Met her at the Web Summit 2026 booth, scanned our QR code. Left voicemail, will retry."
100234998,Linh,Kumar,Linh Kumar,first_last,Head of Growth,Larsen AS Co.,larsen,linh.k@larsenas.biz,+66919946913,Thailand,Opportunity,Other,Direct Traffic,Noah Bennett,2026-03-08T00:00:00Z,,47,Website,Comparison vs HubSpot page,0.9,False,False,Filled out the form on the comparison-vs-hubspot page.
100234999,Amir,Becker,Amir Becker,first_last,VP Sales,Verma Consulting Robotics,verma,amirb@vermaconsulting.biz,+212699956423,Morocco,Contacted,,,Wei Chen,2026-06-09T00:00:00Z,2026-06-14T00:00:00Z,,Referral,Referred by Miguel Bianchi,0.9,False,False,"Referred by Miguel Bianchi, warm intro. No response yet."
100235000,Hana,Camara,Hana Camara,first_last,VP Sales,Santos Ltda Digital,santos ltda,hana.camara@santosltda.sg,+639467101267,Philippines,Opportunity,Marketing Qualified Lead,,Diego Alvarez,2025-09-04T00:00:00Z,,,Organic Search,Google organic → Case study page,0.75,False,False,"Found us through organic google search then landed on the case study page. Great fit, prioritizing."
100235001,Adam,Huang,Adam Huang,first_last,Marketing Director,Boateng Digital Ltd,boateng,adam.h@boatengdigital.com.au,+61419840432,Australia,Closed Won,Opportunity,,Wei Chen,2026-05-08T00:00:00Z,2026-06-13T00:00:00Z,,Website,Book a Demo page,0.9,False,False,Filled out the form on the book-a-demo page.
100235002,Adam,Huang,Adam Huang,first_last,Marketing Director,Boateng Digital Robotics,boateng,adam.huang@boatengdigital.com.au,+61419840432,Australia,Closed Won,Opportunity,,Wei Chen,2026-05-08T00:00:00Z,2026-06-13T00:00:00Z,,Website,Book a Demo page,0.9,False,False,Filled out the form on the book-a-demo page.
100235003,Ngozi,Romano,Ngozi Romano,first_last,Operations Lead,Verma Consulting Labs,verma,ngozi.romano@vermaconsulting.com.au,+16425550137,United States,Closed Won,Opportunity,,Wei Chen,2025-11-07T00:00:00Z,2026-03-08T00:00:00Z,,Referral,Referred by Camille Fischer,0.9,False,False,"Referred by Camille Fischer, warm intro."
100235004,Tiago,Chen,Tiago Chen,first_last,Marketing Director,Wong Legal & Co,wong,tiago.c@wonglegal.net,+4529212495,Denmark,Qualified,Opportunity,Referrals,Grace Osei,2026-02-26T00:00:00Z,,,Referral,Referred by Nur Joshi,0.9,False,False,"Referred by Nur Joshi, warm intro. No response yet."
100235005,Daniel,Martinez,Daniel Martinez,first_last,Founder,Singh Logistics & Co,singh,d.martinez@singhlogistics.com.au,+31612256624,Netherlands,Closed Lost,,,Marcus Wong,2026-02-04T00:00:00Z,2026-02-09T00:00:00Z,,Organic Search,Google organic → Blog — lead scoring,0.75,False,False,"Found us through organic google search then landed on the blog post on lead scoring. Great fit, prioritizing."
100235006,Liam,Sun,Liam Sun,first_last,VP Sales,Zhang Retail Group,zhang,liam.sun@zhang.com,+48669377778,Poland,Closed Won,Other,Direct Traffic,Grace Osei,2025-10-26T00:00:00Z,,,Website,Contact page,0.9,False,False,"Filled out the form on the contact page. Very interested, wants pricing call."
100235007,Ryan,Cruz,Ryan Cruz,first_last,Head of Growth,Al-Farsi Ventures,al farsi,ryanc@al-farsi.co,+2348078623572,Nigeria,New,Sales Qualified Lead,Other Campaigns,Grace Osei,2026-03-01T00:00:00Z,2026-03-31T00:00:00Z,,Other,General info@ inbox,0.3,True,False,Other - reached out via our general info@ inbox.
100235008,Rachel,Sy,Rachel Sy,first_last,VP Sales,Ang Analytics Freight,ang,r.sy@anganalytics.com.au,+306946863502,Greece,Qualified,Sales Qualified Lead,Organic Search,Elena Popescu,2026-02-16T00:00:00Z,2026-03-04T00:00:00Z,,Organic Search,Google organic → Homepage,0.75,False,False,"Found us through organic google search then landed on the homepage. Connected, sending proposal."
100235009,Rachel,Sy,Rachel Sy,first_last,VP Sales,Ang Analytics Robotics,ang,rachel.sy@anganalytics.com.au,+306946863502,Greece,Qualified,Sales Qualified Lead,Organic Search,Elena Popescu,2026-02-16T00:00:00Z,2026-03-04T00:00:00Z,,Organic Search,Google organic → Homepage,0.75,False,False,"Found us through organic google search then landed on the homepage. Connected, sending proposal."
100235010,Anjali,Nair,Anjali Nair,first_last,,Reddy Holdings Inc,reddy,a.nair@reddyholdings.io,+60157204783,Malaysia,Opportunity,Marketing Qualified Lead,,Fatima Rahman,2025-09-14T00:00:00Z,2026-05-16T00:00:00Z,,Event,Mobile World Congress — Booth QR Code,0.9,False,False,Scanned the QR code at our Mobile World Congress booth. No response yet.
100235011,Liam,Choi,Liam Choi,first_last,,Mekong Digital,mekong,liam.c@mekong.net,+4527416461,Denmark,Closed Won,Lead,Referrals,Elena Popescu,2026-03-14T00:00:00Z,2026-05-03T00:00:00Z,,Referral,Referred by Ines Carvalho,0.9,False,False,"Referred by Ines Carvalho, warm intro. Great fit, prioritizing."
100235012,Camille,Chua,Camille Chua,first_last,Marketing Director,Tanaka Trading,tanaka,camillec@tanaka.co,+212631644788,Morocco,New,Other,Social Media,Rohan Mehta,2025-11-12T00:00:00Z,,,LinkedIn,from Original Source: Social Media,0.55,True,False,Saw our post about replacing hubspot and commented.
100235013,Liam,Ricci,Liam Ricci,first_last,Operations Lead,Delta Holdings,delta,l.ricci@delta.biz,+817228708362,Japan,Closed Lost,Sales Qualified Lead,,Marcus Wong,2026-05-27T00:00:00Z,2026-06-19T00:00:00Z,41,Website,Homepage,0.9,False,False,"Filled out the form on the homepage. Great fit, prioritizing."
100235014,Sanjay,Romano,Sanjay Romano,first_last,Founder,Tanaka Co,tanaka,s.romano@tanaka.com,+85257375146,Hong Kong,New,Opportunity,Referrals,Hana Kobayashi,2026-05-14T00:00:00Z,2026-05-14T00:00:00Z,,Referral,Referred by Antoine Wang,0.9,False,False,"Referred by Antoine Wang, warm intro. Qualifying now."
100235015,Diego,Al-Sayed,Diego Al-Sayed,first_last,Finance Manager,Zhang Consulting,zhang,d.al-sayed@zhang.com,+639956915889,Philippines,Connected,Lead,Other Campaigns,Priya Nair,2025-10-26T00:00:00Z,,,Event,TechCrunch Disrupt — Booth,0.9,False,False,"Met at the booth during TechCrunch Disrupt, said they'd follow up over email. Qualifying now."
100235016,Ananya,Larsen,Ananya Larsen,first_last,Head of Growth,Reyes Freight Solutions,reyes,ananyal@reyes.net,+393735239595,Italy,Contacted,Other,,Fatima Rahman,2025-09-30T00:00:00Z,2025-09-30T00:00:00Z,,Manual/Sales,Cold outreach call,0.9,False,False,Manually added by sales after a phone call from a cold outreach list. Qualifying now.
100235017,Camille,Christensen,Camille Christensen,first_last,,Boateng Digital Studio,boateng,camillec@boatengdigital.io,+85252211392,Hong Kong,Qualified,Other,,Marcus Wong,2025-12-16T00:00:00Z,2026-04-01T00:00:00Z,45,LinkedIn,LinkedIn DM,0.9,False,False,"Linkedin dm inbound asking about pricing. Great fit, prioritizing."
100235018,C.,Christensen,C. Christensen,full_name,,Boateng Digital Trading,boateng,camille.christensen@boatengdigital.io,+85252211392,Hong Kong,Qualified,Other,,Marcus Wong,2025-12-16T00:00:00Z,,45,LinkedIn,LinkedIn DM,0.9,False,False,"Linkedin dm inbound asking about pricing. Great fit, prioritizing."
100235019,Ines,Danso,Ines Danso,first_last,Head of Growth,Cruz & Partners Trading Co,cruz,ines.danso@cruzpartners.biz,+525559046169,Mexico,Opportunity,Customer,Direct Traffic,Priya Nair,2025-12-16T00:00:00Z,2026-03-10T00:00:00Z,,Website,Case study page,0.9,False,False,Filled out the form on the case study page.
100235020,Ines,Danso,Ines Danso,first_last,Head of Growth,Cruz & Partners Trading Holdings,cruz,inesd@cruzpartners.biz,+525559046169,Mexico,Opportunity,Customer,Direct Traffic,Priya Nair,2025-12-16T00:00:00Z,2026-03-10T00:00:00Z,,Website,Case study page,0.9,False,True,Filled out the form on the case study page. possible duplicate — verify before contacting.
100235021,Farid,Park,Farid Park,first_last,,Rossi SRL Digital,rossi,farid.park@rossisrl.com.au,+233282574116,Ghana,Connected,Opportunity,Direct Traffic,Rohan Mehta,2026-02-06T00:00:00Z,2026-03-14T00:00:00Z,,Website,Book a Demo page,0.9,False,False,"Filled out the form on the book-a-demo page. Left voicemail, will retry."
100235022,Farid,Park,Farid Park,first_last,,Rossi SRL Pte. Ltd.,rossi,farid.park@rossisrl.com.au,+233282574116,Ghana,Connected,Opportunity,Direct Traffic,Rohan Mehta,2026-02-06T00:00:00Z,2026-03-14T00:00:00Z,,Website,Book a Demo page,0.9,False,False,"Filled out the form on the book-a-demo page. Left voicemail, will retry."
100235023,Lars,Zahra,Lars Zahra,first_last,,Malik Co,malik,lars.zahra@malik.co,+6583119888,Singapore,Connected,Customer,Other Campaigns,Grace Osei,2026-01-17T00:00:00Z,2026-01-17T00:00:00Z,,Manual/Sales,Inbound phone call,0.9,False,False,Manual - added after inbound phone call.
100235024,Ngozi,Ang,Ngozi Ang,first_last,,Huang Analytics Labs,huang,ngozi.a@huanganalytics.biz,+34649440937,Spain,Contacted,Other,Direct Traffic,Rohan Mehta,2025-10-11T00:00:00Z,,,Website,Homepage,0.9,False,False,Filled out the form on the homepage. Not interested for now.
100235025,Leila,Muller,Leila Muller,first_last,,Ivanova Freight,ivanova,leilam@ivanova.co,+212672131870,Morocco,New,Sales Qualified Lead,Direct Traffic,Hana Kobayashi,2026-04-25T00:00:00Z,2026-05-13T00:00:00Z,,Website,Homepage,0.9,False,False,"Filled out the form on the homepage. Very interested, wants pricing call."
100235026,Kwame,Ho,Kwame Ho,first_last,VP Sales,Bakker Freight Solutions,bakker,kwame.h@bakker.com.au,+79829065379,Russia,Closed Lost,Marketing Qualified Lead,,Wei Chen,2025-10-10T00:00:00Z,2026-04-10T00:00:00Z,,Referral,Referred by Matteo Papadopoulos,0.9,False,False,"Referred by Matteo Papadopoulos, warm intro. No response yet."
100235027,Arjun,Wong,Arjun Wong,first_last,Operations Lead,Osei Inc.,osei,arjun.wong@osei.com.au,+919165529558,India,Qualified,Customer,,Diego Alvarez,2026-03-19T00:00:00Z,2026-05-15T00:00:00Z,,Event,Retail Asia Expo — Booth,0.9,False,False,"Spoke with them at our Retail Asia Expo booth, no QR scan logged. Connected, sending proposal."
100235028,Haruto,Lee,Haruto Lee,first_last,VP Sales,Huang Analytics Consulting,huang,harutol@huanganalytics.com,+60145427459,Malaysia,Closed Lost,Sales Qualified Lead,Organic Search,Noah Bennett,2026-03-27T00:00:00Z,2026-06-04T00:00:00Z,,Organic Search,Google organic → Homepage,0.75,False,False,"Googled us and ended up on the homepage before booking a demo. Left voicemail, will retry."
100235029,Haruto,Lee,Haruto Lee,full_name,VP Sales,Huang Analytics Robotics,huang,harutolee@huanganalytics.com,+60145427459,Malaysia,Closed Lost,Sales Qualified Lead,Organic Search,Noah Bennett,2026-03-27T00:00:00Z,2026-06-04T00:00:00Z,,Organic Search,Google organic → Homepage,0.75,False,True,"Googled us and ended up on the homepage before booking a demo. Left voicemail, will retry. possible duplicate — verify before contacting."
100235030,Zainab,Colombo,Zainab Colombo,first_last,Founder,Williams & Co,williams,zainab.c@williams.io,+6599674878,Singapore,Closed Lost,Customer,Paid Search,Diego Alvarez,2026-03-30T00:00:00Z,2026-06-11T00:00:00Z,,Website,Book a Demo page — Google Ads,0.85,False,False,Booked a demo via the book-a-demo page after clicking a google ad. Qualifying now.
100235031,Sigrid,Pereira,Sigrid Pereira,first_last,Finance Manager,Lumen Studio,lumen,s.pereira@lumen.com,+233218009834,Ghana,Closed Won,Customer,,Diego Alvarez,2025-09-28T00:00:00Z,2025-10-03T00:00:00Z,,Other,,0.3,True,False,Saw our post about replacing hubspot and commented. Qualifying now.
100235032,Arjun,Hansen,Arjun Hansen,first_last,,Choi Logistics Labs,choi,arjunh@choilogistics.com,+60155962351,Malaysia,Contacted,Customer,Organic Search,Marcus Wong,2026-01-21T00:00:00Z,2026-04-02T00:00:00Z,,Organic Search,Google organic → Comparison vs HubSpot page,0.75,False,False,Found us through organic google search then landed on the comparison-vs-hubspot page. Qualifying now.
100235033,Grace,Frimpong,Grace Frimpong,first_last,,Lindqvist AB Inc.,lindqvist,g.frimpong@lindqvistab.com.au,+2348078887277,Nigeria,Contacted,Other,,Hana Kobayashi,2025-11-25T00:00:00Z,2026-05-31T00:00:00Z,,Website,Pricing page,0.9,False,False,Filled out the form on the pricing page.
100235034,Sarah,Gomes,Sarah Gomes,first_last,,Schmidt AG Pte Ltd,schmidt ag,sarah.g@schmidtag.co,+48673423642,Poland,Closed Lost,Lead,,Marcus Wong,2026-05-31T00:00:00Z,2026-06-13T00:00:00Z,,Referral,Referred by Rin Danso,0.9,False,False,"Referred by Rin Danso, warm intro. Connected, sending proposal."
100235035,Layla,Mensah,Layla Mensah,first_last,Marketing Director,Yap Ventures Freight,yap,layla.mensah@yapventures.com,+6592009605,Singapore,New,Other,Organic Search,Hana Kobayashi,2026-02-27T00:00:00Z,,,Organic Search,Google organic → Pricing page,0.75,False,False,Found us through organic google search then landed on the pricing page.
100235036,Diego,Martinez,Diego Martinez,first_last,,Huang Analytics & Co,huang,diego.m@huanganalytics.co,+6289184295528,Indonesia,Closed Won,Opportunity,,Grace Osei,2026-01-10T00:00:00Z,,,Organic Search,Google organic → Pricing page,0.75,False,False,Googled us and ended up on the pricing page before booking a demo. No response yet.
100235037,Hassan,Johnson,Hassan Johnson,first_last,Operations Lead,Yap Ventures Trading Co,yap,hassan.johnson@yapventures.io,+971542051571,UAE,New,Lead,Direct Traffic,Elena Popescu,2026-01-07T00:00:00Z,2026-01-11T00:00:00Z,,Website,Homepage,0.9,False,False,Filled out the form on the homepage.
100235038,Michael,Ferreira,Michael Ferreira,first_last,VP Sales,Lau Trading,lau,michael.f@lau.biz,+818897706880,Japan,Connected,Other,Other Campaigns,Diego Alvarez,2026-03-25T00:00:00Z,,,Manual/Sales,Walk-in,0.9,False,False,Other - walked into our office without an appointment. No response yet.
100235039,Valentina,Iyer,Valentina Iyer,first_last,VP Sales,Huang Analytics Inc,huang,valentinai@huanganalytics.biz,+2348027478175,Nigeria,Closed Lost,Marketing Qualified Lead,,Wei Chen,2025-09-19T00:00:00Z,2026-01-19T00:00:00Z,,LinkedIn,LinkedIn post engagement,0.9,False,False,Connected on LinkedIn after commenting on our post. Not interested for now.
100235040,Beatriz,Marino,Beatriz Marino,first_last,Marketing Director,Hansen Digital Partners,hansen,b.marino@hansendigital.io,+6281433199010,Indonesia,Closed Lost,Lead,Offline Sources,Hana Kobayashi,2025-09-24T00:00:00Z,2025-11-29T00:00:00Z,,Event,Singapore FinTech Festival 2026 — Booth QR Code,0.9,False,False,Scanned the QR code at our Singapore FinTech Festival 2026 booth. Not interested for now.
100235041,Femi,Asante,Femi Asante,first_last,,Sato Freight,sato,f.asante@sato.com.au,+4523158532,Denmark,Connected,Lead,,Marcus Wong,2026-01-19T00:00:00Z,2026-01-19T00:00:00Z,,Other,,0.3,True,False,"Saw our post about replacing hubspot and commented. Great fit, prioritizing."
100235042,Femi,Asante,Femi Asante,first_last,,Sato Pte Ltd,sato,femi.asante@sato.com.au,+4523158532,Denmark,Connected,Lead,,Marcus Wong,2026-01-19T00:00:00Z,2026-01-19T00:00:00Z,,Other,,0.3,True,True,"Saw our post about replacing hubspot and commented. Great fit, prioritizing. possible duplicate — verify before contacting."
100235043,Beatriz,Colombo,Beatriz Colombo,first_last,VP Sales,Sayed Trading Co,sayed,beatriz.colombo@sayedtrading.com.au,+923702476750,Pakistan,Closed Lost,,,Diego Alvarez,2026-02-26T00:00:00Z,2026-05-08T00:00:00Z,,Organic Search,Google organic → Book a Demo page,0.75,False,False,"Found us through organic google search then landed on the book-a-demo page. Great fit, prioritizing."
100235044,Amir,Ng,Amir Ng,first_last,Founder,Liu Trading Pte. Ltd.,liu,amirn@liutrading.com,+31644338121,Netherlands,Connected,Sales Qualified Lead,Direct Traffic,Elena Popescu,2026-04-21T00:00:00Z,2026-04-21T00:00:00Z,,Website,Homepage,0.9,False,False,Filled out the form on the homepage.
100235045,Yuki,Asante,Yuki Asante,first_last,,Lau & Co,lau,yuki.a@lau.biz,+85283252204,Hong Kong,Qualified,Customer,,Hana Kobayashi,2025-09-28T00:00:00Z,,,Organic Search,Google organic → Product tour page,0.75,False,False,Found us through organic google search then landed on the product tour page. No response yet.
100235046,Yuki,Bruno,Yuki Bruno,first_last,Founder,Cruz & Partners Co,cruz,yukib@cruzpartners.net,+15025550177,United States,Contacted,,,Elena Popescu,2025-11-27T00:00:00Z,2026-04-17T00:00:00Z,,Website,Book a Demo page,0.9,False,False,"Filled out the form on the book-a-demo page. Great fit, prioritizing."
100235047,Mia,Nair,Mia Nair,first_last,,Rossi SRL Pte Ltd,rossi,mia.nair@rossisrl.sg,+639708519261,Philippines,New,Opportunity,,Rohan Mehta,2026-03-21T00:00:00Z,2026-06-18T00:00:00Z,,Website,Product tour page,0.9,False,False,"Filled out the form on the product tour page. Left voicemail, will retry."
100235048,Mia,Nair,Mia Nair,first_last,,Rossi SRL Holdings,rossi,m.nair@rossisrl.sg,+639708519261,Philippines,New,Opportunity,,Rohan Mehta,2026-03-21T00:00:00Z,2026-06-18T00:00:00Z,,Website,Product tour page,0.9,False,False,"Filled out the form on the product tour page. Left voicemail, will retry."
100235049,Bjorn,Lee,Bjorn Lee,first_last,VP Sales,Muller GmbH Ltd,muller,bjornl@mullergmbh.sg,+525515355859,Mexico,Qualified,,,Diego Alvarez,2026-06-05T00:00:00Z,2026-06-08T00:00:00Z,,Website,Book a Demo page,0.9,False,False,Filled out the form on the book-a-demo page.
100235050,Michael,Choi,Michael Choi,first_last,,Reyes Holdings,reyes,michael.choi@reyes.io,+233299924437,Ghana,Closed Won,Other,,Fatima Rahman,2026-02-12T00:00:00Z,2026-04-21T00:00:00Z,,LinkedIn,LinkedIn DM,0.9,False,False,Linkedin dm inbound asking about pricing.
100235051,Bashir,Ho,Bashir Ho,first_last,VP Sales,Ivanova Digital,ivanova,bashir.ho@ivanova.com,+40742395178,Romania,New,Marketing Qualified Lead,Other Campaigns,Diego Alvarez,2025-10-28T00:00:00Z,,,Event,SaaStr Annual — Booth,0.9,False,False,"Met at the booth during SaaStr Annual, said they'd follow up over email. Very interested, wants pricing call."
100235052,Bashir,Ho,Bashir Ho,first_last,VP Sales,Ivanova Partners,ivanova,bashirh@ivanova.com,+40742395178,Romania,New,Marketing Qualified Lead,Other Campaigns,Diego Alvarez,2025-10-28T00:00:00Z,2026-03-04T00:00:00Z,,Event,SaaStr Annual — Booth,0.9,False,True,"Met at the booth during SaaStr Annual, said they'd follow up over email. Very interested, wants pricing call. possible duplicate — verify before contacting."
100235053,Pooja,Lim,Pooja Lim,first_last,,Mensah Trading & Co,mensah,poojal@mensahtrading.sg,+31617753430,Netherlands,Connected,Sales Qualified Lead,Other Campaigns,Hana Kobayashi,2025-11-25T00:00:00Z,2026-01-05T00:00:00Z,,Manual/Sales,Inbound phone call,0.9,False,False,Manual - added after inbound phone call.
100235054,Hui Fang,Al-Sayed,Hui Fang Al-Sayed,first_last,,Popescu Partners,popescu,huifanga@popescu.io,+817076289182,Japan,Closed Won,Marketing Qualified Lead,,Hana Kobayashi,2026-02-11T00:00:00Z,2026-05-06T00:00:00Z,,Referral,Referred by Suresh Hansen,0.9,False,False,"Referred by Suresh Hansen, warm intro. Qualifying now."
100235055,Nur,Fischer,Nur Fischer,first_last,Operations Lead,Yoon Retail & Co,yoon,nurf@yoonretail.sg,+66819014197,Thailand,Opportunity,Customer,Social Media,Fatima Rahman,2026-01-21T00:00:00Z,2026-02-11T00:00:00Z,,LinkedIn,LinkedIn DM,0.9,False,False,"Linkedin dm inbound asking about pricing. Great fit, prioritizing."
100235056,Amina,Kumar,Amina Kumar,first_last,Marketing Director,Tanaka Consulting,tanaka,amina.k@tanaka.co,+66782787809,Thailand,Closed Won,Opportunity,Other Campaigns,Diego Alvarez,2025-11-23T00:00:00Z,,,Manual/Sales,Inbound phone call,0.9,False,False,Manual - added after inbound phone call. Qualifying now.
100235057,Rachel,Tan,Rachel Tan,first_last,Founder,Sayed Trading & Co,sayed,r.tan@sayedtrading.sg,+212682273533,Morocco,Closed Won,Opportunity,,Diego Alvarez,2026-06-11T00:00:00Z,2026-06-15T00:00:00Z,,Website,Comparison vs HubSpot page,0.9,False,False,"Filled out the form on the comparison-vs-hubspot page. Great fit, prioritizing."
100235058,Amir,Jensen,Amir Jensen,first_last,Marketing Director,Rossi SRL Retail Group,rossi,amir.jensen@rossisrl.io,+817890782093,Japan,Opportunity,Other,,Grace Osei,2026-05-05T00:00:00Z,,53,Referral,Referred by Giulia Zahra,0.9,False,False,"Referred by Giulia Zahra, warm intro. Great fit, prioritizing."
100235059,Farah,Toure,Farah Toure,first_last,,Nimbus Group,nimbus,farah.toure@nimbus.com.au,+5511941754002,Brazil,Closed Won,Lead,,Elena Popescu,2025-11-25T00:00:00Z,2026-02-13T00:00:00Z,,Website,Comparison vs HubSpot page,0.9,False,False,Filled out the form on the comparison-vs-hubspot page. No response yet.
100235060,Lucas,Chen,Lucas Chen,first_last,VP Sales,Sim Robotics Co.,sim,lucas.chen@simrobotics.net,+306981782909,Greece,Closed Won,Marketing Qualified Lead,,Priya Nair,2026-05-04T00:00:00Z,,,Website,Book a Demo page — Google Ads,0.85,False,False,Booked a demo via the book-a-demo page after clicking a google ad. Qualifying now.
100235061,Chloe,Joshi,Chloe Joshi,first_last,Head of Growth,Patel Fintech Inc.,patel,chloe.j@patelfintech.com,+817213088934,Japan,Closed Won,Opportunity,,Priya Nair,2025-12-10T00:00:00Z,,58,Website,Pricing page,0.9,False,False,Filled out the form on the pricing page.
100235062,Jun Wei,Nguyen,Jun Wei Nguyen,first_last,,Delta Analytics,delta,junwein@delta.co,+34630975612,Spain,Closed Won,Other,,Elena Popescu,2026-01-02T00:00:00Z,2026-01-19T00:00:00Z,,Event,Mobile World Congress — Booth QR Code,0.9,False,False,"Met her at the Mobile World Congress booth, scanned our QR code. Left voicemail, will retry."
100235063,Diego,Russo,Diego Russo,first_last,VP Sales,Chen Digital Inc,chen,diegor@chendigital.io,+48608319626,Poland,Contacted,Opportunity,,Marcus Wong,2026-02-08T00:00:00Z,2026-02-08T00:00:00Z,,Event,Web Summit 2026 — Booth QR Code,0.9,False,False,"Scanned the QR code at our Web Summit 2026 booth. Connected, sending proposal."
100235064,Tunde,Rao,Tunde Rao,first_last,Operations Lead,Lindqvist AB Trading Co,lindqvist,tunde.rao@lindqvistab.io,+233252831209,Ghana,Closed Lost,Opportunity,Other Campaigns,Marcus Wong,2026-03-22T00:00:00Z,2026-06-14T00:00:00Z,,Manual/Sales,Cold outreach call,0.9,False,False,"Manually added by sales after a phone call from a cold outreach list. Very interested, wants pricing call."
100235065,Adaeze,Bakker,Adaeze Bakker,first_last,Head of Growth,Wong Legal Trading Co,wong,adaeze.b@wonglegal.biz,+491745579723,Germany,Closed Won,,Other Campaigns,Noah Bennett,2026-03-02T00:00:00Z,2026-05-18T00:00:00Z,,Other,General info@ inbox,0.3,True,False,"Other - reached out via our general info@ inbox. Great fit, prioritizing."
100235066,Camille,Aina,Camille Aina,first_last,VP Sales,Costa Trading,costa,camillea@costatrading.com.au,+917992091522,India,Opportunity,Lead,,Marcus Wong,2026-05-25T00:00:00Z,,,LinkedIn,LinkedIn DM,0.9,False,False,Linkedin dm inbound asking about pricing. Not interested for now.
100235067,Kwame,Colombo,Kwame Colombo,first_last,Founder,Athens Retail Trading,athens,kwame.c@athensretail.sg,+639142815965,Philippines,Closed Lost,Marketing Qualified Lead,Other Campaigns,Hana Kobayashi,2026-04-09T00:00:00Z,2026-04-09T00:00:00Z,,Manual/Sales,Inbound phone call,0.9,False,False,Manual - added after inbound phone call. Qualifying now.
100235068,Ahmed,Singh,Ahmed Singh,first_last,Finance Manager,Zahra Pte Ltd,zahra,ahmed.singh@zahra.com.au,+821070036715,South Korea,Closed Won,Other,,Elena Popescu,2025-09-14T00:00:00Z,,,Website,Book a Demo page — Google Ads,0.85,False,False,Booked a demo via the book-a-demo page after clicking a google ad. No response yet.
100235069,Laura,Agyemang,Laura Agyemang,first_last,Marketing Director,Saigon Partners,saigon,laura.agyemang@saigon.co,+212694648275,Morocco,Qualified,Sales Qualified Lead,,Priya Nair,2026-04-29T00:00:00Z,2026-05-19T00:00:00Z,,Website,Book a Demo page — Google Ads,0.85,False,False,Booked a demo via the book-a-demo page after clicking a google ad. No response yet.
100235070,Freya,Park,Freya Park,first_last,,Teo Consulting Ltd,teo,f.park@teoconsulting.net,+31653441778,Netherlands,Connected,Customer,,Noah Bennett,2025-12-25T00:00:00Z,2026-01-17T00:00:00Z,,Manual/Sales,Cold outreach call,0.9,False,False,"Manually added by sales after a phone call from a cold outreach list. Connected, sending proposal."
100235071,Ji-woo,Park,Ji-woo Park,first_last,Founder,Sayed Trading & Co,sayed,ji-woo.p@sayedtrading.com.au,+923009660803,Pakistan,Closed Won,Marketing Qualified Lead,Organic Search,Elena Popescu,2026-05-14T00:00:00Z,2026-06-12T00:00:00Z,,Organic Search,Google organic → Contact page,0.75,False,False,Found us through organic google search then landed on the contact page. No response yet.
100235072,Ji-woo,Park,Ji-woo Park,full_name,Founder,Sayed Trading & Digital,sayed,ji-woop@sayedtrading.com.au,+923009660803,Pakistan,Closed Won,Marketing Qualified Lead,Organic Search,Elena Popescu,2026-05-14T00:00:00Z,,,Organic Search,Google organic → Contact page,0.75,False,True,Found us through organic google search then landed on the contact page. No response yet. possible duplicate — verify before contacting.
100235073,Freya,Schulz,Freya Schulz,first_last,,Li Consulting Pte. Ltd.,li,f.schulz@liconsulting.io,+491541488919,Germany,Connected,,Other Campaigns,Diego Alvarez,2026-06-09T00:00:00Z,2026-06-09T00:00:00Z,,Other,General info@ inbox,0.3,True,False,Other - reached out via our general info@ inbox.
100235074,Elena,Wang,Elena Wang,first_last,,Sato Analytics,sato,elena.wang@sato.com.au,+525596055125,Mexico,Qualified,Lead,,Fatima Rahman,2025-11-02T00:00:00Z,,,Organic Search,Google organic → Contact page,0.75,False,False,"Found us through organic google search then landed on the contact page. Left voicemail, will retry."
100235075,Yuki,Owusu,Yuki Owusu,first_last,,Yap Ventures Solutions,yap,y.owusu@yapventures.biz,+491783431212,Germany,Connected,Opportunity,Other Campaigns,Grace Osei,2026-02-05T00:00:00Z,2026-02-05T00:00:00Z,,Manual/Sales,Walk-in,0.9,False,False,Other - walked into our office without an appointment.
100235076,Siti,Muller,Siti Muller,first_last,Founder,Larsen AS & Co,larsen,siti.muller@larsenas.co,+447852320606,United Kingdom,Closed Won,Marketing Qualified Lead,Direct Traffic,Hana Kobayashi,2026-02-10T00:00:00Z,,,Website,Comparison vs HubSpot page,0.9,False,False,Filled out the form on the comparison-vs-hubspot page. Not interested for now.
100235077,Sofia,Diallo,Sofia Diallo,first_last,,Lotus Finance Analytics,lotus,sofiad@lotusfinance.net,+212698131692,Morocco,Closed Lost,Marketing Qualified Lead,Organic Search,Hana Kobayashi,2025-11-09T00:00:00Z,2025-11-09T00:00:00Z,,Organic Search,Google organic → Comparison vs HubSpot page,0.75,False,False,Googled us and ended up on the comparison-vs-hubspot page before booking a demo.
100235078,Carlos,Zhao,Carlos Zhao,first_last,,Koh & Sons Labs,koh,carlosz@kohsons.net,+31642542382,Netherlands,Qualified,Sales Qualified Lead,Organic Search,Wei Chen,2026-03-21T00:00:00Z,,,Organic Search,Google organic → Pricing page,0.75,False,False,Found us through organic google search then landed on the pricing page. Not interested for now.
100235079,George,Kumar,George Kumar,first_last,,Sharma Enterprises Trading Co,sharma,george.k@sharmaenterprises.net,+2348023294328,Nigeria,Contacted,,Offline Sources,Diego Alvarez,2026-01-26T00:00:00Z,2026-05-03T00:00:00Z,,Event,SaaStr Annual — Booth QR Code,0.9,False,False,"He scanned our QR code at the SaaStr Annual booth. Connected, sending proposal."
100235080,Elin,Osei,Elin Osei,first_last,Finance Manager,Acme Inc.,acme,elino@acme.net,+40747830492,Romania,Closed Lost,Opportunity,Referrals,Elena Popescu,2026-01-10T00:00:00Z,,,Referral,Referred by Haruto Danso,0.9,False,False,"Referred by Haruto Danso, warm intro. Not interested for now."
100235081,Ravi,Schmidt,Ravi Schmidt,first_last,Finance Manager,Chen Digital Inc.,chen,ravi.schmidt@chendigital.com.au,+923403849886,Pakistan,Opportunity,Opportunity,,Grace Osei,2026-04-28T00:00:00Z,2026-04-28T00:00:00Z,36,Organic Search,Google organic → Contact page,0.75,False,False,Found us through organic google search then landed on the contact page.
100235082,Aiko,Pereira,Aiko Pereira,first_last,Founder,Athens Retail Co,athens,aiko.p@athensretail.co,+918820896169,India,Closed Lost,,,Hana Kobayashi,2025-09-28T00:00:00Z,2025-10-25T00:00:00Z,,Organic Search,Google organic → Pricing page,0.75,False,False,Googled us and ended up on the pricing page before booking a demo.
100235083,Sarah,Bakker,Sarah Bakker,first_last,,Kowalski Co.,kowalski,sarahb@kowalski.net,+923209535203,Pakistan,Closed Won,Sales Qualified Lead,Social Media,Elena Popescu,2025-12-18T00:00:00Z,2025-12-19T00:00:00Z,,LinkedIn,from Original Source: Social Media,0.55,True,False,"Saw our post about replacing hubspot and commented. Very interested, wants pricing call."
100235084,Hassan,Boateng,Hassan Boateng,first_last,,Ho Bros Ltd,ho,hassan.b@hobros.sg,+212690448694,Morocco,New,Sales Qualified Lead,Other Campaigns,Priya Nair,2026-04-20T00:00:00Z,2026-06-05T00:00:00Z,,Manual/Sales,Walk-in,0.9,False,False,"Other - walked into our office without an appointment. Left voicemail, will retry."
100235085,Femi,Lau,Femi Lau,first_last,,Orchid Co.,orchid,femi.l@orchid.io,+40756762870,Romania,Closed Lost,Marketing Qualified Lead,Other Campaigns,Marcus Wong,2026-01-31T00:00:00Z,2026-05-21T00:00:00Z,,Manual/Sales,Inbound phone call,0.9,False,False,Manual - added after inbound phone call. No response yet.
100235086,Diego,Ferrari,Diego Ferrari,first_last,Head of Growth,Han Imports Ltd,han,diegof@hanimports.com,+212696389297,Morocco,Closed Lost,Marketing Qualified Lead,Offline Sources,Hana Kobayashi,2026-05-28T00:00:00Z,2026-06-13T00:00:00Z,,Event,Dubai FinTech Week — Booth QR Code,0.9,False,False,Scanned the QR code at our Dubai FinTech Week booth. Not interested for now.
100235087,D.,Ferrari,D. Ferrari,full_name,Head of Growth,Han Imports Inc.,han,diegoferrari@hanimports.com,+212696389297,Morocco,Closed Lost,Marketing Qualified Lead,Offline Sources,Hana Kobayashi,2026-05-28T00:00:00Z,,,Event,Dubai FinTech Week — Booth QR Code,0.9,False,False,Scanned the QR code at our Dubai FinTech Week booth. Not interested for now.
100235088,Layla,Muller,Layla Muller,first_last,Marketing Director,Nimbus Trading Co,nimbus,laylam@nimbus.biz,+4529689567,Denmark,Opportunity,,Direct Traffic,Diego Alvarez,2026-02-22T00:00:00Z,,,Website,Blog — lead scoring,0.9,False,False,Filled out the form on the blog post on lead scoring.
100235089,Adaeze,Nielsen,Adaeze Nielsen,first_last,,Martinez Studio,martinez,adaeze.n@martinez.co,+46701892627,Sweden,New,Marketing Qualified Lead,,Marcus Wong,2025-09-09T00:00:00Z,2025-12-14T00:00:00Z,,Website,Blog — lead scoring,0.9,False,False,Filled out the form on the blog post on lead scoring.
100235090,A.,Nielsen,A. Nielsen,full_name,,Martinez Inc.,martinez,adaezenielsen@martinez.co,+46701892627,Sweden,New,Marketing Qualified Lead,,Marcus Wong,2025-09-09T00:00:00Z,,,Website,Blog — lead scoring,0.9,False,False,Filled out the form on the blog post on lead scoring.
100235091,Erik,Becker,Erik Becker,first_last,,Toure Consulting Analytics,toure,erikb@toureconsulting.com.au,+639725098964,Philippines,Opportunity,Customer,,Elena Popescu,2026-05-08T00:00:00Z,2026-05-11T00:00:00Z,,LinkedIn,LinkedIn DM,0.9,False,False,"Linkedin dm inbound asking about pricing. Great fit, prioritizing."
100235092,Mateo,Larsen,Mateo Larsen,first_last,,Kowalski & Co,kowalski,m.larsen@kowalski.com.au,+393987168675,Italy,Contacted,Sales Qualified Lead,Direct Traffic,Noah Bennett,2026-04-02T00:00:00Z,2026-05-18T00:00:00Z,,Website,Homepage,0.9,False,False,"Filled out the form on the homepage. Connected, sending proposal."
100235093,Camille,Bakar,Camille Bakar,first_last,Finance Manager,Silva & Co,silva,c.bakar@silva.co,+923801536367,Pakistan,Closed Won,Lead,,Grace Osei,2026-04-09T00:00:00Z,2026-04-09T00:00:00Z,,Organic Search,Google organic → Blog — lead scoring,0.75,False,False,Googled us and ended up on the blog post on lead scoring before booking a demo. No response yet.
100235094,Camille,Bakar,Camille Bakar,full_name,Finance Manager,Silva & Solutions,silva,camillebakar@silva.co,+923801536367,Pakistan,Closed Won,Lead,,Grace Osei,2026-04-09T00:00:00Z,2026-04-09T00:00:00Z,,Organic Search,Google organic → Blog — lead scoring,0.75,False,False,Googled us and ended up on the blog post on lead scoring before booking a demo. No response yet.
100235095,Olivia,Camara,Olivia Camara,first_last,,Ho Bros Group,ho,olivia.c@hobros.biz,+5511991652626,Brazil,Contacted,Other,,Grace Osei,2026-02-19T00:00:00Z,2026-03-06T00:00:00Z,,Website,Product tour page,0.9,False,False,Filled out the form on the product tour page.
100235096,Catarina,Hoffmann,Catarina Hoffmann,first_last,Finance Manager,Mensah Trading Inc.,mensah,catarina.h@mensahtrading.net,+306975699456,Greece,Closed Won,Other,Other Campaigns,Grace Osei,2025-09-16T00:00:00Z,2025-09-21T00:00:00Z,,Manual/Sales,Cold outreach call,0.9,False,False,Manually added by sales after a phone call from a cold outreach list. No response yet.
100235097,Beatriz,Reddy,Beatriz Reddy,first_last,,Lotus Finance Freight,lotus,beatrizr@lotusfinance.biz,+4525114577,Denmark,Opportunity,Marketing Qualified Lead,Other Campaigns,Noah Bennett,2026-04-17T00:00:00Z,2026-06-12T00:00:00Z,62,Manual/Sales,Inbound phone call,0.9,False,False,"Manual - added after inbound phone call. Connected, sending proposal."
100235098,Xiu Ying,Ng,Xiu Ying Ng,first_last,Founder,Orchid Partners,orchid,xiuyingn@orchid.com.au,+447855861800,United Kingdom,Qualified,Customer,Referrals,Marcus Wong,2025-10-01T00:00:00Z,2026-02-10T00:00:00Z,,Referral,Referred by Ahmed Bakker,0.9,False,False,"Referred by Ahmed Bakker, warm intro."
100235099,Miguel,Seo,Miguel Seo,first_last,,Kowalski Group,kowalski,m.seo@kowalski.biz,+48633855353,Poland,New,Sales Qualified Lead,,Rohan Mehta,2025-12-08T00:00:00Z,2026-03-10T00:00:00Z,,LinkedIn,LinkedIn post engagement,0.9,False,False,"Connected on LinkedIn after commenting on our post. Very interested, wants pricing call."
100235100,Aiko,Sorensen,Aiko Sorensen,first_last,Founder,Wang Manufacturing Digital,wang,aiko.s@wangmanufacturing.biz,+306932479286,Greece,Contacted,Opportunity,Direct Traffic,Hana Kobayashi,2025-11-06T00:00:00Z,2026-03-17T00:00:00Z,40,Website,Book a Demo page,0.9,False,False,Filled out the form on the book-a-demo page. Not interested for now.
100235101,Priya,Zahra,Priya Zahra,first_last,Founder,Popescu Consulting,popescu,priyaz@popescu.co,+2348019103340,Nigeria,Contacted,,Direct Traffic,Elena Popescu,2026-04-04T00:00:00Z,2026-04-04T00:00:00Z,90,Website,Comparison vs HubSpot page,0.9,False,False,Filled out the form on the comparison-vs-hubspot page.
100235102,Anna,Williams,Anna Williams,first_last,,Sim Robotics Digital,sim,anna.w@simrobotics.net,+971529876328,UAE,New,,,Elena Popescu,2026-03-29T00:00:00Z,,,Organic Search,Google organic → Pricing page,0.75,False,False,Googled us and ended up on the pricing page before booking a demo.
100235103,Bruno,Sato,Bruno Sato,first_last,Marketing Director,Santos Ltda Ventures,santos ltda,bruno.s@santosltda.io,+5511913052970,Brazil,Closed Lost,Customer,,Wei Chen,2025-09-10T00:00:00Z,2025-12-24T00:00:00Z,22,Organic Search,Google organic → Product tour page,0.75,False,False,"Found us through organic google search then landed on the product tour page. Very interested, wants pricing call."
100235104,Vikram,Johnson,Vikram Johnson,first_last,Operations Lead,Koh & Sons Robotics,koh,v.johnson@kohsons.com,+46705179631,Sweden,New,Customer,,Grace Osei,2025-12-02T00:00:00Z,,,Event,APAC Logistics Summit — Booth QR Code,0.9,False,False,"Met her at the APAC Logistics Summit booth, scanned our QR code."
100235105,Pedro,Petersen,Pedro Petersen,first_last,Marketing Director,Williams Inc,williams,pedro.petersen@williams.co,+4527806218,Denmark,Qualified,Lead,Organic Search,Noah Bennett,2025-12-29T00:00:00Z,2026-01-02T00:00:00Z,,Organic Search,Google organic → Book a Demo page,0.75,False,False,"Found us through organic google search then landed on the book-a-demo page. Connected, sending proposal."
100235106,Zainab,Colombo,Zainab Colombo,first_last,VP Sales,Nimbus Digital,nimbus,zainabc@nimbus.net,+8801300163098,Bangladesh,Qualified,Sales Qualified Lead,Other Campaigns,Elena Popescu,2026-01-07T00:00:00Z,2026-04-14T00:00:00Z,,Manual/Sales,Walk-in,0.9,False,False,Other - walked into our office without an appointment. Qualifying now.
100235107,Erik,Jung,Erik Jung,first_last,Founder,Yoon Retail Holdings,yoon,erikj@yoonretail.biz,+33667444194,France,Connected,Sales Qualified Lead,Offline Sources,Fatima Rahman,2026-04-24T00:00:00Z,2026-05-15T00:00:00Z,21,Event,Web Summit 2026 — Booth QR Code,0.9,False,False,He scanned our QR code at the Web Summit 2026 booth. Qualifying now.
100235108,Benjamin,Martins,Benjamin Martins,first_last,,GreenLeaf Freight,greenleaf,benjamin.martins@greenleaf.sg,+34658947715,Spain,Connected,Opportunity,Paid Search,Wei Chen,2025-09-05T00:00:00Z,,,Website,Book a Demo page — Google Ads,0.85,False,False,Booked a demo via the book-a-demo page after clicking a google ad. Not interested for now.
100235109,Mia,Seo,Mia Seo,first_last,Marketing Director,Lindqvist AB Consulting,lindqvist,mias@lindqvistab.com,+2348041074212,Nigeria,Closed Won,Other,Social Media,Noah Bennett,2025-10-27T00:00:00Z,2026-03-21T00:00:00Z,,LinkedIn,LinkedIn post engagement,0.9,False,False,Connected on LinkedIn after commenting on our post. Qualifying now.
100235110,Mateo,Ocampo,Mateo Ocampo,first_last,,Adeyemi Logistics Freight Solutions,adeyemi,mateoo@adeyemilogistics.biz,+212610649296,Morocco,Closed Lost,Lead,,Grace Osei,2026-04-10T00:00:00Z,,,Organic Search,Google organic → Product tour page,0.75,False,False,"Googled us and ended up on the product tour page before booking a demo. Great fit, prioritizing."
100235111,Nur,Han,Nur Han,first_last,Founder,Lindqvist AB Trading Co,lindqvist,n.han@lindqvistab.com,+85264376092,Hong Kong,New,Other,Referrals,Marcus Wong,2025-09-15T00:00:00Z,2025-09-27T00:00:00Z,,Referral,Referred by So-young Yang,0.9,False,False,"Referred by So-young Yang, warm intro."
100235112,Nils,Bakker,Nils Bakker,first_last,Operations Lead,Delta Pte. Ltd.,delta,nils.b@delta.com,+4521261766,Denmark,New,Sales Qualified Lead,,Elena Popescu,2026-04-10T00:00:00Z,,,Manual/Sales,Cold outreach call,0.9,False,False,"Manually added by sales after a phone call from a cold outreach list. Very interested, wants pricing call."
100235113,Omar,Agyemang,Omar Agyemang,first_last,Operations Lead,Li Consulting Freight,li,omar.agyemang@liconsulting.net,+212676528534,Morocco,New,Lead,,Priya Nair,2025-10-05T00:00:00Z,,,Website,Homepage,0.9,False,False,Filled out the form on the homepage. No response yet.
100235114,Yasmin,Kapoor,Yasmin Kapoor,first_last,VP Sales,Choi Logistics Partners,choi,y.kapoor@choilogistics.net,+918538550458,India,Opportunity,Sales Qualified Lead,Referrals,Diego Alvarez,2026-03-08T00:00:00Z,2026-05-13T00:00:00Z,,Referral,Referred by Sarah Patel,0.9,False,False,"Referred by Sarah Patel, warm intro. Great fit, prioritizing."
100235115,Sigrid,Appiah,Sigrid Appiah,first_last,Founder,Toure Consulting Labs,toure,sigrida@toureconsulting.co,+306962662717,Greece,Qualified,,Referrals,Priya Nair,2026-05-12T00:00:00Z,,,Referral,Referred by Chloe Bruno,0.9,False,False,"Referred by Chloe Bruno, warm intro. Left voicemail, will retry."
100235116,Linh,Toure,Linh Toure,first_last,,GreenLeaf Inc,greenleaf,linht@greenleaf.io,+971537466896,UAE,New,Lead,,Fatima Rahman,2025-12-11T00:00:00Z,2026-02-05T00:00:00Z,,Website,Homepage,0.9,False,False,"Filled out the form on the homepage. Great fit, prioritizing."
100235117,Ethan,Joshi,Ethan Joshi,first_last,VP Sales,Cruz & Partners Consulting,cruz,ethanj@cruzpartners.net,+8801839937836,Bangladesh,Opportunity,Opportunity,Other Campaigns,Marcus Wong,2025-10-31T00:00:00Z,,,Manual/Sales,Walk-in,0.9,False,False,"Other - walked into our office without an appointment. Left voicemail, will retry."
100235118,Ines,Reddy,Ines Reddy,first_last,Operations Lead,Mensah Trading Holdings,mensah,ines.reddy@mensahtrading.io,+491773121622,Germany,Closed Won,Customer,Direct Traffic,Elena Popescu,2026-05-09T00:00:00Z,2026-05-14T00:00:00Z,,Website,Book a Demo page,0.9,False,False,"Filled out the form on the book-a-demo page. Great fit, prioritizing."
100235119,Antoine,Hansen,Antoine Hansen,first_last,,Malik Trading,malik,antoine.hansen@malik.biz,+61438307562,Australia,Closed Won,Marketing Qualified Lead,Referrals,Noah Bennett,2025-12-21T00:00:00Z,2026-03-27T00:00:00Z,,Referral,Referred by Amina Huang,0.9,False,False,"Referred by Amina Huang, warm intro."
100235120,Camille,Owusu,Camille Owusu,first_last,,Malik Pte Ltd,malik,camille.o@malik.io,+14715550182,United States,New,Sales Qualified Lead,Referrals,Marcus Wong,2026-01-29T00:00:00Z,2026-06-09T00:00:00Z,24,Referral,Referred by Natasha Sharma,0.9,False,False,"Referred by Natasha Sharma, warm intro."
100235121,Elena,Alves,Elena Alves,first_last,,Rossi SRL Pte Ltd,rossi,elenaa@rossisrl.net,+31666797616,Netherlands,Qualified,,Other Campaigns,Elena Popescu,2025-09-07T00:00:00Z,2026-05-27T00:00:00Z,,Manual/Sales,Walk-in,0.9,False,False,"Other - walked into our office without an appointment. Very interested, wants pricing call."
100235122,Ji-woo,Chua,Ji-woo Chua,first_last,Operations Lead,Kilat Retail Freight Solutions,kilat,j.chua@kilatretail.sg,+971579731493,UAE,Connected,Marketing Qualified Lead,Offline Sources,Elena Popescu,2025-11-05T00:00:00Z,,,Event,Retail Asia Expo — Booth QR Code,0.9,False,False,"Scanned the QR code at our Retail Asia Expo booth. Very interested, wants pricing call."
100235123,Priya,Appiah,Priya Appiah,first_last,,Park Biotech Studio,park,priya.a@parkbiotech.com.au,+48552500165,Poland,Opportunity,Opportunity,Referrals,Fatima Rahman,2026-05-02T00:00:00Z,,,Referral,Referred by Ingrid Mehta,0.9,False,False,"Referred by Ingrid Mehta, warm intro."
100235124,Olivia,Seo,Olivia Seo,first_last,Operations Lead,Tanaka Ventures,tanaka,olivia.s@tanaka.com,+84956301180,Vietnam,Contacted,Sales Qualified Lead,,Noah Bennett,2026-03-20T00:00:00Z,2026-04-03T00:00:00Z,,Event,APAC Logistics Summit — Booth QR Code,0.9,False,False,Scanned the QR code at our APAC Logistics Summit booth.
100235125,Liam,Rasmussen,Liam Rasmussen,first_last,,Sharma Enterprises Digital,sharma,l.rasmussen@sharmaenterprises.co,+6585562048,Singapore,Closed Won,Opportunity,,Elena Popescu,2026-01-05T00:00:00Z,2026-05-30T00:00:00Z,,Website,Product tour page,0.9,False,False,Filled out the form on the product tour page. Qualifying now.
100235126,Zara,Becker,Zara Becker,first_last,Operations Lead,Al-Farsi Studio,al farsi,zara.b@al-farsi.biz,+212659943399,Morocco,Opportunity,Lead,Organic Search,Noah Bennett,2025-09-23T00:00:00Z,2025-12-12T00:00:00Z,,Organic Search,Google organic → Comparison vs HubSpot page,0.75,False,False,Found us through organic google search then landed on the comparison-vs-hubspot page. Not interested for now.
100235127,Manon,Zhang,Manon Zhang,first_last,Founder,Cruz & Partners Ltd,cruz,manon.z@cruzpartners.biz,+48587863508,Poland,Closed Won,Marketing Qualified Lead,,Noah Bennett,2025-09-20T00:00:00Z,2025-09-20T00:00:00Z,,Event,Web Summit 2026 — Booth QR Code,0.9,False,False,Scanned the QR code at our Web Summit 2026 booth. Not interested for now.
100235128,Omar,Ang,Omar Ang,first_last,VP Sales,Martinez Partners,martinez,omar.a@martinez.biz,+8801379804005,Bangladesh,Closed Won,Lead,,Diego Alvarez,2025-11-18T00:00:00Z,,,Organic Search,Google organic → Pricing page,0.75,False,False,Found us through organic google search then landed on the pricing page.
100235129,Omar,Ang,Omar Ang,first_last,VP Sales,Martinez Co.,martinez,o.ang@martinez.biz,+8801379804005,Bangladesh,Closed Won,Lead,,Diego Alvarez,2025-11-18T00:00:00Z,,,Organic Search,Google organic → Pricing page,0.75,False,True,Found us through organic google search then landed on the pricing page. possible duplicate — verify before contacting.
100235130,O.,Ang,O. Ang,full_name,VP Sales,Martinez Inc,martinez,o.ang@martinez.biz,+8801379804005,Bangladesh,Closed Won,Lead,,Diego Alvarez,2025-11-18T00:00:00Z,2026-01-02T00:00:00Z,,Organic Search,Google organic → Pricing page,0.75,False,False,Found us through organic google search then landed on the pricing page.
100235131,Hassan,Toure,Hassan Toure,first_last,Founder,Zahra Pte Ltd,zahra,hassant@zahra.sg,+6593178516,Singapore,Contacted,Lead,,Diego Alvarez,2026-03-08T00:00:00Z,,,Website,Contact page,0.9,False,False,Filled out the form on the contact page. Qualifying now.
100235132,Ama,Popescu,Ama Popescu,first_last,,Bakker Retail Group,bakker,amap@bakker.net,+233214431289,Ghana,Opportunity,Customer,Organic Search,Hana Kobayashi,2026-03-15T00:00:00Z,2026-06-17T00:00:00Z,,Organic Search,Google organic → Pricing page,0.75,False,False,Found us through organic google search then landed on the pricing page. Qualifying now.
100235133,Farid,Wang,Farid Wang,first_last,Finance Manager,Ferrari Consulting Studio,ferrari,faridw@ferrariconsulting.sg,+821055566202,South Korea,Closed Lost,,Referrals,Priya Nair,2026-05-25T00:00:00Z,2026-06-07T00:00:00Z,,Referral,Referred by Vikram Aina,0.9,False,False,"Referred by Vikram Aina, warm intro. No response yet."
100235134,Min-jun,Sim,Min-jun Sim,first_last,,BluePeak Pte Ltd,bluepeak,min-jun.s@bluepeak.com,+6283418533318,Indonesia,Contacted,Marketing Qualified Lead,Other Campaigns,Marcus Wong,2025-11-28T00:00:00Z,2026-06-19T00:00:00Z,,Manual/Sales,Walk-in,0.9,False,False,"Other - walked into our office without an appointment. Great fit, prioritizing."
100235135,Liam,Sun,Liam Sun,first_last,Marketing Director,Muller GmbH Solutions,muller,liams@mullergmbh.com,+40768271582,Romania,Qualified,Opportunity,Offline Sources,Rohan Mehta,2026-04-10T00:00:00Z,2026-06-10T00:00:00Z,,Event,APAC Logistics Summit — Booth QR Code,0.9,False,False,"Scanned the QR code at our APAC Logistics Summit booth. Connected, sending proposal."
100235136,Marco,Kim,Marco Kim,first_last,Operations Lead,Ho Bros Co.,ho,marco.kim@hobros.com,+5511971319051,Brazil,Qualified,Opportunity,Referrals,Noah Bennett,2026-03-11T00:00:00Z,2026-04-19T00:00:00Z,,Referral,Referred by Linh Meyer,0.9,False,False,"Referred by Linh Meyer, warm intro."
100235137,Bashir,Patel,Bashir Patel,first_last,,Li Consulting Trading Co,li,b.patel@liconsulting.biz,+447944136183,United Kingdom,Closed Won,Sales Qualified Lead,Other Campaigns,Priya Nair,2025-11-15T00:00:00Z,2026-03-11T00:00:00Z,,Manual/Sales,Walk-in,0.9,False,False,"Other - walked into our office without an appointment. Connected, sending proposal."
100235138,Natasha,Pereira,Natasha Pereira,first_last,,Rossi SRL Trading Co,rossi,natasha.p@rossisrl.io,+33698487478,France,Closed Lost,Opportunity,Offline Sources,Elena Popescu,2026-02-05T00:00:00Z,,,Event,Mobile World Congress — Booth QR Code,0.9,False,False,"Scanned the QR code at our Mobile World Congress booth. Connected, sending proposal."
100235139,Natasha,Pereira,Natasha Pereira,first_last,,Rossi SRL Trading Partners,rossi,natashapereira@rossisrl.io,+33698487478,France,Closed Lost,Opportunity,Offline Sources,Elena Popescu,2026-02-05T00:00:00Z,,,Event,Mobile World Congress — Booth QR Code,0.9,False,False,"Scanned the QR code at our Mobile World Congress booth. Connected, sending proposal."
100235140,Ava,Ong,Ava Ong,first_last,,Foster Analytics,foster,a.ong@foster.io,+33662669089,France,New,,Offline Sources,Wei Chen,2025-10-11T00:00:00Z,,,Event,Money20/20 Asia — Booth QR Code,0.9,False,False,Scanned the QR code at our Money20/20 Asia booth. Qualifying now.
100235141,Priscilla,Kang,Priscilla Kang,first_last,Operations Lead,Ang Analytics Pte Ltd,ang,priscillak@anganalytics.sg,+2348088756521,Nigeria,Opportunity,Opportunity,Other Campaigns,Grace Osei,2026-03-09T00:00:00Z,2026-04-21T00:00:00Z,,Manual/Sales,Walk-in,0.9,False,False,Other - walked into our office without an appointment. No response yet.
100235142,Elena,Aina,Elena Aina,first_last,Founder,Kang Holdings Ventures,kang,e.aina@kangholdings.co,+351947338785,Portugal,Opportunity,Opportunity,,Fatima Rahman,2025-09-02T00:00:00Z,2026-02-13T00:00:00Z,,Event,Retail Asia Expo — Booth QR Code,0.9,False,False,"Met her at the Retail Asia Expo booth, scanned our QR code. No response yet."
100235143,Omar,Diop,Omar Diop,first_last,,Martinez Co.,martinez,o.diop@martinez.biz,+525592671520,Mexico,Contacted,Opportunity,Other Campaigns,Marcus Wong,2026-02-02T00:00:00Z,2026-06-01T00:00:00Z,,Event,Dubai FinTech Week — Booth,0.9,False,False,"Met at the booth during Dubai FinTech Week, said they'd follow up over email. Great fit, prioritizing."
100235144,Kwame,Gupta,Kwame Gupta,first_last,VP Sales,Lau & Co,lau,kwame.g@lau.biz,+817497579060,Japan,New,,,Grace Osei,2025-12-24T00:00:00Z,,,Event,Retail Asia Expo — Booth QR Code,0.9,False,False,"Scanned the QR code at our Retail Asia Expo booth. Very interested, wants pricing call."
100235145,Valentina,Papadopoulos,Valentina Papadopoulos,first_last,,Park Biotech Inc.,park,valentinap@parkbiotech.net,+48647854101,Poland,Connected,Lead,Other Campaigns,Elena Popescu,2026-06-02T00:00:00Z,2026-06-14T00:00:00Z,,Other,General info@ inbox,0.3,True,False,Other - reached out via our general info@ inbox. No response yet.
100235146,Camille,Ricci,Camille Ricci,first_last,Finance Manager,Ho Bros Group,ho,camille.ricci@hobros.io,+4524749825,Denmark,Connected,,,Elena Popescu,2026-05-03T00:00:00Z,2026-05-16T00:00:00Z,,Other,,0.3,True,False,Saw our post about replacing hubspot and commented.
100235147,Ngozi,Iyer,Ngozi Iyer,first_last,VP Sales,Lindqvist AB Freight,lindqvist,n.iyer@lindqvistab.net,+60195016528,Malaysia,Qualified,Other,,Hana Kobayashi,2026-02-26T00:00:00Z,2026-04-17T00:00:00Z,,Event,TechCrunch Disrupt — Booth QR Code,0.9,False,False,"Scanned the QR code at our TechCrunch Disrupt booth. Left voicemail, will retry."
100235148,Elena,Bianchi,Elena Bianchi,first_last,Finance Manager,Huang Analytics Group,huang,e.bianchi@huanganalytics.io,+61435852766,Australia,New,Sales Qualified Lead,Offline Sources,Elena Popescu,2025-10-23T00:00:00Z,2026-05-30T00:00:00Z,,Event,APAC Logistics Summit — Booth,0.9,False,False,"Met at the booth during APAC Logistics Summit, said they'd follow up over email."
100235149,Grace,Zahra,Grace Zahra,first_last,,Wong Legal Solutions,wong,g.zahra@wonglegal.co,+48698808914,Poland,Closed Lost,Other,,Marcus Wong,2026-04-26T00:00:00Z,,,Website,Book a Demo page — Google Ads,0.85,False,False,Booked a demo via the book-a-demo page after clicking a google ad. No response yet.
100235150,Anjali,Al-Farsi,Anjali Al-Farsi,first_last,,Owusu Freight Co,owusu,anjali.a@owusufreight.sg,+79486852622,Russia,Connected,Lead,,Rohan Mehta,2025-12-04T00:00:00Z,2026-06-01T00:00:00Z,,Event,London Tech Week — Booth QR Code,0.9,False,False,He scanned our QR code at the London Tech Week booth. Not interested for now.
100235151,Layla,Tan,Layla Tan,first_last,Operations Lead,Kim Trading Holdings,kim,layla.tan@kimtrading.com,+821043783641,South Korea,New,Customer,,Diego Alvarez,2025-09-18T00:00:00Z,2025-09-18T00:00:00Z,,Event,TechCrunch Disrupt — Booth QR Code,0.9,False,False,Scanned the QR code at our TechCrunch Disrupt booth.
100235152,Francesca,Mensah,Francesca Mensah,first_last,Operations Lead,Ang Analytics Consulting,ang,f.mensah@anganalytics.com.au,+8613048841601,China,Contacted,Marketing Qualified Lead,Referrals,Diego Alvarez,2025-12-20T00:00:00Z,2026-05-23T00:00:00Z,52,Referral,Referred by Yasmin Gupta,0.9,False,False,"Referred by Yasmin Gupta, warm intro. Qualifying now."
100235153,Olivia,Koh,Olivia Koh,first_last,Head of Growth,Han Imports & Co,han,o.koh@hanimports.biz,+351957739379,Portugal,Opportunity,Marketing Qualified Lead,Social Media,Noah Bennett,2025-11-18T00:00:00Z,2026-06-07T00:00:00Z,,LinkedIn,LinkedIn post engagement,0.9,False,False,Connected on LinkedIn after commenting on our post.
100235154,Elijah,Sharma,Elijah Sharma,first_last,Head of Growth,Acme Trading,acme,elijah.s@acme.io,+8613138799625,China,Closed Lost,Sales Qualified Lead,,Elena Popescu,2026-05-09T00:00:00Z,2026-05-09T00:00:00Z,,Website,Book a Demo page — Google Ads,0.85,False,False,"Booked a demo via the book-a-demo page after clicking a google ad. Great fit, prioritizing."
100235155,Adaeze,Andersen,Adaeze Andersen,first_last,,Jung Studio & Co,jung,a.andersen@jungstudio.com,+821033377206,South Korea,Opportunity,Other,,Diego Alvarez,2025-09-28T00:00:00Z,2026-04-05T00:00:00Z,,Manual/Sales,Cold outreach call,0.9,False,False,Manually added by sales after a phone call from a cold outreach list. Not interested for now.
100235156,Rachel,Joshi,Rachel Joshi,first_last,VP Sales,Sayed Trading Holdings,sayed,rachel.joshi@sayedtrading.net,+66649322534,Thailand,Contacted,Customer,Other Campaigns,Priya Nair,2025-10-14T00:00:00Z,2026-03-04T00:00:00Z,,Manual/Sales,Walk-in,0.9,False,False,"Other - walked into our office without an appointment. Very interested, wants pricing call."
100235157,Rachel,Joshi,Rachel Joshi,full_name,VP Sales,Sayed Trading Robotics,sayed,rachel.joshi@sayedtrading.net,+66649322534,Thailand,Contacted,Customer,Other Campaigns,Priya Nair,2025-10-14T00:00:00Z,2026-03-04T00:00:00Z,,Manual/Sales,Walk-in,0.9,False,False,"Other - walked into our office without an appointment. Very interested, wants pricing call."
100235158,Rachel,Joshi,Rachel Joshi,first_last,VP Sales,Sayed Trading Co,sayed,r.joshi@sayedtrading.net,+66649322534,Thailand,Contacted,Customer,Other Campaigns,Priya Nair,2025-10-14T00:00:00Z,,,Manual/Sales,Walk-in,0.9,False,True,"Other - walked into our office without an appointment. Very interested, wants pricing call. possible duplicate — verify before contacting."
100235159,Karim,Ferreira,Karim Ferreira,first_last,Marketing Director,Toure Consulting Inc,toure,karimf@toureconsulting.co,+233243714490,Ghana,New,Other,Other Campaigns,Elena Popescu,2026-03-21T00:00:00Z,,,Manual/Sales,Walk-in,0.9,False,False,Other - walked into our office without an appointment. Not interested for now.
100235160,Femi,Diallo,Femi Diallo,first_last,,Acme Trading Co,acme,f.diallo@acme.sg,+66777293029,Thailand,Qualified,Lead,,Wei Chen,2026-01-07T00:00:00Z,,,Website,Book a Demo page — Google Ads,0.85,False,False,"Booked a demo via the book-a-demo page after clicking a google ad. Very interested, wants pricing call."
100235161,Sophia,Diallo,Sophia Diallo,first_last,Operations Lead,Acme Trading Co,acme,sophia.d@acme.sg,+393971323626,Italy,Closed Lost,Marketing Qualified Lead,Social Media,Hana Kobayashi,2026-01-15T00:00:00Z,2026-01-15T00:00:00Z,,LinkedIn,LinkedIn DM,0.9,False,False,Linkedin dm inbound asking about pricing. No response yet.
100235162,Nadia,Sato,Nadia Sato,first_last,Operations Lead,Chen Digital Holdings,chen,nadia.sato@chendigital.sg,+79713964672,Russia,New,,Other Campaigns,Noah Bennett,2026-01-05T00:00:00Z,,,Event,TechCrunch Disrupt — Booth,0.9,False,False,"Met at the booth during TechCrunch Disrupt, said they'd follow up over email. Left voicemail, will retry."
100235163,Ibrahim,Oh,Ibrahim Oh,first_last,Operations Lead,Sato Trading,sato,ibrahimo@sato.com,+85265361289,Hong Kong,Opportunity,Marketing Qualified Lead,Other Campaigns,Marcus Wong,2025-09-27T00:00:00Z,2026-03-02T00:00:00Z,,Manual/Sales,Cold outreach call,0.9,False,False,Manually added by sales after a phone call from a cold outreach list. No response yet.
100235164,Camille,Sim,Camille Sim,first_last,,Nimbus Pte. Ltd.,nimbus,camilles@nimbus.biz,+61446583386,Australia,Opportunity,Lead,,Noah Bennett,2025-12-04T00:00:00Z,2026-04-08T00:00:00Z,,Website,Book a Demo page — Google Ads,0.85,False,False,Booked a demo via the book-a-demo page after clicking a google ad.
100235165,Nadia,Sharma,Nadia Sharma,first_last,Founder,Osei Trading,osei,nadia.sharma@osei.com,+821029711672,South Korea,Opportunity,Other,,Fatima Rahman,2025-12-08T00:00:00Z,2026-01-02T00:00:00Z,,Event,London Tech Week — Booth QR Code,0.9,False,False,"He scanned our QR code at the London Tech Week booth. Connected, sending proposal."
100235166,Hui Fang,Sow,Hui Fang Sow,first_last,Marketing Director,BluePeak Freight Solutions,bluepeak,huifang.s@bluepeak.com,+6287178649581,Indonesia,Opportunity,,Other Campaigns,Priya Nair,2025-11-25T00:00:00Z,2026-05-22T00:00:00Z,44,Other,General info@ inbox,0.3,True,False,Other - reached out via our general info@ inbox.
100235167,Ama,Fischer,Ama Fischer,first_last,Head of Growth,Kang Holdings Co.,kang,ama.fischer@kangholdings.io,+8801885328387,Bangladesh,Opportunity,Other,,Priya Nair,2026-05-21T00:00:00Z,,,Manual/Sales,Inbound phone call,0.9,False,False,"Manual - added after inbound phone call. Left voicemail, will retry."
100235168,Carlos,Sun,Carlos Sun,first_last,Marketing Director,Schmidt AG Pte. Ltd.,schmidt ag,c.sun@schmidtag.biz,+61478218101,Australia,Closed Lost,Sales Qualified Lead,Direct Traffic,Elena Popescu,2026-03-08T00:00:00Z,2026-06-06T00:00:00Z,,Website,Comparison vs HubSpot page,0.9,False,False,"Filled out the form on the comparison-vs-hubspot page. Very interested, wants pricing call."
100235169,Hassan,Sun,Hassan Sun,first_last,,Schmidt AG Pte. Ltd.,schmidt ag,hassan.s@schmidtag.biz,+971534325403,UAE,Contacted,Customer,Other Campaigns,Noah Bennett,2025-11-19T00:00:00Z,2026-05-24T00:00:00Z,,Manual/Sales,Inbound phone call,0.9,False,False,Manual - added after inbound phone call. Not interested for now.
100235170,Ryan,Kapoor,Ryan Kapoor,first_last,,Saigon Co,saigon,ryan.k@saigon.net,+85252462180,Hong Kong,Qualified,Marketing Qualified Lead,Social Media,Hana Kobayashi,2026-03-26T00:00:00Z,,,LinkedIn,from Original Source: Social Media,0.55,True,False,Saw our post about replacing hubspot and commented. Qualifying now.
100235171,Noah,Kumar,Noah Kumar,first_last,VP Sales,Mensah Trading Pte Ltd,mensah,noah.kumar@mensahtrading.net,+5491165442392,Argentina,Contacted,Marketing Qualified Lead,Organic Search,Hana Kobayashi,2026-06-16T00:00:00Z,2026-06-17T00:00:00Z,,Organic Search,Google organic → Product tour page,0.75,False,False,Found us through organic google search then landed on the product tour page.
100235172,Elijah,Aina,Elijah Aina,first_last,Finance Manager,Lau Trading,lau,elijaha@lau.io,+31647007303,Netherlands,Closed Lost,Other,Organic Search,Marcus Wong,2026-05-10T00:00:00Z,,,Organic Search,Google organic → Comparison vs HubSpot page,0.75,False,False,Googled us and ended up on the comparison-vs-hubspot page before booking a demo. Qualifying now.
100235173,Zainab,Nair,Zainab Nair,first_last,Finance Manager,Weber Analytics Freight,weber,zainabn@weberanalytics.co,+34623377611,Spain,Closed Lost,Sales Qualified Lead,Other Campaigns,Diego Alvarez,2025-10-10T00:00:00Z,,,Manual/Sales,Walk-in,0.9,False,False,Other - walked into our office without an appointment.
100235174,Sarah,Wong,Sarah Wong,first_last,Operations Lead,Zahra Inc.,zahra,sarah.w@zahra.io,+34650606534,Spain,Qualified,Other,Other Campaigns,Noah Bennett,2026-02-18T00:00:00Z,,,Manual/Sales,Walk-in,0.9,False,False,"Other - walked into our office without an appointment. Very interested, wants pricing call."
100235175,Mia,Lau,Mia Lau,first_last,VP Sales,Wong Legal Pte Ltd,wong,mia.lau@wonglegal.io,+351955853188,Portugal,New,Lead,,Grace Osei,2026-03-04T00:00:00Z,,,Website,Comparison vs HubSpot page,0.9,False,False,Filled out the form on the comparison-vs-hubspot page.
100235176,Kofi,Aina,Kofi Aina,first_last,Operations Lead,Huang Analytics Trading Co,huang,kofi.aina@huanganalytics.co,+8613922088812,China,Closed Won,Customer,Offline Sources,Wei Chen,2025-09-16T00:00:00Z,2025-09-16T00:00:00Z,,Event,SaaStr Annual — Booth,0.9,False,False,"Met at the booth during SaaStr Annual, said they'd follow up over email. Qualifying now."
100235177,David,Verma,David Verma,first_last,Head of Growth,Sato Pte. Ltd.,sato,david.verma@sato.biz,+923803690206,Pakistan,New,Opportunity,,Noah Bennett,2026-04-21T00:00:00Z,2026-06-13T00:00:00Z,,Organic Search,Google organic → Comparison vs HubSpot page,0.75,False,False,Found us through organic google search then landed on the comparison-vs-hubspot page.
100235178,Benjamin,Bruno,Benjamin Bruno,first_last,Head of Growth,Goh Digital Retail Group,goh,benjamin.b@gohdigital.biz,+48542155922,Poland,Connected,Other,Offline Sources,Noah Bennett,2025-12-09T00:00:00Z,,,Event,Mobile World Congress — Booth QR Code,0.9,False,False,"Scanned the QR code at our Mobile World Congress booth. Left voicemail, will retry."
100235179,Rania,Xu,Rania Xu,first_last,,Lumen Labs,lumen,rania.xu@lumen.com.au,+233201496154,Ghana,New,Sales Qualified Lead,,Priya Nair,2026-03-02T00:00:00Z,2026-04-21T00:00:00Z,,LinkedIn,LinkedIn DM,0.9,False,False,Linkedin dm inbound asking about pricing. No response yet.
100235180,Farid,Rao,Farid Rao,first_last,,Saigon Freight,saigon,farid.rao@saigon.sg,+66745333307,Thailand,Closed Won,Other,Other Campaigns,Wei Chen,2026-05-15T00:00:00Z,2026-06-17T00:00:00Z,,Other,General info@ inbox,0.3,True,False,Other - reached out via our general info@ inbox. Not interested for now.
100235181,Benjamin,Chen,Benjamin Chen,first_last,Marketing Director,Park Biotech Solutions,park,benjamin.chen@parkbiotech.com,+919511050572,India,Opportunity,,Organic Search,Marcus Wong,2026-05-14T00:00:00Z,2026-05-14T00:00:00Z,,Organic Search,Google organic → Comparison vs HubSpot page,0.75,False,False,"Found us through organic google search then landed on the comparison-vs-hubspot page. Connected, sending proposal."
100235182,Elena,Bakker,Elena Bakker,first_last,Founder,Costa Trading Solutions,costa,elenab@costatrading.com,+31675687701,Netherlands,Closed Won,Customer,,Wei Chen,2026-04-14T00:00:00Z,2026-05-24T00:00:00Z,,Website,Book a Demo page — Google Ads,0.85,False,False,"Booked a demo via the book-a-demo page after clicking a google ad. Great fit, prioritizing."
100235183,Charlotte,Bakker,Charlotte Bakker,first_last,,Costa Trading Solutions,costa,charlotte.b@costatrading.com,+15975550159,United States,Closed Lost,Lead,Direct Traffic,Grace Osei,2026-04-27T00:00:00Z,2026-05-31T00:00:00Z,,Website,Product tour page,0.9,False,False,Filled out the form on the product tour page.
100235184,Giulia,Papadopoulos,Giulia Papadopoulos,first_last,,Malik Pte. Ltd.,malik,g.papadopoulos@malik.com.au,+233227554497,Ghana,Connected,Customer,,Priya Nair,2026-03-14T00:00:00Z,,,Website,Contact page,0.9,False,False,"Filled out the form on the contact page. Left voicemail, will retry."
100235185,Natasha,Iyer,Natasha Iyer,first_last,,Schmidt AG Digital,schmidt ag,natasha.i@schmidtag.net,+525545075250,Mexico,Contacted,,,Priya Nair,2025-10-18T00:00:00Z,2026-02-04T00:00:00Z,,Website,Book a Demo page — Google Ads,0.85,False,False,Booked a demo via the book-a-demo page after clicking a google ad.
100235186,Siti,Kim,Siti Kim,first_last,,Lumen Freight,lumen,s.kim@lumen.com.au,+4525112968,Denmark,Contacted,Opportunity,Social Media,Grace Osei,2025-10-29T00:00:00Z,,,LinkedIn,from Original Source: Social Media,0.55,True,False,Saw our post about replacing hubspot and commented. Not interested for now.
100235187,Kofi,Yoon,Kofi Yoon,first_last,Operations Lead,Kowalski Co.,kowalski,kofi.yoon@kowalski.biz,+351931165947,Portugal,Connected,Customer,,Marcus Wong,2026-05-14T00:00:00Z,,,LinkedIn,LinkedIn DM,0.9,False,False,"Linkedin dm inbound asking about pricing. Great fit, prioritizing."
100235188,Abena,Singh,Abena Singh,first_last,Marketing Director,Toure Consulting Freight Solutions,toure,abena.s@toureconsulting.biz,+31626252435,Netherlands,Closed Won,,Other Campaigns,Marcus Wong,2025-10-16T00:00:00Z,2026-03-22T00:00:00Z,,Manual/Sales,Walk-in,0.9,False,False,Other - walked into our office without an appointment. Not interested for now.
100235189,Abena,Papadopoulos,Abena Papadopoulos,first_last,,Foster Solutions,foster,abenap@foster.com,+212662926010,Morocco,Connected,,Organic Search,Fatima Rahman,2026-05-18T00:00:00Z,2026-06-03T00:00:00Z,39,Organic Search,Google organic → Contact page,0.75,False,False,"Found us through organic google search then landed on the contact page. Very interested, wants pricing call."
100235190,Ngozi,Yap,Ngozi Yap,first_last,Operations Lead,Yoon Retail Trading,yoon,ngozi.yap@yoonretail.net,+79267515932,Russia,Qualified,Sales Qualified Lead,Other Campaigns,Rohan Mehta,2025-11-21T00:00:00Z,,,Manual/Sales,Cold outreach call,0.9,False,False,Manually added by sales after a phone call from a cold outreach list. Qualifying now.
100235191,Ngozi,Yap,Ngozi Yap,first_last,Operations Lead,Yoon Retail Freight,yoon,n.yap@yoonretail.net,+79267515932,Russia,Qualified,Sales Qualified Lead,Other Campaigns,Rohan Mehta,2025-11-21T00:00:00Z,,,Manual/Sales,Cold outreach call,0.9,False,False,Manually added by sales after a phone call from a cold outreach list. Qualifying now.
100235192,Yasmin,Ong,Yasmin Ong,first_last,Marketing Director,Wong Legal & Co,wong,y.ong@wonglegal.co,+5491150187194,Argentina,Closed Won,Sales Qualified Lead,Offline Sources,Priya Nair,2026-01-19T00:00:00Z,2026-01-19T00:00:00Z,,Event,Singapore FinTech Festival 2026 — Booth,0.9,False,False,"Met at the booth during Singapore FinTech Festival 2026, said they'd follow up over email. Not interested for now."
100235193,Ryan,Wagner,Ryan Wagner,first_last,Finance Manager,Lumen Retail Group,lumen,r.wagner@lumen.com,+306974218387,Greece,Closed Won,Marketing Qualified Lead,Offline Sources,Wei Chen,2026-01-31T00:00:00Z,2026-01-31T00:00:00Z,,Event,Mobile World Congress — Booth,0.9,False,False,"Met at the booth during Mobile World Congress, said they'd follow up over email. No response yet."
100235194,R.,Wagner,R. Wagner,full_name,Finance Manager,Lumen Retail Partners,lumen,r.wagner@lumen.com,+306974218387,Greece,Closed Won,Marketing Qualified Lead,Offline Sources,Wei Chen,2026-01-31T00:00:00Z,,,Event,Mobile World Congress — Booth,0.9,False,False,"Met at the booth during Mobile World Congress, said they'd follow up over email. No response yet."
100235195,Kevin,Adjei,Kevin Adjei,first_last,,Sharma Enterprises Retail Group,sharma,kevin.a@sharmaenterprises.co,+2348076247552,Nigeria,Contacted,Sales Qualified Lead,,Wei Chen,2025-12-11T00:00:00Z,2026-06-12T00:00:00Z,,Organic Search,Google organic → Contact page,0.75,False,False,Found us through organic google search then landed on the contact page.
100235196,Ahmed,Ba,Ahmed Ba,first_last,,Weber Analytics Ltd,weber,a.ba@weberanalytics.sg,+639753597714,Philippines,Connected,Customer,Offline Sources,Rohan Mehta,2026-02-28T00:00:00Z,,67,Event,Retail Asia Expo — Booth,0.9,False,False,"Spoke with them at our Retail Asia Expo booth, no QR scan logged. No response yet."
100235197,Min-jun,Seo,Min-jun Seo,first_last,,Park Biotech Trading,park,m.seo@parkbiotech.co,+525545622686,Mexico,Opportunity,Sales Qualified Lead,,Elena Popescu,2025-10-09T00:00:00Z,,,LinkedIn,LinkedIn DM,0.9,False,False,Linkedin dm inbound asking about pricing. No response yet.
100235198,Kwame,Wang,Kwame Wang,first_last,Finance Manager,Choi Logistics Group,choi,kwame.wang@choilogistics.com,+212646266114,Morocco,Opportunity,Customer,,Priya Nair,2026-02-20T00:00:00Z,2026-02-28T00:00:00Z,,LinkedIn,LinkedIn DM,0.9,False,False,"Linkedin dm inbound asking about pricing. Connected, sending proposal."
100235199,Fatima,Ba,Fatima Ba,first_last,Head of Growth,Larsen AS Inc,larsen,f.ba@larsenas.com,+84902422722,Vietnam,Connected,,Other Campaigns,Noah Bennett,2025-12-25T00:00:00Z,2026-02-11T00:00:00Z,,Manual/Sales,Inbound phone call,0.9,False,False,Manual - added after inbound phone call.
100235200,Elena,Marino,Elena Marino,first_last,Head of Growth,Sato Holdings,sato,e.marino@sato.net,+306987843004,Greece,Opportunity,Customer,Organic Search,Fatima Rahman,2026-05-03T00:00:00Z,2026-05-20T00:00:00Z,,Organic Search,Google organic → Product tour page,0.75,False,False,"Found us through organic google search then landed on the product tour page. Connected, sending proposal."
100235201,Elena,Marino,Elena Marino,first_last,Head of Growth,Sato Co.,sato,elena.marino@sato.net,+306987843004,Greece,Opportunity,Customer,Organic Search,Fatima Rahman,2026-05-03T00:00:00Z,2026-05-20T00:00:00Z,,Organic Search,Google organic → Product tour page,0.75,False,True,"Found us through organic google search then landed on the product tour page. Connected, sending proposal. possible duplicate — verify before contacting."
100235202,Sven,Chen,Sven Chen,first_last,,Toure Consulting Inc,toure,s.chen@toureconsulting.io,+351945639412,Portugal,Contacted,,,Noah Bennett,2025-12-06T00:00:00Z,,,Other,,0.3,True,False,Saw our post about replacing hubspot and commented. Qualifying now.
100235203,Sven,Chen,Sven Chen,first_last,,Toure Consulting Solutions,toure,svenc@toureconsulting.io,+351945639412,Portugal,Contacted,,,Noah Bennett,2025-12-06T00:00:00Z,2025-12-06T00:00:00Z,,Other,,0.3,True,False,Saw our post about replacing hubspot and commented. Qualifying now.
100235204,Abena,Schulz,Abena Schulz,first_last,,Ivanova Co.,ivanova,a.schulz@ivanova.sg,+491669281506,Germany,Opportunity,Opportunity,,Marcus Wong,2025-09-26T00:00:00Z,2025-11-21T00:00:00Z,,Organic Search,Google organic → Pricing page,0.75,False,False,"Found us through organic google search then landed on the pricing page. Left voicemail, will retry."
100235205,Antoine,Choi,Antoine Choi,first_last,Finance Manager,Koh & Sons Co.,koh,antoinec@kohsons.co,+31610502544,Netherlands,Contacted,Customer,Organic Search,Elena Popescu,2026-05-03T00:00:00Z,,,Organic Search,Google organic → Case study page,0.75,False,False,Found us through organic google search then landed on the case study page.
100235206,Siti,Diallo,Siti Diallo,first_last,,Costa Trading Labs,costa,siti.d@costatrading.com,+447941214699,United Kingdom,New,,Direct Traffic,Priya Nair,2026-06-18T00:00:00Z,2026-06-19T00:00:00Z,,Website,Homepage,0.9,False,False,Filled out the form on the homepage.
100235207,Ahmed,Diallo,Ahmed Diallo,first_last,,Costa Trading Labs,costa,ahmed.d@costatrading.com,+817895081339,Japan,Contacted,Opportunity,Organic Search,Fatima Rahman,2025-11-12T00:00:00Z,2025-11-19T00:00:00Z,,Organic Search,Google organic → Contact page,0.75,False,False,Googled us and ended up on the contact page before booking a demo.
100235208,Tiago,Yeo,Tiago Yeo,first_last,,Bennett Freight,bennett,tiagoy@bennett.co,+40795527382,Romania,Connected,Marketing Qualified Lead,,Priya Nair,2026-05-25T00:00:00Z,2026-06-13T00:00:00Z,,Event,Dubai FinTech Week — Booth QR Code,0.9,False,False,"He scanned our QR code at the Dubai FinTech Week booth. Connected, sending proposal."
100235209,Vikram,Ho,Vikram Ho,first_last,Head of Growth,Owusu Freight Pte Ltd,owusu,vikram.ho@owusufreight.sg,+61446945707,Australia,New,Lead,Paid Search,Hana Kobayashi,2026-02-04T00:00:00Z,2026-02-04T00:00:00Z,,Website,Book a Demo page — Google Ads,0.85,False,False,Booked a demo via the book-a-demo page after clicking a google ad.
100235210,Sophia,Rossi,Sophia Rossi,first_last,Marketing Director,Choi Logistics Ltd,choi,s.rossi@choilogistics.co,+639704635075,Philippines,Closed Won,Other,,Noah Bennett,2026-04-05T00:00:00Z,2026-04-17T00:00:00Z,,Website,Comparison vs HubSpot page,0.9,False,False,Filled out the form on the comparison-vs-hubspot page.
100235211,Meera,Greco,Meera Greco,first_last,VP Sales,Yap Ventures Trading,yap,meera.g@yapventures.net,+8613296278240,China,Closed Lost,Sales Qualified Lead,,Rohan Mehta,2026-03-03T00:00:00Z,2026-04-26T00:00:00Z,73,LinkedIn,LinkedIn DM,0.9,False,False,Linkedin dm inbound asking about pricing.
100235212,Suresh,Sato,Suresh Sato,first_last,,Verma Consulting Trading,verma,suresh.s@vermaconsulting.io,+6599269487,Singapore,Qualified,,,Priya Nair,2025-10-14T00:00:00Z,2025-10-14T00:00:00Z,,Website,Book a Demo page,0.9,False,False,Filled out the form on the book-a-demo page. Qualifying now.
100235213,Rui,Johnson,Rui Johnson,first_last,VP Sales,Park Biotech Solutions,park,r.johnson@parkbiotech.io,+917985992344,India,Connected,Other,,Priya Nair,2026-05-07T00:00:00Z,,,Event,Singapore FinTech Festival 2026 — Booth QR Code,0.9,False,False,"Met her at the Singapore FinTech Festival 2026 booth, scanned our QR code."
100235214,Rui,Johnson,Rui Johnson,first_last,VP Sales,Park Biotech Co,park,r.johnson@parkbiotech.io,+917985992344,India,Connected,Other,,Priya Nair,2026-05-07T00:00:00Z,2026-05-19T00:00:00Z,,Event,Singapore FinTech Festival 2026 — Booth QR Code,0.9,False,False,"Met her at the Singapore FinTech Festival 2026 booth, scanned our QR code."
100235215,Rania,Lim,Rania Lim,first_last,Operations Lead,Sim Robotics Freight Solutions,sim,r.lim@simrobotics.com.au,+233273965742,Ghana,Closed Lost,Lead,Paid Search,Elena Popescu,2026-05-11T00:00:00Z,2026-05-28T00:00:00Z,,Website,Book a Demo page — Google Ads,0.85,False,False,Booked a demo via the book-a-demo page after clicking a google ad. Not interested for now.
100235216,Astrid,Cruz,Astrid Cruz,first_last,,Rossi SRL Consulting,rossi,astrid.c@rossisrl.io,+212645113055,Morocco,Opportunity,,Social Media,Rohan Mehta,2025-12-17T00:00:00Z,2026-06-15T00:00:00Z,,LinkedIn,from Original Source: Social Media,0.55,True,False,Saw our post about replacing hubspot and commented.
100235217,Chiara,Fall,Chiara Fall,first_last,,Santos Ltda Studio,santos ltda,c.fall@santosltda.biz,+5511996085247,Brazil,Contacted,Other,Social Media,Grace Osei,2026-02-26T00:00:00Z,2026-06-12T00:00:00Z,,LinkedIn,LinkedIn post engagement,0.9,False,False,Connected on LinkedIn after commenting on our post.
100235218,Zara,Diop,Zara Diop,first_last,VP Sales,Verma Consulting Trading Co,verma,zara.diop@vermaconsulting.com,+33624141966,France,Closed Won,Sales Qualified Lead,Offline Sources,Elena Popescu,2025-09-16T00:00:00Z,,,Event,Dubai FinTech Week — Booth QR Code,0.9,False,False,Scanned the QR code at our Dubai FinTech Week booth. Qualifying now.
100235219,Mateo,Lau,Mateo Lau,first_last,,Choi Logistics Retail Group,choi,mateo.lau@choilogistics.biz,+61414929243,Australia,New,Sales Qualified Lead,,Noah Bennett,2026-06-18T00:00:00Z,,,Website,Book a Demo page — Google Ads,0.85,False,False,"Booked a demo via the book-a-demo page after clicking a google ad. Left voicemail, will retry."
100235220,Mateo,Lau,Mateo Lau,first_last,,Choi Logistics Retail Trading Co,choi,mateo.lau@choilogistics.biz,+61414929243,Australia,New,Sales Qualified Lead,,Noah Bennett,2026-06-18T00:00:00Z,2026-06-18T00:00:00Z,,Website,Book a Demo page — Google Ads,0.85,False,True,"Booked a demo via the book-a-demo page after clicking a google ad. Left voicemail, will retry. possible duplicate — verify before contacting."
100235221,Salma,Kone,Salma Kone,first_last,,Huang Analytics Ltd,huang,s.kone@huanganalytics.net,+31622259755,Netherlands,Opportunity,Marketing Qualified Lead,,Rohan Mehta,2026-05-15T00:00:00Z,2026-05-18T00:00:00Z,,Referral,Referred by Yuki Larsen,0.9,False,False,"Referred by Yuki Larsen, warm intro."
100235222,Arjun,Wang,Arjun Wang,first_last,VP Sales,Teo Consulting Labs,teo,arjun.wang@teoconsulting.com.au,+34619526712,Spain,Closed Lost,Customer,Organic Search,Marcus Wong,2026-06-10T00:00:00Z,,,Organic Search,Google organic → Pricing page,0.75,False,False,Found us through organic google search then landed on the pricing page. Not interested for now.
100235223,Sophia,Rodrigues,Sophia Rodrigues,first_last,,Kang Holdings Trading,kang,sophia.rodrigues@kangholdings.biz,+233204967180,Ghana,Closed Lost,Marketing Qualified Lead,,Noah Bennett,2026-04-07T00:00:00Z,2026-04-21T00:00:00Z,,Other,,0.3,True,False,Saw our post about replacing hubspot and commented. No response yet.
100235224,Wei,Kumar,Wei Kumar,first_last,Operations Lead,Schmidt AG & Co,schmidt ag,wei.kumar@schmidtag.net,+6281730768185,Indonesia,Contacted,Sales Qualified Lead,Other Campaigns,Priya Nair,2026-02-08T00:00:00Z,2026-04-11T00:00:00Z,,Manual/Sales,Walk-in,0.9,False,False,Other - walked into our office without an appointment. Qualifying now.
100235225,Mia,Bianchi,Mia Bianchi,first_last,Founder,Sharma Enterprises Consulting,sharma,miab@sharmaenterprises.net,+447969380531,United Kingdom,Connected,Other,,Rohan Mehta,2026-05-16T00:00:00Z,2026-05-16T00:00:00Z,,Website,Book a Demo page — Google Ads,0.85,False,False,Booked a demo via the book-a-demo page after clicking a google ad. Qualifying now.
100235226,Noah,Hossain,Noah Hossain,first_last,Operations Lead,Lindqvist AB Freight Solutions,lindqvist,noah.h@lindqvistab.sg,+817091741553,Japan,Connected,Sales Qualified Lead,,Elena Popescu,2026-03-16T00:00:00Z,,,Event,Mobile World Congress — Booth QR Code,0.9,False,False,Scanned the QR code at our Mobile World Congress booth.
100235227,Jun Wei,Aina,Jun Wei Aina,first_last,Founder,Rossi SRL Robotics,rossi,junweia@rossisrl.co,+61413449843,Australia,Closed Won,Customer,,Noah Bennett,2026-04-07T00:00:00Z,2026-04-14T00:00:00Z,,Website,Contact page,0.9,False,False,"Filled out the form on the contact page. Great fit, prioritizing."
100235228,Rohan,Sharma,Rohan Sharma,first_last,,Delta & Co,delta,rohans@delta.net,+393765041632,Italy,Opportunity,Sales Qualified Lead,,Grace Osei,2026-01-16T00:00:00Z,2026-01-19T00:00:00Z,,Event,Mobile World Congress — Booth QR Code,0.9,False,False,"He scanned our QR code at the Mobile World Congress booth. Connected, sending proposal."
100235229,Natasha,Sharma,Natasha Sharma,first_last,,Weber Analytics Partners,weber,natasha.sharma@weberanalytics.co,+971523645524,UAE,Connected,,Offline Sources,Hana Kobayashi,2025-11-05T00:00:00Z,,,Event,Mobile World Congress — Booth,0.9,False,False,"Met at the booth during Mobile World Congress, said they'd follow up over email."
100235230,Hana,Bakar,Hana Bakar,first_last,Head of Growth,Chen Digital Consulting,chen,hana.bakar@chendigital.com.au,+447879214466,United Kingdom,New,Customer,Organic Search,Hana Kobayashi,2025-10-28T00:00:00Z,2025-12-27T00:00:00Z,,Organic Search,Google organic → Case study page,0.75,False,False,"Googled us and ended up on the case study page before booking a demo. Very interested, wants pricing call."
100235231,Wei Chen,Ndiaye,Wei Chen Ndiaye,first_last,,Nimbus Inc.,nimbus,weichen.ndiaye@nimbus.com.au,+8613944646129,China,Opportunity,Other,Direct Traffic,Rohan Mehta,2026-02-24T00:00:00Z,2026-04-13T00:00:00Z,,Website,Pricing page,0.9,False,False,"Filled out the form on the pricing page. Very interested, wants pricing call."
100235232,Catarina,Sato,Catarina Sato,first_last,Operations Lead,Kang Holdings Freight,kang,catarina.s@kangholdings.com.au,+4524348347,Denmark,Contacted,Sales Qualified Lead,Direct Traffic,Fatima Rahman,2026-03-05T00:00:00Z,2026-04-14T00:00:00Z,,Website,Book a Demo page,0.9,False,False,Filled out the form on the book-a-demo page. Not interested for now.
100235233,Tom,Martins,Tom Martins,first_last,,Al-Farsi Trading Co,al farsi,t.martins@al-farsi.biz,+33646535025,France,New,Opportunity,,Noah Bennett,2026-05-17T00:00:00Z,,,Referral,Referred by Sophia Sim,0.9,False,False,"Referred by Sophia Sim, warm intro."
100235234,Tom,Martins,Tom Martins,first_last,,Al-Farsi Trading Analytics,al farsi,t.martins@al-farsi.biz,+33646535025,France,New,Opportunity,,Noah Bennett,2026-05-17T00:00:00Z,2026-06-17T00:00:00Z,,Referral,Referred by Sophia Sim,0.9,False,True,"Referred by Sophia Sim, warm intro. possible duplicate — verify before contacting."
100235235,Wei Ming,Tanaka,Wei Ming Tanaka,first_last,Marketing Director,Adeyemi Logistics Pte. Ltd.,adeyemi,weimingt@adeyemilogistics.com,+971567458368,UAE,Closed Lost,,Other Campaigns,Noah Bennett,2026-01-27T00:00:00Z,2026-03-02T00:00:00Z,,Manual/Sales,Cold outreach call,0.9,False,False,Manually added by sales after a phone call from a cold outreach list.
100235236,Antoine,Frimpong,Antoine Frimpong,first_last,VP Sales,Nimbus Ventures,nimbus,antoine.f@nimbus.com.au,+31662887292,Netherlands,Connected,,Other Campaigns,Wei Chen,2025-11-13T00:00:00Z,2025-11-13T00:00:00Z,,Manual/Sales,Walk-in,0.9,False,False,"Other - walked into our office without an appointment. Very interested, wants pricing call."
100235237,Kenji,Tanaka,Kenji Tanaka,first_last,Marketing Director,Ferrari Consulting Freight,ferrari,k.tanaka@ferrariconsulting.co,+8613393343766,China,New,Customer,Offline Sources,Priya Nair,2026-06-04T00:00:00Z,2026-06-10T00:00:00Z,,Event,Singapore FinTech Festival 2026 — Booth QR Code,0.9,False,False,"Scanned the QR code at our Singapore FinTech Festival 2026 booth. Connected, sending proposal."
100235238,Kenji,Tanaka,Kenji Tanaka,first_last,Marketing Director,Ferrari Consulting Solutions,ferrari,kenjit@ferrariconsulting.co,+8613393343766,China,New,Customer,Offline Sources,Priya Nair,2026-06-04T00:00:00Z,2026-06-10T00:00:00Z,,Event,Singapore FinTech Festival 2026 — Booth QR Code,0.9,False,True,"Scanned the QR code at our Singapore FinTech Festival 2026 booth. Connected, sending proposal. possible duplicate — verify before contacting."
100235239,So-young,Sharma,So-young Sharma,first_last,Founder,Cruz & Partners Analytics,cruz,so-young.sharma@cruzpartners.com.au,+4520652276,Denmark,Connected,Marketing Qualified Lead,Organic Search,Rohan Mehta,2025-09-19T00:00:00Z,2025-09-23T00:00:00Z,,Organic Search,Google organic → Contact page,0.75,False,False,"Found us through organic google search then landed on the contact page. Connected, sending proposal."
100235240,Jonathan,Ferrari,Jonathan Ferrari,first_last,,Mekong Partners,mekong,j.ferrari@mekong.com.au,+923008015549,Pakistan,Closed Lost,Sales Qualified Lead,Referrals,Elena Popescu,2026-03-14T00:00:00Z,2026-04-13T00:00:00Z,,Referral,Referred by Chiara Gomes,0.9,False,False,"Referred by Chiara Gomes, warm intro. Connected, sending proposal."
100235241,Vikram,Hoffmann,Vikram Hoffmann,first_last,,Costa Trading Holdings,costa,vikram.h@costatrading.io,+817586146224,Japan,Closed Lost,Lead,,Grace Osei,2026-03-23T00:00:00Z,2026-05-23T00:00:00Z,,Website,Product tour page,0.9,False,False,"Filled out the form on the product tour page. Left voicemail, will retry."
100235242,Astrid,Schulz,Astrid Schulz,first_last,Marketing Director,Johnson Pte. Ltd.,johnson,astrid.s@johnson.co,+15475550181,United States,Closed Won,Lead,Direct Traffic,Diego Alvarez,2026-04-18T00:00:00Z,,,Website,Blog — lead scoring,0.9,False,False,Filled out the form on the blog post on lead scoring. Qualifying now.
100235243,Sofia,Dubois,Sofia Dubois,first_last,,Ang Analytics Consulting,ang,s.dubois@anganalytics.com.au,+8801848514739,Bangladesh,Closed Won,Other,Organic Search,Fatima Rahman,2026-01-27T00:00:00Z,2026-05-02T00:00:00Z,,Organic Search,Google organic → Blog — lead scoring,0.75,False,False,Found us through organic google search then landed on the blog post on lead scoring.
100235244,Grace,Sun,Grace Sun,first_last,Operations Lead,Verma Consulting Trading,verma,grace.s@vermaconsulting.biz,+821054232391,South Korea,New,Lead,Direct Traffic,Rohan Mehta,2026-04-01T00:00:00Z,,,Website,Homepage,0.9,False,False,Filled out the form on the homepage. Qualifying now.
100235245,Aiko,Larsen,Aiko Larsen,first_last,VP Sales,Popescu Trading Co,popescu,a.larsen@popescu.com,+306993858919,Greece,Connected,Other,Other Campaigns,Rohan Mehta,2026-05-18T00:00:00Z,2026-05-19T00:00:00Z,,Other,General info@ inbox,0.3,True,False,Other - reached out via our general info@ inbox. No response yet.
100235246,A.,Larsen,A. Larsen,full_name,VP Sales,Popescu Trading Inc.,popescu,aiko.larsen@popescu.com,+306993858919,Greece,Connected,Other,Other Campaigns,Rohan Mehta,2026-05-18T00:00:00Z,2026-05-19T00:00:00Z,,Other,General info@ inbox,0.3,True,False,Other - reached out via our general info@ inbox. No response yet.
100235247,Antoine,Yang,Antoine Yang,first_last,Founder,Sayed Trading Analytics,sayed,a.yang@sayedtrading.co,+639518057660,Philippines,Closed Won,Lead,,Diego Alvarez,2025-12-17T00:00:00Z,2026-04-21T00:00:00Z,,Referral,Referred by Ji-woo Wang,0.9,False,False,"Referred by Ji-woo Wang, warm intro. Not interested for now."
100235248,Fatima,Teo,Fatima Teo,first_last,VP Sales,Foster Inc,foster,fatima.t@foster.com,+2348037419594,Nigeria,Qualified,Marketing Qualified Lead,,Rohan Mehta,2026-04-03T00:00:00Z,2026-05-10T00:00:00Z,,Event,TechCrunch Disrupt — Booth QR Code,0.9,False,False,"He scanned our QR code at the TechCrunch Disrupt booth. Connected, sending proposal."
100235249,Salma,Larsen,Salma Larsen,first_last,,Cruz & Partners Holdings,cruz,s.larsen@cruzpartners.biz,+8801836849817,Bangladesh,Closed Won,Opportunity,,Priya Nair,2026-02-10T00:00:00Z,,,LinkedIn,LinkedIn post engagement,0.9,False,False,"Connected on LinkedIn after commenting on our post. Left voicemail, will retry."
100235250,Elijah,Nkrumah,Elijah Nkrumah,first_last,Head of Growth,Han Imports Co.,han,elijahn@hanimports.co,+79848464957,Russia,Opportunity,,,Noah Bennett,2026-01-09T00:00:00Z,2026-03-01T00:00:00Z,,Event,Web Summit 2026 — Booth QR Code,0.9,False,False,"Met her at the Web Summit 2026 booth, scanned our QR code. Left voicemail, will retry."
100235251,Giulia,Jung,Giulia Jung,first_last,Founder,Saigon & Co,saigon,giulia.jung@saigon.io,+917469631603,India,Qualified,,Other Campaigns,Priya Nair,2026-02-13T00:00:00Z,2026-02-13T00:00:00Z,,Manual/Sales,Walk-in,0.9,False,False,"Other - walked into our office without an appointment. Great fit, prioritizing."
100235252,Beatriz,Owusu,Beatriz Owusu,first_last,Operations Lead,Chua Textiles Studio,chua,b.owusu@chuatextiles.net,+8801948974098,Bangladesh,Connected,Other,Other Campaigns,Wei Chen,2026-04-12T00:00:00Z,2026-06-13T00:00:00Z,,Manual/Sales,Inbound phone call,0.9,False,False,"Manual - added after inbound phone call. Great fit, prioritizing."
100235253,Valentina,Sy,Valentina Sy,first_last,,Popescu Analytics,popescu,v.sy@popescu.com,+971556384193,UAE,New,Customer,,Diego Alvarez,2026-02-16T00:00:00Z,2026-02-16T00:00:00Z,,Website,Book a Demo page — Google Ads,0.85,False,False,"Booked a demo via the book-a-demo page after clicking a google ad. Great fit, prioritizing."
100235254,Thanh,Larsen,Thanh Larsen,first_last,,Adeyemi Logistics Retail Group,adeyemi,thanh.l@adeyemilogistics.sg,+923702742939,Pakistan,New,Sales Qualified Lead,Direct Traffic,Priya Nair,2025-11-18T00:00:00Z,2026-01-02T00:00:00Z,27,Website,Homepage,0.9,False,False,"Filled out the form on the homepage. Very interested, wants pricing call."
100235255,Seo-yeon,Lim,Seo-yeon Lim,first_last,,Rossi SRL Labs,rossi,seo-yeonl@rossisrl.biz,+525512327605,Mexico,Qualified,,Offline Sources,Priya Nair,2025-10-04T00:00:00Z,2026-06-17T00:00:00Z,,Event,TechCrunch Disrupt — Booth,0.9,False,False,"Met at the booth during TechCrunch Disrupt, said they'd follow up over email. Not interested for now."
100235256,Xiu Ying,Bruno,Xiu Ying Bruno,first_last,Founder,Park Biotech Freight Solutions,park,xiuying.b@parkbiotech.com,+66624833990,Thailand,Closed Lost,Lead,Direct Traffic,Wei Chen,2026-02-10T00:00:00Z,2026-02-15T00:00:00Z,,Website,Pricing page,0.9,False,False,Filled out the form on the pricing page. No response yet.
100235257,Haruto,Sy,Haruto Sy,first_last,VP Sales,Huang Analytics Co,huang,h.sy@huanganalytics.co,+4526383444,Denmark,Contacted,Marketing Qualified Lead,,Diego Alvarez,2026-01-11T00:00:00Z,2026-03-19T00:00:00Z,,Event,Retail Asia Expo — Booth QR Code,0.9,False,False,He scanned our QR code at the Retail Asia Expo booth. No response yet.
100235258,Hui Fang,Verma,Hui Fang Verma,first_last,Finance Manager,Osei Freight Solutions,osei,huifangv@osei.com.au,+66752304575,Thailand,Qualified,Sales Qualified Lead,,Priya Nair,2025-10-30T00:00:00Z,2026-04-09T00:00:00Z,,Event,Web Summit 2026 — Booth,0.9,False,False,"Spoke with them at our Web Summit 2026 booth, no QR scan logged. No response yet."
100235259,Wei Ming,Bennett,Wei Ming Bennett,first_last,Finance Manager,Ivanova Consulting,ivanova,w.bennett@ivanova.co,+212679331266,Morocco,Closed Won,Customer,,Hana Kobayashi,2026-04-11T00:00:00Z,2026-06-10T00:00:00Z,,Website,Comparison vs HubSpot page,0.9,False,False,Filled out the form on the comparison-vs-hubspot page. Qualifying now.
100235260,Wei Ming,Bennett,Wei Ming Bennett,first_last,Finance Manager,Ivanova & Co,ivanova,weimingbennett@ivanova.co,+212679331266,Morocco,Closed Won,Customer,,Hana Kobayashi,2026-04-11T00:00:00Z,2026-06-10T00:00:00Z,,Website,Comparison vs HubSpot page,0.9,False,True,Filled out the form on the comparison-vs-hubspot page. Qualifying now. possible duplicate — verify before contacting.
100235261,So-young,Sato,So-young Sato,first_last,,Costa Trading Group,costa,s.sato@costatrading.net,+34668505269,Spain,Qualified,Lead,Organic Search,Wei Chen,2025-12-12T00:00:00Z,,,Organic Search,Google organic → Homepage,0.75,False,False,"Found us through organic google search then landed on the homepage. Very interested, wants pricing call."
100235262,So-young,Sato,So-young Sato,first_last,,Costa Trading Co,costa,s.sato@costatrading.net,+34668505269,Spain,Qualified,Lead,Organic Search,Wei Chen,2025-12-12T00:00:00Z,,,Organic Search,Google organic → Homepage,0.75,False,False,"Found us through organic google search then landed on the homepage. Very interested, wants pricing call."
100235263,Ha-eun,Singh,Ha-eun Singh,first_last,VP Sales,Asante Retail Analytics,asante,ha-eun.s@asanteretail.net,+40788173455,Romania,Qualified,Other,,Elena Popescu,2025-09-14T00:00:00Z,,,Website,Case study page,0.9,False,False,Filled out the form on the case study page. No response yet.
100235264,Freya,Wong,Freya Wong,first_last,Finance Manager,Bakker Retail Group,bakker,freya.w@bakker.io,+917933750775,India,Qualified,Other,Other Campaigns,Hana Kobayashi,2025-09-18T00:00:00Z,2026-04-21T00:00:00Z,,Event,APAC Logistics Summit — Booth,0.9,False,False,"Met at the booth during APAC Logistics Summit, said they'd follow up over email."
100235265,Matteo,Fischer,Matteo Fischer,first_last,,Lotus Finance Pte. Ltd.,lotus,matteo.f@lotusfinance.co,+33691248767,France,Opportunity,Sales Qualified Lead,,Hana Kobayashi,2026-02-19T00:00:00Z,2026-04-06T00:00:00Z,,Event,Web Summit 2026 — Booth QR Code,0.9,False,False,"Scanned the QR code at our Web Summit 2026 booth. Very interested, wants pricing call."
100235266,Divya,Cruz,Divya Cruz,first_last,,Sato Solutions,sato,divyac@sato.sg,+84998027050,Vietnam,Connected,Opportunity,,Grace Osei,2026-01-30T00:00:00Z,2026-02-05T00:00:00Z,,Referral,Referred by Amir Reddy,0.9,False,False,"Referred by Amir Reddy, warm intro. Very interested, wants pricing call."
100235267,Tom,Al-Sayed,Tom Al-Sayed,first_last,Finance Manager,Han Imports Trading Co,han,toma@hanimports.co,+212698894177,Morocco,Opportunity,Opportunity,,Priya Nair,2025-10-10T00:00:00Z,2025-10-19T00:00:00Z,,Event,Money20/20 Asia — Booth,0.9,False,False,"Spoke with them at our Money20/20 Asia booth, no QR scan logged."
100235268,Erik,Papadopoulos,Erik Papadopoulos,first_last,Head of Growth,Owusu Freight Labs,owusu,erikp@owusufreight.co,+5511998334993,Brazil,Closed Lost,,,Priya Nair,2026-03-11T00:00:00Z,,,Website,Contact page,0.9,False,False,Filled out the form on the contact page.
100235269,Anna,Sharma,Anna Sharma,first_last,VP Sales,Bennett Studio,bennett,annas@bennett.net,+8613346831296,China,Closed Lost,Sales Qualified Lead,,Fatima Rahman,2025-10-03T00:00:00Z,2026-05-26T00:00:00Z,63,Referral,Referred by Joon Ferreira,0.9,False,False,"Referred by Joon Ferreira, warm intro. Not interested for now."
100235270,Adaeze,Lim,Adaeze Lim,first_last,Marketing Director,Liu Trading Labs,liu,adaeze.l@liutrading.com,+34620312865,Spain,Opportunity,Sales Qualified Lead,Other Campaigns,Diego Alvarez,2026-01-28T00:00:00Z,2026-05-23T00:00:00Z,,Manual/Sales,Cold outreach call,0.9,False,False,Manually added by sales after a phone call from a cold outreach list. Qualifying now.
100235271,Ines,Silva,Ines Silva,first_last,Finance Manager,Williams Inc,williams,ines.s@williams.com,+61437213684,Australia,Connected,Marketing Qualified Lead,,Wei Chen,2026-03-25T00:00:00Z,2026-05-09T00:00:00Z,,Website,Contact page,0.9,False,False,Filled out the form on the contact page. No response yet.
100235272,Bjorn,Verma,Bjorn Verma,first_last,Operations Lead,Asante Retail Digital,asante,b.verma@asanteretail.io,+40756103645,Romania,Closed Won,Sales Qualified Lead,,Hana Kobayashi,2025-11-28T00:00:00Z,,,Website,Book a Demo page — Google Ads,0.85,False,False,"Booked a demo via the book-a-demo page after clicking a google ad. Very interested, wants pricing call."
100235273,Ryan,Asante,Ryan Asante,first_last,Finance Manager,Yoon Retail Co,yoon,ryan.a@yoonretail.com.au,+66813727378,Thailand,Opportunity,Customer,,Fatima Rahman,2025-11-22T00:00:00Z,2026-05-26T00:00:00Z,,Website,Homepage,0.9,False,False,"Filled out the form on the homepage. Left voicemail, will retry."
100235274,Bjorn,Rasmussen,Bjorn Rasmussen,first_last,Operations Lead,Wang Manufacturing Studio,wang,bjornr@wangmanufacturing.net,+8801550584664,Bangladesh,Closed Lost,Lead,,Priya Nair,2025-09-17T00:00:00Z,2026-04-13T00:00:00Z,,Website,Product tour page,0.9,False,False,Filled out the form on the product tour page.
100235275,Arjun,Rao,Arjun Rao,first_last,Finance Manager,Boateng Digital Analytics,boateng,arjun.rao@boatengdigital.net,+351948339381,Portugal,Closed Lost,Other,,Hana Kobayashi,2026-04-08T00:00:00Z,,,Event,TechCrunch Disrupt — Booth,0.9,False,False,"Met at the booth during TechCrunch Disrupt, said they'd follow up over email."
100235276,Francesca,Liu,Francesca Liu,first_last,Marketing Director,Rao Ventures Holdings,rao,francesca.l@raoventures.co,+393905615225,Italy,Opportunity,Sales Qualified Lead,Social Media,Elena Popescu,2025-09-19T00:00:00Z,2025-12-03T00:00:00Z,,LinkedIn,LinkedIn post engagement,0.9,False,False,Connected on LinkedIn after commenting on our post. No response yet.
100235277,Tom,Al-Sayed,Tom Al-Sayed,first_last,,Kang Holdings Trading,kang,t.al-sayed@kangholdings.co,+60146975963,Malaysia,Contacted,Customer,,Priya Nair,2026-01-11T00:00:00Z,2026-05-21T00:00:00Z,,Website,Contact page,0.9,False,False,Filled out the form on the contact page. Qualifying now.
100235278,Chiara,Yeo,Chiara Yeo,first_last,,Goh Digital Trading,goh,chiara.yeo@gohdigital.com,+393544164382,Italy,Contacted,Marketing Qualified Lead,Social Media,Diego Alvarez,2025-11-01T00:00:00Z,2026-01-31T00:00:00Z,,LinkedIn,from Original Source: Social Media,0.55,True,False,"Saw our post about replacing hubspot and commented. Great fit, prioritizing."
100235279,Ines,Foster,Ines Foster,first_last,,Costa Trading Pte. Ltd.,costa,i.foster@costatrading.sg,+447831935998,United Kingdom,Closed Lost,Marketing Qualified Lead,,Fatima Rahman,2025-12-26T00:00:00Z,2026-04-21T00:00:00Z,,Event,Mobile World Congress — Booth,0.9,False,False,"Spoke with them at our Mobile World Congress booth, no QR scan logged. Connected, sending proposal."
100235280,Luca,Greco,Luca Greco,first_last,Founder,Nord Pte. Ltd.,nord,luca.greco@nord.co,+85282198240,Hong Kong,New,Opportunity,,Fatima Rahman,2025-10-22T00:00:00Z,,,Referral,Referred by Meera Rahman,0.9,False,False,"Referred by Meera Rahman, warm intro."
100235281,Antoine,Ang,Antoine Ang,first_last,VP Sales,Zahra Solutions,zahra,antoinea@zahra.com.au,+46703707841,Sweden,Connected,Sales Qualified Lead,Offline Sources,Rohan Mehta,2026-05-16T00:00:00Z,2026-06-13T00:00:00Z,,Event,Web Summit 2026 — Booth QR Code,0.9,False,False,Scanned the QR code at our Web Summit 2026 booth. No response yet.
100235282,Layla,Yap,Layla Yap,first_last,Operations Lead,Reddy Holdings Robotics,reddy,l.yap@reddyholdings.io,+46706134950,Sweden,Closed Won,Customer,Referrals,Hana Kobayashi,2025-10-23T00:00:00Z,2026-06-17T00:00:00Z,,Referral,Referred by Priya Boateng,0.9,False,False,"Referred by Priya Boateng, warm intro. Left voicemail, will retry."
100235283,Sora,Oh,Sora Oh,first_last,Operations Lead,Larsen AS Solutions,larsen,sorao@larsenas.net,+351924136467,Portugal,Closed Lost,Sales Qualified Lead,,Grace Osei,2026-04-19T00:00:00Z,,72,Website,Book a Demo page — Google Ads,0.85,False,False,Booked a demo via the book-a-demo page after clicking a google ad.
100235284,Hana,Reddy,Hana Reddy,first_last,Marketing Director,Diallo Imports Pte Ltd,diallo,hana.r@dialloimports.co,+48583671673,Poland,Closed Lost,Marketing Qualified Lead,,Fatima Rahman,2026-05-16T00:00:00Z,2026-06-02T00:00:00Z,,Event,SaaStr Annual — Booth QR Code,0.9,False,False,"Met her at the SaaStr Annual booth, scanned our QR code. Not interested for now."
100235285,Kofi,Reyes,Kofi Reyes,first_last,Head of Growth,Nord Retail Group,nord,kofir@nord.co,+5491170538178,Argentina,Connected,Lead,Organic Search,Hana Kobayashi,2025-11-08T00:00:00Z,2025-11-26T00:00:00Z,,Organic Search,Google organic → Contact page,0.75,False,False,Found us through organic google search then landed on the contact page. Qualifying now.
100235286,Elena,Pham,Elena Pham,first_last,,Schmidt AG Freight Solutions,schmidt ag,elenap@schmidtag.biz,+351948654519,Portugal,Contacted,Sales Qualified Lead,,Hana Kobayashi,2025-12-26T00:00:00Z,2026-03-21T00:00:00Z,,Event,TechCrunch Disrupt — Booth,0.9,False,False,"Spoke with them at our TechCrunch Disrupt booth, no QR scan logged."
100235287,Freya,Lim,Freya Lim,first_last,Founder,Santos Ltda Holdings,santos ltda,freya.l@santosltda.net,+31664682099,Netherlands,Closed Lost,Lead,Offline Sources,Elena Popescu,2025-10-18T00:00:00Z,2026-05-05T00:00:00Z,,Event,Web Summit 2026 — Booth QR Code,0.9,False,False,He scanned our QR code at the Web Summit 2026 booth. Qualifying now.
100235288,Joon,Koh,Joon Koh,first_last,Head of Growth,Koh & Sons Labs,koh,joon.k@kohsons.co,+525580841351,Mexico,Qualified,Customer,,Diego Alvarez,2025-09-04T00:00:00Z,,,Event,SaaStr Annual — Booth QR Code,0.9,False,False,Scanned the QR code at our SaaStr Annual booth.
100235289,Priya,Chua,Priya Chua,first_last,Head of Growth,Reddy Holdings Co.,reddy,p.chua@reddyholdings.co,+8613097391646,China,Closed Won,Marketing Qualified Lead,Direct Traffic,Rohan Mehta,2026-02-26T00:00:00Z,,,Website,Blog — lead scoring,0.9,False,False,"Filled out the form on the blog post on lead scoring. Left voicemail, will retry."
100235290,Fatima,Fall,Fatima Fall,first_last,,GreenLeaf Analytics,greenleaf,f.fall@greenleaf.net,+48512557549,Poland,Qualified,Marketing Qualified Lead,,Fatima Rahman,2026-03-14T00:00:00Z,2026-03-29T00:00:00Z,,Event,Web Summit 2026 — Booth QR Code,0.9,False,False,"He scanned our QR code at the Web Summit 2026 booth. Great fit, prioritizing."
100235291,Manon,Camara,Manon Camara,first_last,,Goh Digital Ventures,goh,manon.c@gohdigital.com,+60114897881,Malaysia,Qualified,,,Marcus Wong,2026-03-01T00:00:00Z,2026-04-09T00:00:00Z,,Website,Contact page,0.9,False,False,"Filled out the form on the contact page. Left voicemail, will retry."
100235292,Manon,Camara,Manon Camara,first_last,,Goh Digital Co,goh,manon.camara@gohdigital.com,+60114897881,Malaysia,Qualified,,,Marcus Wong,2026-03-01T00:00:00Z,2026-04-09T00:00:00Z,,Website,Contact page,0.9,False,True,"Filled out the form on the contact page. Left voicemail, will retry. possible duplicate — verify before contacting."
100235293,Marcus,Hoffmann,Marcus Hoffmann,first_last,,Koh & Sons Ventures,koh,m.hoffmann@kohsons.io,+351919053660,Portugal,New,Opportunity,,Fatima Rahman,2026-02-04T00:00:00Z,,,Website,Comparison vs HubSpot page,0.9,False,False,Filled out the form on the comparison-vs-hubspot page.
100235294,Tiago,Lim,Tiago Lim,first_last,VP Sales,Ho Bros Pte Ltd,ho,t.lim@hobros.co,+66920862841,Thailand,Qualified,Opportunity,Organic Search,Noah Bennett,2026-06-02T00:00:00Z,2026-06-02T00:00:00Z,,Organic Search,Google organic → Product tour page,0.75,False,False,Googled us and ended up on the product tour page before booking a demo. No response yet.
100235295,Noah,Han,Noah Han,first_last,Operations Lead,Liu Trading Analytics,liu,noah.h@liutrading.com,+31627245092,Netherlands,Contacted,Sales Qualified Lead,Other Campaigns,Wei Chen,2026-02-02T00:00:00Z,2026-05-31T00:00:00Z,,Manual/Sales,Inbound phone call,0.9,False,False,Manual - added after inbound phone call. No response yet.
100235296,David,Johnson,David Johnson,first_last,Head of Growth,Wang Manufacturing & Co,wang,david.j@wangmanufacturing.io,+4520837171,Denmark,Closed Won,Sales Qualified Lead,,Fatima Rahman,2026-03-27T00:00:00Z,2026-04-23T00:00:00Z,,LinkedIn,LinkedIn DM,0.9,False,False,Linkedin dm inbound asking about pricing.
100235297,Priscilla,Frimpong,Priscilla Frimpong,first_last,Founder,Rao Ventures & Co,rao,priscillaf@raoventures.com,+79921267926,Russia,New,Marketing Qualified Lead,,Hana Kobayashi,2025-10-27T00:00:00Z,2025-10-27T00:00:00Z,,Manual/Sales,Cold outreach call,0.9,False,False,"Manually added by sales after a phone call from a cold outreach list. Connected, sending proposal."
100235298,Mia,Bakar,Mia Bakar,first_last,Marketing Director,Foster Analytics,foster,m.bakar@foster.co,+525596021769,Mexico,Closed Won,Customer,Paid Search,Grace Osei,2026-06-04T00:00:00Z,2026-06-09T00:00:00Z,,Website,Book a Demo page — Google Ads,0.85,False,False,Booked a demo via the book-a-demo page after clicking a google ad.
100235299,Mia,Bakar,Mia Bakar,first_last,Marketing Director,Foster Trading,foster,miab@foster.co,+525596021769,Mexico,Closed Won,Customer,Paid Search,Grace Osei,2026-06-04T00:00:00Z,2026-06-09T00:00:00Z,,Website,Book a Demo page — Google Ads,0.85,False,False,Booked a demo via the book-a-demo page after clicking a google ad.
100235300,Ethan,Pham,Ethan Pham,first_last,,Zhang Trading Co,zhang,e.pham@zhang.io,+233228824972,Ghana,Qualified,,Organic Search,Wei Chen,2026-04-03T00:00:00Z,2026-04-27T00:00:00Z,,Organic Search,Google organic → Case study page,0.75,False,False,"Found us through organic google search then landed on the case study page. Connected, sending proposal."
100235301,George,Pham,George Pham,first_last,Head of Growth,Zhang Trading Co,zhang,george.p@zhang.io,+18765550156,United States,Connected,,Offline Sources,Marcus Wong,2026-06-05T00:00:00Z,2026-06-12T00:00:00Z,,Event,Retail Asia Expo — Booth,0.9,False,False,"Spoke with them at our Retail Asia Expo booth, no QR scan logged. Very interested, wants pricing call."
100235302,Beatriz,Malik,Beatriz Malik,first_last,Finance Manager,Delta Analytics,delta,beatrizm@delta.com.au,+447953977353,United Kingdom,Closed Lost,Opportunity,,Noah Bennett,2025-09-30T00:00:00Z,2026-02-20T00:00:00Z,,Website,Comparison vs HubSpot page,0.9,False,False,"Filled out the form on the comparison-vs-hubspot page. Great fit, prioritizing."
100235303,Sora,Malik,Sora Malik,first_last,Marketing Director,Adeyemi Logistics Freight Solutions,adeyemi,sora.m@adeyemilogistics.sg,+525572681689,Mexico,Opportunity,Lead,Other Campaigns,Elena Popescu,2025-10-21T00:00:00Z,2025-11-20T00:00:00Z,,Manual/Sales,Walk-in,0.9,False,False,Other - walked into our office without an appointment. No response yet.
100235304,Beatriz,Hossain,Beatriz Hossain,first_last,Finance Manager,Hansen Digital Retail Group,hansen,beatriz.h@hansendigital.biz,+60146803961,Malaysia,New,Other,,Grace Osei,2025-10-21T00:00:00Z,2026-02-03T00:00:00Z,,Website,Product tour page,0.9,False,False,Filled out the form on the product tour page. No response yet.
100235305,Min-jun,Fischer,Min-jun Fischer,first_last,Marketing Director,Verma Consulting Robotics,verma,m.fischer@vermaconsulting.net,+2348024416763,Nigeria,Opportunity,Customer,,Fatima Rahman,2026-02-10T00:00:00Z,2026-03-07T00:00:00Z,,Website,Book a Demo page,0.9,False,False,Filled out the form on the book-a-demo page. No response yet.
100235306,Kai,Boateng,Kai Boateng,first_last,Finance Manager,Orchid Co.,orchid,kaib@orchid.com.au,+5511958539818,Brazil,Contacted,Opportunity,,Elena Popescu,2025-10-09T00:00:00Z,2025-11-01T00:00:00Z,,Manual/Sales,Inbound phone call,0.9,False,False,Manual - added after inbound phone call.
100235307,Daniel,Boateng,Daniel Boateng,first_last,,Adeyemi Logistics Digital,adeyemi,daniel.boateng@adeyemilogistics.net,+447980262541,United Kingdom,Closed Lost,Sales Qualified Lead,Organic Search,Priya Nair,2026-05-12T00:00:00Z,2026-05-26T00:00:00Z,,Organic Search,Google organic → Blog — lead scoring,0.75,False,False,Googled us and ended up on the blog post on lead scoring before booking a demo.
100235308,Rui,Fischer,Rui Fischer,first_last,Founder,Han Imports Trading,han,ruif@hanimports.biz,+351935417065,Portugal,Connected,Marketing Qualified Lead,Organic Search,Grace Osei,2026-06-04T00:00:00Z,2026-06-08T00:00:00Z,,Organic Search,Google organic → Blog — lead scoring,0.75,False,False,"Found us through organic google search then landed on the blog post on lead scoring. Great fit, prioritizing."
100235309,Sora,Sato,Sora Sato,first_last,Marketing Director,Cruz & Partners Digital,cruz,sora.s@cruzpartners.sg,+6283113628347,Indonesia,Opportunity,Other,,Priya Nair,2026-02-25T00:00:00Z,2026-05-26T00:00:00Z,,Event,Retail Asia Expo — Booth,0.9,False,False,"Met at the booth during Retail Asia Expo, said they'd follow up over email. Connected, sending proposal."
100235310,Sanjay,Martins,Sanjay Martins,first_last,Marketing Director,Huang Analytics Group,huang,s.martins@huanganalytics.co,+5511976703363,Brazil,Closed Won,Customer,Other Campaigns,Elena Popescu,2026-02-09T00:00:00Z,2026-02-22T00:00:00Z,72,Manual/Sales,Inbound phone call,0.9,False,False,Manual - added after inbound phone call.
100235311,Antoine,Zahra,Antoine Zahra,first_last,Founder,Bakker Inc,bakker,antoine.z@bakker.sg,+306978138772,Greece,Contacted,,,Grace Osei,2025-12-03T00:00:00Z,,,Website,Book a Demo page — Google Ads,0.85,False,False,"Booked a demo via the book-a-demo page after clicking a google ad. Connected, sending proposal."
100235312,Hana,Ocampo,Hana Ocampo,first_last,,Fischer Trading Pte. Ltd.,fischer,hana.ocampo@fischertrading.com.au,+351912721028,Portugal,Opportunity,Lead,Direct Traffic,Priya Nair,2026-02-15T00:00:00Z,2026-02-18T00:00:00Z,,Website,Case study page,0.9,False,False,Filled out the form on the case study page.
100235313,Lars,Ang,Lars Ang,first_last,,Sim Robotics Digital,sim,lars.ang@simrobotics.com,+5491129706106,Argentina,Connected,Lead,Direct Traffic,Grace Osei,2025-12-02T00:00:00Z,2026-01-13T00:00:00Z,,Website,Product tour page,0.9,False,False,Filled out the form on the product tour page. Qualifying now.
100235314,Lars,Ang,Lars Ang,first_last,,Sim Robotics Holdings,sim,l.ang@simrobotics.com,+5491129706106,Argentina,Connected,Lead,Direct Traffic,Grace Osei,2025-12-02T00:00:00Z,2026-01-13T00:00:00Z,,Website,Product tour page,0.9,False,True,Filled out the form on the product tour page. Qualifying now. possible duplicate — verify before contacting.
100235315,Omar,Almeida,Omar Almeida,first_last,Founder,Delta Retail Group,delta,omar.a@delta.co,+5491142925629,Argentina,Connected,Marketing Qualified Lead,,Hana Kobayashi,2025-12-11T00:00:00Z,2026-05-20T00:00:00Z,33,LinkedIn,LinkedIn DM,0.9,False,False,Linkedin dm inbound asking about pricing.
100235316,Isabelle,Chua,Isabelle Chua,first_last,Finance Manager,Hansen Digital Group,hansen,i.chua@hansendigital.com.au,+4520781316,Denmark,Connected,Opportunity,Direct Traffic,Fatima Rahman,2026-02-28T00:00:00Z,,,Website,Contact page,0.9,False,False,"Filled out the form on the contact page. Great fit, prioritizing."
100235317,Antoine,Choi,Antoine Choi,first_last,,Park Biotech Studio,park,antoine.choi@parkbiotech.com,+48552805219,Poland,Connected,Lead,,Fatima Rahman,2026-02-17T00:00:00Z,2026-04-07T00:00:00Z,,Website,Case study page,0.9,False,False,Filled out the form on the case study page.
100235318,Rin,Meyer,Rin Meyer,first_last,,Yang Freight Trading Co,yang,rin.m@yangfreight.net,+48571962294,Poland,Closed Won,,,Hana Kobayashi,2026-01-08T00:00:00Z,2026-06-17T00:00:00Z,34,Manual/Sales,Cold outreach call,0.9,False,False,Manually added by sales after a phone call from a cold outreach list.
100235319,Chidi,Singh,Chidi Singh,first_last,,Chua Textiles Group,chua,chidis@chuatextiles.net,+8613174704311,China,New,Customer,Other Campaigns,Hana Kobayashi,2025-12-12T00:00:00Z,,,Other,General info@ inbox,0.3,True,False,Other - reached out via our general info@ inbox. Not interested for now.
100235320,Noah,Bianchi,Noah Bianchi,first_last,Operations Lead,Jung Studio Pte. Ltd.,jung,n.bianchi@jungstudio.biz,+61450144682,Australia,New,Marketing Qualified Lead,Social Media,Grace Osei,2026-01-07T00:00:00Z,2026-04-06T00:00:00Z,,LinkedIn,from Original Source: Social Media,0.55,True,False,"Saw our post about replacing hubspot and commented. Very interested, wants pricing call."
100235321,Youssef,Gomes,Youssef Gomes,first_last,,Tanaka Co,tanaka,youssefg@tanaka.io,+84918012067,Vietnam,Qualified,Customer,,Rohan Mehta,2025-09-09T00:00:00Z,2025-12-04T00:00:00Z,,Manual/Sales,Inbound phone call,0.9,False,False,Manual - added after inbound phone call.
100235322,Farid,Alves,Farid Alves,first_last,,Lumen Retail Group,lumen,farid.a@lumen.net,+48572802730,Poland,Qualified,Opportunity,Other Campaigns,Fatima Rahman,2026-05-10T00:00:00Z,2026-06-01T00:00:00Z,,Other,General info@ inbox,0.3,True,False,Other - reached out via our general info@ inbox. Not interested for now.
100235323,Ryan,Rossi,Ryan Rossi,first_last,Operations Lead,Boateng Digital Inc.,boateng,ryan.r@boatengdigital.com,+306999724718,Greece,Qualified,Marketing Qualified Lead,,Grace Osei,2025-12-16T00:00:00Z,,,Website,Product tour page,0.9,False,False,Filled out the form on the product tour page. Not interested for now.
100235324,Leila,Greco,Leila Greco,first_last,Finance Manager,Yap Ventures Robotics,yap,leila.g@yapventures.net,+351964144498,Portugal,Qualified,Marketing Qualified Lead,Organic Search,Hana Kobayashi,2025-10-26T00:00:00Z,2026-02-18T00:00:00Z,,Organic Search,Google organic → Contact page,0.75,False,False,"Found us through organic google search then landed on the contact page. Left voicemail, will retry."
100235325,Rin,Chen,Rin Chen,first_last,,Wang Manufacturing Labs,wang,r.chen@wangmanufacturing.net,+918347751483,India,Qualified,Marketing Qualified Lead,Social Media,Wei Chen,2026-05-08T00:00:00Z,2026-06-16T00:00:00Z,,LinkedIn,from Original Source: Social Media,0.55,True,False,Saw our post about replacing hubspot and commented.
100235326,Ava,Joshi,Ava Joshi,first_last,VP Sales,Diallo Imports Consulting,diallo,avaj@dialloimports.com.au,+971574463870,UAE,Connected,Sales Qualified Lead,Offline Sources,Marcus Wong,2026-06-15T00:00:00Z,,,Event,Money20/20 Asia — Booth,0.9,False,False,"Spoke with them at our Money20/20 Asia booth, no QR scan logged. Great fit, prioritizing."
100235327,Priscilla,Cruz,Priscilla Cruz,first_last,Finance Manager,Reyes Trading,reyes,priscilla.c@reyes.sg,+233228851326,Ghana,Opportunity,Other,,Grace Osei,2026-04-14T00:00:00Z,2026-05-07T00:00:00Z,,LinkedIn,LinkedIn post engagement,0.9,False,False,Connected on LinkedIn after commenting on our post. Qualifying now.
100235328,Sophia,Boateng,Sophia Boateng,first_last,,Tanaka Ltd,tanaka,sophia.b@tanaka.co,+60172736983,Malaysia,Closed Won,Sales Qualified Lead,,Fatima Rahman,2026-05-21T00:00:00Z,2026-06-06T00:00:00Z,50,Website,Pricing page,0.9,False,False,Filled out the form on the pricing page. No response yet.
100235329,So-young,Lim,So-young Lim,first_last,Finance Manager,Patel Fintech Studio,patel,so-young.lim@patelfintech.com,+46704893570,Sweden,Qualified,Opportunity,,Priya Nair,2026-01-17T00:00:00Z,,,Website,Book a Demo page — Google Ads,0.85,False,False,"Booked a demo via the book-a-demo page after clicking a google ad. Very interested, wants pricing call."
100235330,Seo-yeon,Santos,Seo-yeon Santos,first_last,,Weber Analytics Pte Ltd,weber,s.santos@weberanalytics.net,+8613322193901,China,Connected,Lead,,Wei Chen,2025-12-31T00:00:00Z,2026-01-19T00:00:00Z,,Event,Singapore FinTech Festival 2026 — Booth QR Code,0.9,False,False,He scanned our QR code at the Singapore FinTech Festival 2026 booth. Qualifying now.
100235331,Seo-yeon,Santos,Seo-yeon Santos,first_last,,Weber Analytics & Co,weber,seo-yeon.santos@weberanalytics.net,+8613322193901,China,Connected,Lead,,Wei Chen,2025-12-31T00:00:00Z,2026-01-19T00:00:00Z,,Event,Singapore FinTech Festival 2026 — Booth QR Code,0.9,False,False,He scanned our QR code at the Singapore FinTech Festival 2026 booth. Qualifying now.
100235332,Sophia,Christensen,Sophia Christensen,first_last,,Kang Holdings Co,kang,sophiac@kangholdings.sg,+84972899316,Vietnam,New,Lead,Referrals,Wei Chen,2025-12-11T00:00:00Z,2026-04-28T00:00:00Z,,Referral,Referred by Valentina Bakker,0.9,False,False,"Referred by Valentina Bakker, warm intro. Left voicemail, will retry."
100235333,Salma,Nkrumah,Salma Nkrumah,first_last,,Singh Logistics Ventures,singh,salman@singhlogistics.com,+31636422059,Netherlands,New,Lead,,Hana Kobayashi,2026-02-24T00:00:00Z,2026-03-03T00:00:00Z,,Referral,Referred by Erik Foster,0.9,False,False,"Referred by Erik Foster, warm intro."
100235334,Yasmin,Andersen,Yasmin Andersen,first_last,,Popescu Group,popescu,yasmin.a@popescu.net,+4528343985,Denmark,Contacted,Lead,,Grace Osei,2026-03-29T00:00:00Z,2026-05-27T00:00:00Z,,Organic Search,Google organic → Contact page,0.75,False,False,Googled us and ended up on the contact page before booking a demo. Not interested for now.
100235335,David,Ferrari,David Ferrari,first_last,Head of Growth,Mensah Trading Freight,mensah,d.ferrari@mensahtrading.io,+923302591255,Pakistan,New,Opportunity,,Hana Kobayashi,2025-11-16T00:00:00Z,,,Event,APAC Logistics Summit — Booth QR Code,0.9,False,False,"Met her at the APAC Logistics Summit booth, scanned our QR code. Great fit, prioritizing."
100235336,Hassan,Pham,Hassan Pham,first_last,,Santos Ltda Freight Solutions,santos ltda,hassanp@santosltda.sg,+917770577995,India,Qualified,,,Fatima Rahman,2026-04-02T00:00:00Z,,,Referral,Referred by Wei Ming,0.9,False,False,"Referred by Wei Ming Kapoor, warm intro. Qualifying now."
100235337,Aisha,Romano,Aisha Romano,first_last,,Popescu & Co,popescu,aishar@popescu.io,+15205550181,United States,Qualified,,,Diego Alvarez,2026-06-12T00:00:00Z,2026-06-17T00:00:00Z,,Manual/Sales,Cold outreach call,0.9,False,False,Manually added by sales after a phone call from a cold outreach list. Qualifying now.
100235338,Sarah,Boateng,Sarah Boateng,first_last,Finance Manager,Lumen Solutions,lumen,sarahb@lumen.sg,+6286773824165,Indonesia,Closed Won,,,Diego Alvarez,2025-11-13T00:00:00Z,2026-05-31T00:00:00Z,,Event,SaaStr Annual — Booth QR Code,0.9,False,False,"Met her at the SaaStr Annual booth, scanned our QR code."
100235339,Valentina,Zahra,Valentina Zahra,first_last,,Martinez Pte. Ltd.,martinez,v.zahra@martinez.biz,+525592595627,Mexico,Contacted,,,Noah Bennett,2026-04-05T00:00:00Z,,,Organic Search,Google organic → Blog — lead scoring,0.75,False,False,Found us through organic google search then landed on the blog post on lead scoring.
100235340,Astrid,Mensah,Astrid Mensah,first_last,,Nord & Co,nord,astridm@nord.sg,+85295645665,Hong Kong,Contacted,Customer,,Wei Chen,2026-02-13T00:00:00Z,2026-02-28T00:00:00Z,,Event,Retail Asia Expo — Booth QR Code,0.9,False,False,He scanned our QR code at the Retail Asia Expo booth. No response yet.
100235341,Divya,Boateng,Divya Boateng,first_last,Operations Lead,Park Biotech Labs,park,divya.boateng@parkbiotech.com,+821091372046,South Korea,New,Marketing Qualified Lead,,Wei Chen,2025-10-23T00:00:00Z,2026-04-23T00:00:00Z,,Organic Search,Google organic → Case study page,0.75,False,False,Googled us and ended up on the case study page before booking a demo.
100235342,Ethan,Romano,Ethan Romano,first_last,,Saigon Robotics,saigon,ethanr@saigon.net,+14455550107,United States,Closed Lost,Other,,Rohan Mehta,2025-09-13T00:00:00Z,2025-09-13T00:00:00Z,,Website,Blog — lead scoring,0.9,False,False,Filled out the form on the blog post on lead scoring.
100235343,Ananya,Christensen,Ananya Christensen,first_last,,Orchid Freight Solutions,orchid,ananya.c@orchid.biz,+6281542781589,Indonesia,Contacted,Marketing Qualified Lead,Other Campaigns,Elena Popescu,2026-05-10T00:00:00Z,2026-05-10T00:00:00Z,,Manual/Sales,Inbound phone call,0.9,False,False,"Manual - added after inbound phone call. Very interested, wants pricing call."
100235344,Hana,Danso,Hana Danso,first_last,Marketing Director,Foster & Co,foster,hana.danso@foster.sg,+31683991472,Netherlands,Qualified,Customer,Offline Sources,Rohan Mehta,2026-03-27T00:00:00Z,2026-04-10T00:00:00Z,,Event,Money20/20 Asia — Booth QR Code,0.9,False,False,"He scanned our QR code at the Money20/20 Asia booth. Left voicemail, will retry."
100235345,Salma,Yoon,Salma Yoon,first_last,Marketing Director,Sim Robotics Group,sim,s.yoon@simrobotics.com,+923504462023,Pakistan,Qualified,Other,,Noah Bennett,2026-02-15T00:00:00Z,2026-04-06T00:00:00Z,,Referral,Referred by Jia Hui,0.9,False,False,"Referred by Jia Hui Jensen, warm intro. Great fit, prioritizing."
100235346,Anjali,Lee,Anjali Lee,first_last,,Martinez Trading,martinez,a.lee@martinez.biz,+8613070304527,China,Closed Lost,Marketing Qualified Lead,,Noah Bennett,2026-03-10T00:00:00Z,,,LinkedIn,LinkedIn post engagement,0.9,False,False,Connected on LinkedIn after commenting on our post.
100235347,Thanh,Hansen,Thanh Hansen,first_last,Operations Lead,Koh & Sons Inc,koh,t.hansen@kohsons.com,+212684988144,Morocco,Connected,Lead,Other Campaigns,Elena Popescu,2026-05-04T00:00:00Z,2026-05-04T00:00:00Z,83,Manual/Sales,Cold outreach call,0.9,False,False,"Manually added by sales after a phone call from a cold outreach list. Very interested, wants pricing call."
100235348,Divya,Andersen,Divya Andersen,first_last,Finance Manager,Foster & Co,foster,divyaa@foster.com,+85268068339,Hong Kong,Closed Won,Lead,Referrals,Priya Nair,2026-06-16T00:00:00Z,2026-06-19T00:00:00Z,,Referral,Referred by Francesca Seo,0.75,False,False,"Referred by Francesca Seo, warm intro. Connected, sending proposal."
100235349,Hui Fang,Meyer,Hui Fang Meyer,first_last,Founder,Koh & Sons Trading,koh,huifang.m@kohsons.co,+34647251933,Spain,Closed Lost,,,Hana Kobayashi,2026-06-05T00:00:00Z,2026-06-11T00:00:00Z,,Event,TechCrunch Disrupt — Booth QR Code,0.9,False,False,"Met her at the TechCrunch Disrupt booth, scanned our QR code. No response yet."
100235350,Marcus,Williams,Marcus Williams,first_last,Finance Manager,Lindqvist AB Co.,lindqvist,marcus.w@lindqvistab.net,+66928339214,Thailand,Opportunity,Lead,Other Campaigns,Rohan Mehta,2025-10-24T00:00:00Z,2025-12-28T00:00:00Z,,Manual/Sales,Walk-in,0.9,False,False,"Other - walked into our office without an appointment. Left voicemail, will retry."
100235351,Tunde,Tanaka,Tunde Tanaka,first_last,Head of Growth,Lau Retail Group,lau,t.tanaka@lau.sg,+85259129265,Hong Kong,Closed Won,Lead,Other Campaigns,Hana Kobayashi,2025-11-13T00:00:00Z,,,Manual/Sales,Walk-in,0.9,False,False,"Other - walked into our office without an appointment. Very interested, wants pricing call."
100235352,T.,Tanaka,T. Tanaka,full_name,Head of Growth,Lau Retail Freight Solutions,lau,tunde.tanaka@lau.sg,+85259129265,Hong Kong,Closed Won,Lead,Other Campaigns,Hana Kobayashi,2025-11-13T00:00:00Z,2026-05-09T00:00:00Z,,Manual/Sales,Walk-in,0.9,False,True,"Other - walked into our office without an appointment. Very interested, wants pricing call. possible duplicate — verify before contacting."
100235353,Luca,Cruz,Luca Cruz,first_last,Operations Lead,Chen Digital Pte. Ltd.,chen,lucac@chendigital.sg,+34613361817,Spain,Qualified,,,Noah Bennett,2026-06-03T00:00:00Z,,82,Manual/Sales,Inbound phone call,0.9,False,False,Manual - added after inbound phone call.
100235354,Priscilla,Ricci,Priscilla Ricci,first_last,VP Sales,Williams Holdings,williams,priscilla.r@williams.io,+639514178392,Philippines,Contacted,Customer,,Noah Bennett,2025-10-19T00:00:00Z,2025-10-19T00:00:00Z,,Event,Singapore FinTech Festival 2026 — Booth QR Code,0.9,False,False,He scanned our QR code at the Singapore FinTech Festival 2026 booth.
100235355,Priscilla,Ricci,Priscilla Ricci,first_last,VP Sales,Williams Co,williams,priscillaricci@williams.io,+639514178392,Philippines,Contacted,Customer,,Noah Bennett,2025-10-19T00:00:00Z,2025-10-19T00:00:00Z,,Event,Singapore FinTech Festival 2026 — Booth QR Code,0.9,False,True,He scanned our QR code at the Singapore FinTech Festival 2026 booth. possible duplicate — verify before contacting.
100235356,Amir,Ricci,Amir Ricci,first_last,Finance Manager,Williams Holdings,williams,amir.r@williams.io,+19305550156,United States,Closed Won,Other,,Marcus Wong,2025-10-22T00:00:00Z,,,Website,Pricing page,0.9,False,False,Filled out the form on the pricing page. Not interested for now.
100235357,Giulia,Lim,Giulia Lim,first_last,,Malik Partners,malik,giulia.l@malik.biz,+6281824295305,Indonesia,Closed Lost,Sales Qualified Lead,Direct Traffic,Hana Kobayashi,2026-03-25T00:00:00Z,2026-04-25T00:00:00Z,,Website,Homepage,0.9,False,False,Filled out the form on the homepage.
100235358,Oluwaseun,Papadopoulos,Oluwaseun Papadopoulos,first_last,,Kim Trading & Co,kim,o.papadopoulos@kimtrading.io,+46702369960,Sweden,New,Sales Qualified Lead,Social Media,Priya Nair,2026-05-20T00:00:00Z,2026-05-23T00:00:00Z,,LinkedIn,LinkedIn DM,0.9,False,False,"Linkedin dm inbound asking about pricing. Connected, sending proposal."
100235359,Bruno,Koh,Bruno Koh,first_last,,Reyes Inc.,reyes,b.koh@reyes.net,+6287194112189,Indonesia,Opportunity,Marketing Qualified Lead,Other Campaigns,Fatima Rahman,2026-03-31T00:00:00Z,2026-05-16T00:00:00Z,,Other,General info@ inbox,0.3,True,False,"Other - reached out via our general info@ inbox. Very interested, wants pricing call."
100235360,Elijah,Kowalski,Elijah Kowalski,first_last,Finance Manager,Goh Digital Ventures,goh,e.kowalski@gohdigital.sg,+447966401599,United Kingdom,Qualified,,Offline Sources,Marcus Wong,2026-04-10T00:00:00Z,2026-06-02T00:00:00Z,,Event,Money20/20 Asia — Booth QR Code,0.9,False,False,He scanned our QR code at the Money20/20 Asia booth.
100235361,Marco,Santos,Marco Santos,first_last,VP Sales,Goh Digital Robotics,goh,m.santos@gohdigital.net,+233251939022,Ghana,Connected,Customer,Other Campaigns,Rohan Mehta,2025-10-03T00:00:00Z,2026-02-17T00:00:00Z,,Other,General info@ inbox,0.3,True,False,Other - reached out via our general info@ inbox. Qualifying now.
100235362,Rohan,Wu,Rohan Wu,first_last,,Kang Holdings Freight,kang,r.wu@kangholdings.biz,+821058334112,South Korea,Closed Lost,Other,Direct Traffic,Grace Osei,2026-06-05T00:00:00Z,2026-06-08T00:00:00Z,,Website,Homepage,0.9,False,False,"Filled out the form on the homepage. Connected, sending proposal."
100235363,Elin,Martins,Elin Martins,first_last,Marketing Director,Bakker & Co,bakker,elin.martins@bakker.com.au,+33625588060,France,New,Lead,Other Campaigns,Fatima Rahman,2026-01-09T00:00:00Z,,,Other,General info@ inbox,0.3,True,False,"Other - reached out via our general info@ inbox. Great fit, prioritizing."
100235364,Elena,Sim,Elena Sim,first_last,,Patel Fintech Robotics,patel,elena.sim@patelfintech.net,+639183842760,Philippines,Opportunity,Customer,Other Campaigns,Diego Alvarez,2025-11-05T00:00:00Z,,63,Manual/Sales,Cold outreach call,0.9,False,False,Manually added by sales after a phone call from a cold outreach list. Qualifying now.
100235365,Ahmed,Wang,Ahmed Wang,first_last,,Ho Bros Partners,ho,ahmedw@hobros.com.au,+13755550149,United States,Contacted,Customer,Referrals,Elena Popescu,2025-09-09T00:00:00Z,,,Referral,Referred by Rin Nielsen,0.9,False,False,"Referred by Rin Nielsen, warm intro."
100235366,Ahmed,Wang,Ahmed Wang,full_name,,Ho Bros Group,ho,ahmedwang@hobros.com.au,+13755550149,United States,Contacted,Customer,Referrals,Elena Popescu,2025-09-09T00:00:00Z,2025-10-25T00:00:00Z,,Referral,Referred by Rin Nielsen,0.9,False,True,"Referred by Rin Nielsen, warm intro. possible duplicate — verify before contacting."
100235367,Abena,Ocampo,Abena Ocampo,first_last,Operations Lead,Yap Ventures & Co,yap,abena.o@yapventures.io,+79774505112,Russia,Qualified,Customer,,Elena Popescu,2026-03-18T00:00:00Z,,,Organic Search,Google organic → Homepage,0.75,False,False,Found us through organic google search then landed on the homepage.
100235368,Nur,Liu,Nur Liu,first_last,Finance Manager,Wang Manufacturing Ltd,wang,nur.liu@wangmanufacturing.sg,+48646453468,Poland,Qualified,Lead,Offline Sources,Hana Kobayashi,2026-04-12T00:00:00Z,2026-06-05T00:00:00Z,,Event,TechCrunch Disrupt — Booth QR Code,0.9,False,False,"Scanned the QR code at our TechCrunch Disrupt booth. Connected, sending proposal."
100235369,Abena,Sow,Abena Sow,first_last,,Nimbus & Co,nimbus,a.sow@nimbus.com,+66651022298,Thailand,Opportunity,Sales Qualified Lead,,Hana Kobayashi,2025-11-16T00:00:00Z,2026-03-07T00:00:00Z,,Organic Search,Google organic → Homepage,0.75,False,False,"Found us through organic google search then landed on the homepage. Connected, sending proposal."
100235370,Marco,Schulz,Marco Schulz,first_last,VP Sales,Weber Analytics & Co,weber,m.schulz@weberanalytics.com,+6281826635408,Indonesia,Closed Won,,Social Media,Wei Chen,2026-06-01T00:00:00Z,2026-06-01T00:00:00Z,,LinkedIn,LinkedIn DM,0.9,False,False,Linkedin dm inbound asking about pricing.
100235371,Carlos,Teo,Carlos Teo,first_last,Operations Lead,Nimbus Inc.,nimbus,c.teo@nimbus.net,+447888701740,United Kingdom,Closed Won,Sales Qualified Lead,Other Campaigns,Hana Kobayashi,2026-01-04T00:00:00Z,2026-02-01T00:00:00Z,,Manual/Sales,Cold outreach call,0.9,False,False,Manually added by sales after a phone call from a cold outreach list.
100235372,Beatriz,Diallo,Beatriz Diallo,first_last,Operations Lead,Mensah Trading Labs,mensah,beatriz.d@mensahtrading.biz,+33677623174,France,Closed Won,Opportunity,,Wei Chen,2025-09-19T00:00:00Z,2026-03-26T00:00:00Z,,Website,Book a Demo page,0.9,False,False,"Filled out the form on the book-a-demo page. Very interested, wants pricing call."
100235373,Elena,Mehta,Elena Mehta,first_last,Head of Growth,Johnson Inc.,johnson,e.mehta@johnson.com,+971545987541,UAE,Qualified,Other,Offline Sources,Hana Kobayashi,2026-03-10T00:00:00Z,,,Event,Singapore FinTech Festival 2026 — Booth QR Code,0.9,False,False,"Met her at the Singapore FinTech Festival 2026 booth, scanned our QR code."
100235374,Luca,Cruz,Luca Cruz,first_last,Founder,Larsen AS Solutions,larsen,lucac@larsenas.com,+393524179302,Italy,Contacted,Lead,,Marcus Wong,2025-11-14T00:00:00Z,,,Organic Search,Google organic → Pricing page,0.75,False,False,Found us through organic google search then landed on the pricing page.
100235375,Lars,Nielsen,Lars Nielsen,first_last,Operations Lead,Kilat Retail Ventures,kilat,lars.nielsen@kilatretail.com,+919702459535,India,Connected,Other,Direct Traffic,Hana Kobayashi,2026-01-15T00:00:00Z,2026-01-15T00:00:00Z,,Website,Blog — lead scoring,0.9,False,False,Filled out the form on the blog post on lead scoring. Qualifying now.
100235376,Musa,Huang,Musa Huang,first_last,,Adeyemi Logistics Co.,adeyemi,musa.huang@adeyemilogistics.com,+8801338378404,Bangladesh,Closed Lost,Opportunity,Other Campaigns,Marcus Wong,2025-12-22T00:00:00Z,2026-02-02T00:00:00Z,,Other,General info@ inbox,0.3,True,False,Other - reached out via our general info@ inbox.
100235377,Joon,Asante,Joon Asante,first_last,,Chua Textiles Freight,chua,joona@chuatextiles.biz,+447815954517,United Kingdom,New,Opportunity,,Hana Kobayashi,2026-01-18T00:00:00Z,2026-05-28T00:00:00Z,,Organic Search,Google organic → Contact page,0.75,False,False,"Found us through organic google search then landed on the contact page. Connected, sending proposal."
100235378,Joon,Asante,Joon Asante,first_last,,Chua Textiles Consulting,chua,joonasante@chuatextiles.biz,+447815954517,United Kingdom,New,Opportunity,,Hana Kobayashi,2026-01-18T00:00:00Z,2026-05-28T00:00:00Z,,Organic Search,Google organic → Contact page,0.75,False,True,"Found us through organic google search then landed on the contact page. Connected, sending proposal. possible duplicate — verify before contacting."
100235379,Freya,Weber,Freya Weber,first_last,,Boateng Digital Inc.,boateng,freya.w@boatengdigital.sg,+60164792937,Malaysia,Connected,Marketing Qualified Lead,Referrals,Hana Kobayashi,2026-05-10T00:00:00Z,,,Referral,Referred by Adaeze Rossi,0.9,False,False,"Referred by Adaeze Rossi, warm intro. Connected, sending proposal."
100235380,Freya,Weber,Freya Weber,first_last,,Boateng Digital Pte Ltd,boateng,f.weber@boatengdigital.sg,+60164792937,Malaysia,Connected,Marketing Qualified Lead,Referrals,Hana Kobayashi,2026-05-10T00:00:00Z,2026-06-04T00:00:00Z,,Referral,Referred by Adaeze Rossi,0.9,False,True,"Referred by Adaeze Rossi, warm intro. Connected, sending proposal. possible duplicate — verify before contacting."
100235381,Leila,Toure,Leila Toure,first_last,Head of Growth,Liu Trading Ltd,liu,l.toure@liutrading.com,+46704382214,Sweden,Opportunity,Lead,,Priya Nair,2025-09-01T00:00:00Z,,,Website,Contact page,0.9,False,False,Filled out the form on the contact page.
100235382,Ana,Al-Farsi,Ana Al-Farsi,first_last,Finance Manager,Teo Consulting & Co,teo,anaa@teoconsulting.biz,+639609726548,Philippines,Closed Lost,Marketing Qualified Lead,Organic Search,Hana Kobayashi,2026-04-20T00:00:00Z,2026-05-22T00:00:00Z,,Organic Search,Google organic → Contact page,0.75,False,False,"Googled us and ended up on the contact page before booking a demo. Connected, sending proposal."
100235383,Linh,Singh,Linh Singh,first_last,Operations Lead,Reddy Holdings Freight Solutions,reddy,l.singh@reddyholdings.co,+233265193008,Ghana,Closed Lost,Other,,Rohan Mehta,2026-02-02T00:00:00Z,,,Website,Pricing page,0.9,False,False,Filled out the form on the pricing page.
100235384,Chidi,Boateng,Chidi Boateng,first_last,,BluePeak Holdings,bluepeak,chidi.b@bluepeak.biz,+4529993310,Denmark,Closed Won,,Direct Traffic,Wei Chen,2026-01-07T00:00:00Z,2026-05-11T00:00:00Z,,Website,Case study page,0.9,False,False,Filled out the form on the case study page.
100235385,Amina,Agyemang,Amina Agyemang,first_last,,Acme Solutions,acme,a.agyemang@acme.net,+61428440796,Australia,Closed Lost,,Other Campaigns,Rohan Mehta,2026-01-19T00:00:00Z,,,Manual/Sales,Walk-in,0.9,False,False,"Other - walked into our office without an appointment. Very interested, wants pricing call."
100235386,Sofia,Hansen,Sofia Hansen,first_last,,Diallo Imports Trading Co,diallo,s.hansen@dialloimports.sg,+4529386743,Denmark,Connected,Other,Organic Search,Priya Nair,2025-12-27T00:00:00Z,2026-05-24T00:00:00Z,,Organic Search,Google organic → Comparison vs HubSpot page,0.75,False,False,Found us through organic google search then landed on the comparison-vs-hubspot page.
100235387,Ismail,Bakar,Ismail Bakar,first_last,Finance Manager,Sim Robotics Analytics,sim,ismailb@simrobotics.net,+84976944496,Vietnam,Opportunity,Other,Other Campaigns,Rohan Mehta,2026-01-26T00:00:00Z,,,Other,General info@ inbox,0.3,True,False,"Other - reached out via our general info@ inbox. Great fit, prioritizing."
100235388,Kenji,Lim,Kenji Lim,first_last,,Li Consulting Freight,li,kenji.l@liconsulting.co,+8801736314007,Bangladesh,Closed Lost,Marketing Qualified Lead,Organic Search,Grace Osei,2025-10-20T00:00:00Z,,,Organic Search,Google organic → Book a Demo page,0.75,False,False,Found us through organic google search then landed on the book-a-demo page.
100235389,Julien,Rodrigues,Julien Rodrigues,first_last,,Ng Freight Inc,ng,julienr@ngfreight.sg,+66825076787,Thailand,Contacted,Opportunity,Offline Sources,Fatima Rahman,2026-06-07T00:00:00Z,2026-06-18T00:00:00Z,,Event,Mobile World Congress — Booth QR Code,0.9,False,False,"Met her at the Mobile World Congress booth, scanned our QR code."
100235390,Erik,Malik,Erik Malik,first_last,Finance Manager,Boateng Digital Robotics,boateng,erik.m@boatengdigital.net,+61431294735,Australia,Closed Lost,Opportunity,,Elena Popescu,2025-10-05T00:00:00Z,2026-01-29T00:00:00Z,,Website,Product tour page,0.9,False,False,"Filled out the form on the product tour page. Very interested, wants pricing call."
100235391,Ismail,Tan,Ismail Tan,first_last,,Costa Trading Digital,costa,i.tan@costatrading.com,+8613995282908,China,Opportunity,Marketing Qualified Lead,Other Campaigns,Hana Kobayashi,2026-05-12T00:00:00Z,,,Manual/Sales,Inbound phone call,0.9,False,False,Manual - added after inbound phone call. Qualifying now.
100235392,Ismail,Tan,Ismail Tan,first_last,,Costa Trading Freight Solutions,costa,i.tan@costatrading.com,+8613995282908,China,Opportunity,Marketing Qualified Lead,Other Campaigns,Hana Kobayashi,2026-05-12T00:00:00Z,2026-06-16T00:00:00Z,,Manual/Sales,Inbound phone call,0.9,False,False,Manual - added after inbound phone call. Qualifying now.
100235393,Tunde,Ocampo,Tunde Ocampo,first_last,,GreenLeaf Group,greenleaf,t.ocampo@greenleaf.co,+66796002640,Thailand,Connected,Lead,Direct Traffic,Marcus Wong,2026-01-14T00:00:00Z,2026-04-05T00:00:00Z,,Website,Homepage,0.9,False,False,Filled out the form on the homepage. Qualifying now.
100235394,Sara,Iyer,Sara Iyer,first_last,,Rossi SRL Freight,rossi,sara.iyer@rossisrl.co,+40725419999,Romania,Qualified,Lead,Offline Sources,Grace Osei,2026-01-16T00:00:00Z,2026-02-20T00:00:00Z,,Event,Mobile World Congress — Booth QR Code,0.9,False,False,"Met her at the Mobile World Congress booth, scanned our QR code. Not interested for now."
100235395,S.,Iyer,S. Iyer,full_name,,Rossi SRL Retail Group,rossi,sara.iyer@rossisrl.co,+40725419999,Romania,Qualified,Lead,Offline Sources,Grace Osei,2026-01-16T00:00:00Z,2026-02-20T00:00:00Z,,Event,Mobile World Congress — Booth QR Code,0.9,False,True,"Met her at the Mobile World Congress booth, scanned our QR code. Not interested for now. possible duplicate — verify before contacting."
100235396,Rin,Chua,Rin Chua,first_last,Head of Growth,Teo Consulting & Co,teo,rin.c@teoconsulting.com,+61488782497,Australia,Contacted,,Other Campaigns,Rohan Mehta,2026-01-28T00:00:00Z,2026-05-11T00:00:00Z,,Other,General info@ inbox,0.3,True,False,Other - reached out via our general info@ inbox. Qualifying now.
100235397,Rin,Chua,Rin Chua,first_last,Head of Growth,Teo Consulting & Robotics,teo,rinc@teoconsulting.com,+61488782497,Australia,Contacted,,Other Campaigns,Rohan Mehta,2026-01-28T00:00:00Z,2026-05-11T00:00:00Z,,Other,General info@ inbox,0.3,True,False,Other - reached out via our general info@ inbox. Qualifying now.
100235398,Linh,Schmidt,Linh Schmidt,first_last,Finance Manager,Patel Fintech Co.,patel,linh.schmidt@patelfintech.co,+6588342814,Singapore,Closed Won,Other,Organic Search,Priya Nair,2026-03-31T00:00:00Z,2026-03-31T00:00:00Z,,Organic Search,Google organic → Homepage,0.75,False,False,Found us through organic google search then landed on the homepage. No response yet.
100235399,Youssef,Jensen,Youssef Jensen,first_last,Head of Growth,Teo Consulting & Co,teo,youssef.jensen@teoconsulting.sg,+33610656930,France,New,,Social Media,Priya Nair,2026-04-23T00:00:00Z,2026-05-06T00:00:00Z,,LinkedIn,LinkedIn DM,0.9,False,False,"Linkedin dm inbound asking about pricing. Connected, sending proposal."
100235400,Anjali,Andersen,Anjali Andersen,first_last,Finance Manager,Costa Trading & Co,costa,anjali.a@costatrading.io,+16485550117,United States,New,,Social Media,Fatima Rahman,2026-05-07T00:00:00Z,2026-06-11T00:00:00Z,,LinkedIn,LinkedIn post engagement,0.9,False,False,"Connected on LinkedIn after commenting on our post. Connected, sending proposal."
100235401,Rania,Singh,Rania Singh,first_last,Operations Lead,Al-Farsi & Co,al farsi,r.singh@al-farsi.net,+2348091033442,Nigeria,New,Sales Qualified Lead,Social Media,Rohan Mehta,2026-04-03T00:00:00Z,2026-04-03T00:00:00Z,,LinkedIn,LinkedIn post engagement,0.9,False,False,"Connected on LinkedIn after commenting on our post. Connected, sending proposal."
100235402,Sophia,Liu,Sophia Liu,first_last,,Zahra Holdings,zahra,sophia.l@zahra.co,+447972449625,United Kingdom,Qualified,Marketing Qualified Lead,Offline Sources,Noah Bennett,2026-06-15T00:00:00Z,2026-06-15T00:00:00Z,,Event,Mobile World Congress — Booth QR Code,0.9,False,False,"Met her at the Mobile World Congress booth, scanned our QR code. Very interested, wants pricing call."
100235403,Lucas,Ndiaye,Lucas Ndiaye,first_last,VP Sales,Delta & Co,delta,lucas.n@delta.com,+817883704425,Japan,New,Sales Qualified Lead,,Fatima Rahman,2025-10-31T00:00:00Z,2025-10-31T00:00:00Z,,Organic Search,Google organic → Blog — lead scoring,0.75,False,False,"Found us through organic google search then landed on the blog post on lead scoring. Connected, sending proposal."
100235404,Julien,Oh,Julien Oh,first_last,,Ferrari Consulting & Co,ferrari,julien.o@ferrariconsulting.com,+34655871563,Spain,Opportunity,Other,Other Campaigns,Wei Chen,2025-09-14T00:00:00Z,2025-09-24T00:00:00Z,,Manual/Sales,Cold outreach call,0.9,False,False,Manually added by sales after a phone call from a cold outreach list.
100235405,George,Choi,George Choi,first_last,,Popescu Robotics,popescu,georgec@popescu.net,+79298041830,Russia,Qualified,Opportunity,Offline Sources,Priya Nair,2025-11-27T00:00:00Z,2026-04-12T00:00:00Z,73,Event,APAC Logistics Summit — Booth,0.9,False,False,"Met at the booth during APAC Logistics Summit, said they'd follow up over email."
100235406,Joon,Colombo,Joon Colombo,first_last,,Ho Bros Studio,ho,j.colombo@hobros.com.au,+971562768292,UAE,Connected,Sales Qualified Lead,,Diego Alvarez,2025-12-19T00:00:00Z,2025-12-24T00:00:00Z,,Event,TechCrunch Disrupt — Booth,0.9,False,False,"Spoke with them at our TechCrunch Disrupt booth, no QR scan logged. Not interested for now."
100235407,Joon,Colombo,Joon Colombo,first_last,,Ho Bros Freight,ho,j.colombo@hobros.com.au,+971562768292,UAE,Connected,Sales Qualified Lead,,Diego Alvarez,2025-12-19T00:00:00Z,2025-12-24T00:00:00Z,,Event,TechCrunch Disrupt — Booth,0.9,False,True,"Spoke with them at our TechCrunch Disrupt booth, no QR scan logged. Not interested for now. possible duplicate — verify before contacting."
100235408,Daniel,Agyemang,Daniel Agyemang,first_last,Founder,Chua Textiles Ltd,chua,daniela@chuatextiles.co,+393752393921,Italy,New,Opportunity,Direct Traffic,Hana Kobayashi,2025-12-15T00:00:00Z,2025-12-15T00:00:00Z,89,Website,Book a Demo page,0.9,False,False,Filled out the form on the book-a-demo page. Qualifying now.
100235409,Daniel,Agyemang,Daniel Agyemang,full_name,Founder,Chua Textiles Pte Ltd,chua,daniel.agyemang@chuatextiles.co,+393752393921,Italy,New,Opportunity,Direct Traffic,Hana Kobayashi,2025-12-15T00:00:00Z,2025-12-15T00:00:00Z,89,Website,Book a Demo page,0.9,False,True,Filled out the form on the book-a-demo page. Qualifying now. possible duplicate — verify before contacting.
100235410,Ines,Ba,Ines Ba,first_last,Founder,Zhang Retail Group,zhang,ines.ba@zhang.biz,+918157851005,India,Qualified,Other,,Marcus Wong,2026-05-17T00:00:00Z,2026-06-04T00:00:00Z,,Organic Search,Google organic → Book a Demo page,0.75,False,False,"Found us through organic google search then landed on the book-a-demo page. Connected, sending proposal."
100235411,Freya,Bruno,Freya Bruno,first_last,Operations Lead,GreenLeaf Studio,greenleaf,freya.bruno@greenleaf.com,+33641585491,France,Connected,Lead,Social Media,Grace Osei,2026-05-23T00:00:00Z,2026-05-27T00:00:00Z,,LinkedIn,from Original Source: Social Media,0.55,True,False,"Saw our post about replacing hubspot and commented. Left voicemail, will retry."
100235412,Isabelle,Cruz,Isabelle Cruz,first_last,,Han Imports Pte. Ltd.,han,i.cruz@hanimports.sg,+447910731350,United Kingdom,Closed Won,Customer,Other Campaigns,Rohan Mehta,2026-04-24T00:00:00Z,2026-06-13T00:00:00Z,26,Manual/Sales,Walk-in,0.9,False,False,Other - walked into our office without an appointment.
100235413,Kenji,Ang,Kenji Ang,first_last,Marketing Director,Yap Ventures Solutions,yap,k.ang@yapventures.sg,+525541767194,Mexico,Closed Lost,,Organic Search,Fatima Rahman,2026-05-29T00:00:00Z,2026-06-10T00:00:00Z,,Organic Search,Google organic → Homepage,0.75,False,False,"Found us through organic google search then landed on the homepage. Very interested, wants pricing call."
100235414,Kenji,Ang,Kenji Ang,first_last,Marketing Director,Yap Ventures Analytics,yap,k.ang@yapventures.sg,+525541767194,Mexico,Closed Lost,,Organic Search,Fatima Rahman,2026-05-29T00:00:00Z,,,Organic Search,Google organic → Homepage,0.75,False,False,"Found us through organic google search then landed on the homepage. Very interested, wants pricing call."
100235415,Ananya,Kone,Ananya Kone,first_last,Head of Growth,Ho Bros Robotics,ho,ananyak@hobros.co,+639335124753,Philippines,Closed Lost,Other,,Grace Osei,2026-02-22T00:00:00Z,2026-03-17T00:00:00Z,,Organic Search,Google organic → Pricing page,0.75,False,False,"Found us through organic google search then landed on the pricing page. Very interested, wants pricing call."
100235416,Bashir,Li,Bashir Li,first_last,,Kim Trading Ventures,kim,b.li@kimtrading.com.au,+491603252405,Germany,Qualified,Customer,,Priya Nair,2026-02-22T00:00:00Z,2026-02-22T00:00:00Z,,Manual/Sales,Cold outreach call,0.9,False,False,"Manually added by sales after a phone call from a cold outreach list. Left voicemail, will retry."
100235417,Mia,Johnson,Mia Johnson,first_last,Operations Lead,Boateng Digital Ltd,boateng,mia.j@boatengdigital.com,+525586423027,Mexico,Opportunity,Lead,Referrals,Elena Popescu,2025-12-11T00:00:00Z,,,Referral,Referred by Sophia Christensen,0.9,False,False,"Referred by Sophia Christensen, warm intro."
100235418,Mia,Johnson,Mia Johnson,first_last,Operations Lead,Boateng Digital Partners,boateng,miajohnson@boatengdigital.com,+525586423027,Mexico,Opportunity,Lead,Referrals,Elena Popescu,2025-12-11T00:00:00Z,2026-01-03T00:00:00Z,,Referral,Referred by Sophia Christensen,0.9,False,True,"Referred by Sophia Christensen, warm intro. possible duplicate — verify before contacting."
100235419,Diego,Johnson,Diego Johnson,first_last,Head of Growth,Boateng Digital Ltd,boateng,diego.johnson@boatengdigital.com,+393895242835,Italy,Opportunity,Marketing Qualified Lead,,Elena Popescu,2026-05-27T00:00:00Z,2026-06-03T00:00:00Z,,Manual/Sales,Inbound phone call,0.9,False,False,Manual - added after inbound phone call. Not interested for now.
100235420,Hui Fang,Popescu,Hui Fang Popescu,first_last,,Fischer Trading Ltd,fischer,huifang.popescu@fischertrading.co,+818656992783,Japan,Opportunity,Sales Qualified Lead,Paid Search,Fatima Rahman,2025-12-28T00:00:00Z,2026-04-29T00:00:00Z,,Website,Book a Demo page — Google Ads,0.85,False,False,Booked a demo via the book-a-demo page after clicking a google ad. Qualifying now.
100235421,Hui Fang,Popescu,Hui Fang Popescu,first_last,,Fischer Trading Consulting,fischer,huifangp@fischertrading.co,+818656992783,Japan,Opportunity,Sales Qualified Lead,Paid Search,Fatima Rahman,2025-12-28T00:00:00Z,2026-04-29T00:00:00Z,,Website,Book a Demo page — Google Ads,0.85,False,True,Booked a demo via the book-a-demo page after clicking a google ad. Qualifying now. possible duplicate — verify before contacting.
100235422,Ryan,Agyemang,Ryan Agyemang,first_last,VP Sales,Wong Legal Trading,wong,ryan.a@wonglegal.sg,+639768102572,Philippines,New,Other,Other Campaigns,Wei Chen,2026-04-07T00:00:00Z,2026-04-09T00:00:00Z,,Manual/Sales,Walk-in,0.9,False,False,Other - walked into our office without an appointment.
100235423,Ava,Bennett,Ava Bennett,first_last,,Santos Ltda Robotics,santos ltda,avab@santosltda.io,+393621538041,Italy,Opportunity,Customer,Referrals,Wei Chen,2026-04-12T00:00:00Z,2026-06-13T00:00:00Z,,Referral,Referred by Matteo Schulz,0.9,False,False,"Referred by Matteo Schulz, warm intro. Qualifying now."
100235424,Mateo,Frimpong,Mateo Frimpong,first_last,,Martinez Solutions,martinez,m.frimpong@martinez.net,+306913174829,Greece,Closed Lost,Sales Qualified Lead,Other Campaigns,Elena Popescu,2025-11-03T00:00:00Z,2025-11-03T00:00:00Z,,Manual/Sales,Inbound phone call,0.9,False,False,Manual - added after inbound phone call. Qualifying now.
100235425,Hana,Teo,Hana Teo,first_last,Operations Lead,Sayed Trading Studio,sayed,hana.t@sayedtrading.biz,+48699772403,Poland,Closed Won,Customer,,Elena Popescu,2026-04-22T00:00:00Z,2026-04-22T00:00:00Z,,LinkedIn,LinkedIn post engagement,0.9,False,False,Connected on LinkedIn after commenting on our post. Qualifying now.
100235426,Mateo,Yeo,Mateo Yeo,first_last,Operations Lead,Weber Analytics Inc,weber,m.yeo@weberanalytics.io,+31633148043,Netherlands,Qualified,Customer,Other Campaigns,Rohan Mehta,2025-09-29T00:00:00Z,,,Other,General info@ inbox,0.3,True,False,Other - reached out via our general info@ inbox.
100235427,Chloe,Almeida,Chloe Almeida,first_last,Marketing Director,Kang Holdings,kang,chloea@kangholdings.biz,+447966245251,United Kingdom,Closed Lost,Customer,Other Campaigns,Priya Nair,2026-01-24T00:00:00Z,2026-04-22T00:00:00Z,,Manual/Sales,Walk-in,0.9,False,False,Other - walked into our office without an appointment.
100235428,Sora,Wong,Sora Wong,first_last,Marketing Director,Mensah Trading,mensah,sora.w@mensahtrading.com.au,+34662745174,Spain,Closed Won,Marketing Qualified Lead,,Priya Nair,2026-06-15T00:00:00Z,2026-06-18T00:00:00Z,,Event,Web Summit 2026 — Booth QR Code,0.9,False,False,"Met her at the Web Summit 2026 booth, scanned our QR code. No response yet."
100235429,Pedro,Sun,Pedro Sun,first_last,,Han Imports Pte. Ltd.,han,pedro.sun@hanimports.net,+8801789888878,Bangladesh,Contacted,Lead,Direct Traffic,Priya Nair,2026-05-22T00:00:00Z,2026-06-03T00:00:00Z,,Website,Contact page,0.9,False,False,Filled out the form on the contact page.
100235430,Camille,Ho,Camille Ho,first_last,,Popescu Pte. Ltd.,popescu,camilleh@popescu.com.au,+66821986265,Thailand,New,Opportunity,,Noah Bennett,2025-11-30T00:00:00Z,2026-04-12T00:00:00Z,67,Event,Mobile World Congress — Booth,0.9,False,False,"Spoke with them at our Mobile World Congress booth, no QR scan logged. Very interested, wants pricing call."
100235431,Nils,Williams,Nils Williams,first_last,Marketing Director,Gupta Textiles Robotics,gupta,nils.w@guptatextiles.net,+821032476645,South Korea,New,Customer,Other Campaigns,Marcus Wong,2026-05-10T00:00:00Z,2026-06-09T00:00:00Z,,Manual/Sales,Walk-in,0.9,False,False,Other - walked into our office without an appointment.
100235432,Nils,Williams,Nils Williams,full_name,Marketing Director,Gupta Textiles Co.,gupta,nilswilliams@guptatextiles.net,+821032476645,South Korea,New,Customer,Other Campaigns,Marcus Wong,2026-05-10T00:00:00Z,2026-06-09T00:00:00Z,,Manual/Sales,Walk-in,0.9,False,False,Other - walked into our office without an appointment.
100235433,Siti,Choi,Siti Choi,first_last,Operations Lead,Toure Consulting Co,toure,siti.choi@toureconsulting.biz,+66710077223,Thailand,New,Marketing Qualified Lead,,Noah Bennett,2025-12-31T00:00:00Z,2026-03-22T00:00:00Z,,Event,Dubai FinTech Week — Booth QR Code,0.9,False,False,He scanned our QR code at the Dubai FinTech Week booth. No response yet.
100235434,Min-jun,Dubois,Min-jun Dubois,first_last,Founder,Reyes Trading,reyes,min-jun.dubois@reyes.co,+8613655125665,China,New,Marketing Qualified Lead,Paid Search,Hana Kobayashi,2025-12-14T00:00:00Z,2026-01-09T00:00:00Z,,Website,Book a Demo page — Google Ads,0.85,False,False,Booked a demo via the book-a-demo page after clicking a google ad.
100235435,Ines,Sim,Ines Sim,first_last,VP Sales,Nord Co.,nord,ines.s@nord.co,+8801886672653,Bangladesh,Connected,Other,Direct Traffic,Hana Kobayashi,2026-04-13T00:00:00Z,2026-06-06T00:00:00Z,,Website,Blog — lead scoring,0.9,False,False,Filled out the form on the blog post on lead scoring.
100235436,Ines,Sim,Ines Sim,first_last,VP Sales,Nord Studio,nord,inessim@nord.co,+8801886672653,Bangladesh,Connected,Other,Direct Traffic,Hana Kobayashi,2026-04-13T00:00:00Z,2026-06-06T00:00:00Z,,Website,Blog — lead scoring,0.9,False,False,Filled out the form on the blog post on lead scoring.
100235437,David,Sow,David Sow,first_last,Finance Manager,Rao Ventures Trading,rao,d.sow@raoventures.com.au,+66739564668,Thailand,Closed Lost,Sales Qualified Lead,,Grace Osei,2025-11-21T00:00:00Z,2025-11-21T00:00:00Z,,Website,Book a Demo page — Google Ads,0.85,False,False,Booked a demo via the book-a-demo page after clicking a google ad.
100235438,Elena,Asante,Elena Asante,first_last,Finance Manager,Park Biotech Digital,park,elena.asante@parkbiotech.net,+5491153994853,Argentina,Qualified,Customer,Direct Traffic,Elena Popescu,2026-06-05T00:00:00Z,2026-06-13T00:00:00Z,,Website,Homepage,0.9,False,False,Filled out the form on the homepage.
100235439,Ananya,Silva,Ananya Silva,first_last,,Martinez Studio,martinez,ananya.silva@martinez.co,+66866818403,Thailand,Closed Lost,Customer,Direct Traffic,Rohan Mehta,2026-04-23T00:00:00Z,2026-06-10T00:00:00Z,,Website,Product tour page,0.9,False,False,Filled out the form on the product tour page. No response yet.
100235440,Abena,Ivanova,Abena Ivanova,first_last,Marketing Director,Costa Trading Ltd,costa,abena.i@costatrading.biz,+2348096047299,Nigeria,Opportunity,Marketing Qualified Lead,,Elena Popescu,2026-04-12T00:00:00Z,2026-05-01T00:00:00Z,,Website,Homepage,0.9,False,False,"Filled out the form on the homepage. Great fit, prioritizing."
100235441,Nadia,Ndiaye,Nadia Ndiaye,first_last,,Zhang & Co,zhang,nadian@zhang.com,+48597845734,Poland,Connected,Other,,Hana Kobayashi,2026-06-19T00:00:00Z,2026-06-19T00:00:00Z,,Manual/Sales,Cold outreach call,0.9,False,False,"Manually added by sales after a phone call from a cold outreach list. Great fit, prioritizing."
100235442,Suresh,Ong,Suresh Ong,first_last,Founder,Wang Manufacturing Retail Group,wang,suresho@wangmanufacturing.io,+40748987299,Romania,Opportunity,Customer,,Marcus Wong,2026-02-22T00:00:00Z,2026-03-27T00:00:00Z,,Event,Retail Asia Expo — Booth QR Code,0.9,False,False,"Met her at the Retail Asia Expo booth, scanned our QR code. No response yet."
100235443,Bashir,Malik,Bashir Malik,first_last,,Lau Ventures,lau,bashir.m@lau.com,+351931269022,Portugal,Opportunity,Sales Qualified Lead,,Noah Bennett,2026-06-14T00:00:00Z,2026-06-18T00:00:00Z,,Organic Search,Google organic → Product tour page,0.75,False,False,"Googled us and ended up on the product tour page before booking a demo. Left voicemail, will retry."
100235444,Bashir,Malik,Bashir Malik,first_last,,Lau Solutions,lau,b.malik@lau.com,+351931269022,Portugal,Opportunity,Sales Qualified Lead,,Noah Bennett,2026-06-14T00:00:00Z,2026-06-18T00:00:00Z,,Organic Search,Google organic → Product tour page,0.75,False,False,"Googled us and ended up on the product tour page before booking a demo. Left voicemail, will retry."
100235445,Sven,Tanaka,Sven Tanaka,first_last,,Zahra Holdings,zahra,sven.tanaka@zahra.io,+61432474734,Australia,Contacted,,,Noah Bennett,2026-05-02T00:00:00Z,,,Event,APAC Logistics Summit — Booth QR Code,0.9,False,False,Scanned the QR code at our APAC Logistics Summit booth.
100235446,Farid,Diallo,Farid Diallo,first_last,VP Sales,Koh & Sons Trading,koh,farid.diallo@kohsons.com.au,+525587471985,Mexico,Opportunity,Other,Paid Search,Wei Chen,2026-05-03T00:00:00Z,2026-05-03T00:00:00Z,,Website,Book a Demo page — Google Ads,0.85,False,False,"Booked a demo via the book-a-demo page after clicking a google ad. Great fit, prioritizing."
100235447,Ha-eun,Petersen,Ha-eun Petersen,first_last,Operations Lead,Lotus Finance Robotics,lotus,ha-eun.p@lotusfinance.sg,+491593811691,Germany,Contacted,Opportunity,,Grace Osei,2026-05-20T00:00:00Z,,,Website,Comparison vs HubSpot page,0.9,False,False,Filled out the form on the comparison-vs-hubspot page. Qualifying now.
100235448,Ha-eun,Petersen,Ha-eun Petersen,first_last,Operations Lead,Lotus Finance Inc,lotus,ha-eun.petersen@lotusfinance.sg,+491593811691,Germany,Contacted,Opportunity,,Grace Osei,2026-05-20T00:00:00Z,,,Website,Comparison vs HubSpot page,0.9,False,True,Filled out the form on the comparison-vs-hubspot page. Qualifying now. possible duplicate — verify before contacting.
100235449,Chloe,Seo,Chloe Seo,first_last,Head of Growth,Mekong & Co,mekong,chloe.seo@mekong.io,+4525183610,Denmark,Connected,Sales Qualified Lead,,Hana Kobayashi,2025-09-18T00:00:00Z,2026-04-23T00:00:00Z,,Referral,Referred by Layla Bennett,0.9,False,False,"Referred by Layla Bennett, warm intro. Connected, sending proposal."
100235450,Mia,Schulz,Mia Schulz,first_last,,BluePeak Retail Group,bluepeak,mia.s@bluepeak.net,+31677713452,Netherlands,Closed Lost,Lead,,Wei Chen,2026-03-07T00:00:00Z,2026-06-09T00:00:00Z,,Manual/Sales,Inbound phone call,0.9,False,False,"Manual - added after inbound phone call. Left voicemail, will retry."
100235451,Mia,Schulz,Mia Schulz,full_name,,BluePeak Retail Inc.,bluepeak,mia.schulz@bluepeak.net,+31677713452,Netherlands,Closed Lost,Lead,,Wei Chen,2026-03-07T00:00:00Z,2026-06-09T00:00:00Z,,Manual/Sales,Inbound phone call,0.9,False,True,"Manual - added after inbound phone call. Left voicemail, will retry. possible duplicate — verify before contacting."
100235452,Miguel,Teo,Miguel Teo,first_last,,Rao Ventures Trading,rao,miguel.teo@raoventures.com.au,+212632335471,Morocco,Qualified,Sales Qualified Lead,Social Media,Diego Alvarez,2026-03-05T00:00:00Z,2026-04-08T00:00:00Z,,LinkedIn,LinkedIn DM,0.9,False,False,Linkedin dm inbound asking about pricing. Qualifying now.
100235453,Ngozi,Sato,Ngozi Sato,first_last,,Kim Trading Co,kim,ngozi.s@kimtrading.biz,+819086803876,Japan,New,Opportunity,Other Campaigns,Fatima Rahman,2025-12-11T00:00:00Z,2026-06-12T00:00:00Z,,Manual/Sales,Cold outreach call,0.9,False,False,Manually added by sales after a phone call from a cold outreach list. No response yet.
100235454,Benjamin,Mehta,Benjamin Mehta,first_last,,Wong Legal Partners,wong,b.mehta@wonglegal.io,+8801632785055,Bangladesh,Connected,Other,,Fatima Rahman,2026-06-04T00:00:00Z,2026-06-13T00:00:00Z,,Organic Search,Google organic → Book a Demo page,0.75,False,False,Googled us and ended up on the book-a-demo page before booking a demo. Not interested for now.
100235455,Laura,Sim,Laura Sim,first_last,Founder,Weber Analytics Studio,weber,laura.s@weberanalytics.net,+6586843856,Singapore,Qualified,Lead,Direct Traffic,Wei Chen,2025-09-29T00:00:00Z,2026-05-26T00:00:00Z,,Website,Product tour page,0.9,False,False,"Filled out the form on the product tour page. Left voicemail, will retry."
100235456,Laura,Sim,Laura Sim,first_last,Founder,Weber Analytics Inc,weber,l.sim@weberanalytics.net,+6586843856,Singapore,Qualified,Lead,Direct Traffic,Wei Chen,2025-09-29T00:00:00Z,2026-05-26T00:00:00Z,,Website,Product tour page,0.9,False,True,"Filled out the form on the product tour page. Left voicemail, will retry. possible duplicate — verify before contacting."
100235457,Sigrid,Pereira,Sigrid Pereira,first_last,,Sim Robotics Labs,sim,sigridp@simrobotics.sg,+61498857839,Australia,Closed Lost,Sales Qualified Lead,Social Media,Rohan Mehta,2026-03-02T00:00:00Z,2026-05-22T00:00:00Z,,LinkedIn,LinkedIn post engagement,0.9,False,False,"Connected on LinkedIn after commenting on our post. Left voicemail, will retry."
100235458,Sigrid,Pereira,Sigrid Pereira,full_name,,Sim Robotics Co,sim,s.pereira@simrobotics.sg,+61498857839,Australia,Closed Lost,Sales Qualified Lead,Social Media,Rohan Mehta,2026-03-02T00:00:00Z,2026-05-22T00:00:00Z,,LinkedIn,LinkedIn post engagement,0.9,False,False,"Connected on LinkedIn after commenting on our post. Left voicemail, will retry."
100235459,Kevin,Mehta,Kevin Mehta,first_last,,Foster & Co,foster,k.mehta@foster.biz,+84999434216,Vietnam,New,Customer,Other Campaigns,Noah Bennett,2026-04-29T00:00:00Z,,,Manual/Sales,Inbound phone call,0.9,False,False,Manual - added after inbound phone call. Qualifying now.
100235460,Elin,Meyer,Elin Meyer,first_last,Finance Manager,Ng Freight,ng,elin.meyer@ngfreight.io,+818924622899,Japan,New,Opportunity,Other Campaigns,Noah Bennett,2025-10-24T00:00:00Z,2025-10-24T00:00:00Z,,Event,Money20/20 Asia — Booth,0.9,False,False,"Met at the booth during Money20/20 Asia, said they'd follow up over email."
100235461,Elin,Meyer,Elin Meyer,first_last,Finance Manager,Ng Freight Trading Co,ng,elinmeyer@ngfreight.io,+818924622899,Japan,New,Opportunity,Other Campaigns,Noah Bennett,2025-10-24T00:00:00Z,2025-10-24T00:00:00Z,,Event,Money20/20 Asia — Booth,0.9,False,False,"Met at the booth during Money20/20 Asia, said they'd follow up over email."
100235462,Omar,Wong,Omar Wong,first_last,,Tanaka Partners,tanaka,omar.w@tanaka.biz,+525533036523,Mexico,Closed Won,Lead,Referrals,Elena Popescu,2026-02-15T00:00:00Z,,,Referral,Referred by Kofi Kowalski,0.9,False,False,"Referred by Kofi Kowalski, warm intro. Qualifying now."
100235463,Ava,Nkrumah,Ava Nkrumah,first_last,,Patel Fintech Freight Solutions,patel,ava.n@patelfintech.com.au,+60123348433,Malaysia,New,Marketing Qualified Lead,,Diego Alvarez,2025-12-07T00:00:00Z,,,Referral,Referred by Bruno Sow,0.9,False,False,"Referred by Bruno Sow, warm intro. Connected, sending proposal."
100235464,Zainab,Bakker,Zainab Bakker,first_last,,Silva Co,silva,z.bakker@silva.sg,+2348051613725,Nigeria,Opportunity,Customer,Social Media,Priya Nair,2026-04-15T00:00:00Z,2026-04-25T00:00:00Z,,LinkedIn,from Original Source: Social Media,0.55,True,False,"Saw our post about replacing hubspot and commented. Very interested, wants pricing call."
100235465,Mei Ling,Lim,Mei Ling Lim,first_last,Marketing Director,Huang Analytics Group,huang,m.lim@huanganalytics.com,+84911176950,Vietnam,Qualified,Opportunity,,Elena Popescu,2026-04-20T00:00:00Z,,,Website,Book a Demo page,0.9,False,False,Filled out the form on the book-a-demo page. Not interested for now.
100235466,Salma,Greco,Salma Greco,first_last,,Kilat Retail Inc,kilat,salma.greco@kilatretail.com,+818630091634,Japan,Contacted,Lead,Paid Search,Noah Bennett,2026-06-11T00:00:00Z,2026-06-18T00:00:00Z,,Website,Book a Demo page — Google Ads,0.85,False,False,Booked a demo via the book-a-demo page after clicking a google ad. Not interested for now.
100235467,Hassan,Frimpong,Hassan Frimpong,first_last,Head of Growth,Huang Analytics Digital,huang,h.frimpong@huanganalytics.com,+5511916957694,Brazil,Qualified,Lead,,Fatima Rahman,2025-09-28T00:00:00Z,,,Organic Search,Google organic → Pricing page,0.75,False,False,"Googled us and ended up on the pricing page before booking a demo. Great fit, prioritizing."
100235468,Catarina,Diallo,Catarina Diallo,first_last,Operations Lead,BluePeak Freight Solutions,bluepeak,catarinad@bluepeak.sg,+2348013092974,Nigeria,Opportunity,Lead,,Grace Osei,2025-12-11T00:00:00Z,,,Referral,Referred by Marcus Russo,0.9,False,False,"Referred by Marcus Russo, warm intro. Very interested, wants pricing call."
100235469,Emily,Xu,Emily Xu,first_last,,Sayed Trading Co,sayed,emilyx@sayedtrading.com,+393807031408,Italy,Closed Won,Lead,,Marcus Wong,2025-09-26T00:00:00Z,2026-06-01T00:00:00Z,,Manual/Sales,Cold outreach call,0.9,False,False,Manually added by sales after a phone call from a cold outreach list.
100235470,Rin,Lee,Rin Lee,first_last,VP Sales,Athens Retail Freight,athens,rin.lee@athensretail.biz,+4522154288,Denmark,Opportunity,Customer,Other Campaigns,Priya Nair,2026-01-31T00:00:00Z,2026-06-07T00:00:00Z,,Other,General info@ inbox,0.3,True,False,Other - reached out via our general info@ inbox. Qualifying now.
100235471,Ananya,Malik,Ananya Malik,first_last,VP Sales,Sayed Trading,sayed,a.malik@sayedtrading.com,+61472393150,Australia,Qualified,Opportunity,Direct Traffic,Elena Popescu,2026-01-15T00:00:00Z,2026-02-28T00:00:00Z,,Website,Contact page,0.9,False,False,"Filled out the form on the contact page. Left voicemail, will retry."
100235472,Jia Hui,Rossi,Jia Hui Rossi,first_last,,Toure Consulting Freight,toure,jiahui.rossi@toureconsulting.io,+61469152627,Australia,Qualified,,Social Media,Rohan Mehta,2025-11-27T00:00:00Z,2025-11-27T00:00:00Z,,LinkedIn,LinkedIn post engagement,0.9,False,False,"Connected on LinkedIn after commenting on our post. Connected, sending proposal."
100235473,Manon,Romano,Manon Romano,first_last,,Weber Analytics Inc,weber,manon.r@weberanalytics.com,+60196155747,Malaysia,Closed Lost,Customer,Direct Traffic,Priya Nair,2025-10-07T00:00:00Z,2026-04-29T00:00:00Z,,Website,Comparison vs HubSpot page,0.9,False,False,Filled out the form on the comparison-vs-hubspot page.
100235474,Siti,Ferreira,Siti Ferreira,first_last,VP Sales,Koh & Sons Pte Ltd,koh,siti.ferreira@kohsons.co,+306984278754,Greece,Closed Lost,Lead,Organic Search,Wei Chen,2025-12-06T00:00:00Z,2025-12-27T00:00:00Z,,Organic Search,Google organic → Contact page,0.75,False,False,Found us through organic google search then landed on the contact page.
100235475,Ngozi,Andersen,Ngozi Andersen,first_last,Founder,Liu Trading Pte. Ltd.,liu,ngozi.andersen@liutrading.co,+34639830220,Spain,Connected,,Social Media,Marcus Wong,2026-04-05T00:00:00Z,2026-04-05T00:00:00Z,,LinkedIn,LinkedIn DM,0.9,False,False,Linkedin dm inbound asking about pricing.
100235476,Chidi,Sim,Chidi Sim,first_last,Founder,Martinez Pte. Ltd.,martinez,chidi.s@martinez.com.au,+31671657287,Netherlands,Opportunity,Marketing Qualified Lead,Social Media,Diego Alvarez,2026-04-08T00:00:00Z,2026-04-08T00:00:00Z,91,LinkedIn,LinkedIn DM,0.9,False,False,Linkedin dm inbound asking about pricing.
100235477,Sara,Kowalski,Sara Kowalski,first_last,VP Sales,Acme Labs,acme,s.kowalski@acme.net,+491677713076,Germany,Opportunity,Other,,Rohan Mehta,2025-12-26T00:00:00Z,2026-04-16T00:00:00Z,,Event,TechCrunch Disrupt — Booth QR Code,0.9,False,False,Scanned the QR code at our TechCrunch Disrupt booth.
100235478,Karim,Toure,Karim Toure,first_last,,Liu Trading Studio,liu,k.toure@liutrading.biz,+61462210338,Australia,Contacted,Opportunity,,Noah Bennett,2025-09-01T00:00:00Z,2026-01-06T00:00:00Z,,Event,TechCrunch Disrupt — Booth QR Code,0.9,False,False,"Scanned the QR code at our TechCrunch Disrupt booth. Great fit, prioritizing."
100235479,Priscilla,Koch,Priscilla Koch,first_last,,Zahra Pte. Ltd.,zahra,p.koch@zahra.net,+31654821462,Netherlands,Closed Won,Customer,Direct Traffic,Noah Bennett,2026-03-25T00:00:00Z,2026-05-24T00:00:00Z,,Website,Product tour page,0.9,False,False,"Filled out the form on the product tour page. Great fit, prioritizing."
100235480,Priscilla,Koch,Priscilla Koch,first_last,,Zahra Labs,zahra,p.koch@zahra.net,+31654821462,Netherlands,Closed Won,Customer,Direct Traffic,Noah Bennett,2026-03-25T00:00:00Z,2026-05-24T00:00:00Z,,Website,Product tour page,0.9,False,True,"Filled out the form on the product tour page. Great fit, prioritizing. possible duplicate — verify before contacting."
100235481,Priscilla,Koch,Priscilla Koch,first_last,,Zahra Group,zahra,priscillakoch@zahra.net,+31654821462,Netherlands,Closed Won,Customer,Direct Traffic,Noah Bennett,2026-03-25T00:00:00Z,2026-05-24T00:00:00Z,,Website,Product tour page,0.9,False,False,"Filled out the form on the product tour page. Great fit, prioritizing."
100235482,Sanjay,Wong,Sanjay Wong,first_last,,Zahra Labs,zahra,sanjayw@zahra.co,+84912273208,Vietnam,Closed Lost,Customer,Other Campaigns,Wei Chen,2025-09-30T00:00:00Z,2026-06-01T00:00:00Z,,Manual/Sales,Walk-in,0.9,False,False,"Other - walked into our office without an appointment. Very interested, wants pricing call."
100235483,Ethan,Hoffmann,Ethan Hoffmann,first_last,VP Sales,Athens Retail Trading Co,athens,e.hoffmann@athensretail.biz,+8613852586368,China,Connected,Customer,Offline Sources,Priya Nair,2026-03-14T00:00:00Z,2026-03-20T00:00:00Z,,Event,Mobile World Congress — Booth QR Code,0.9,False,False,"Scanned the QR code at our Mobile World Congress booth. Connected, sending proposal."
100235484,Freya,Rossi,Freya Rossi,first_last,Finance Manager,Teo Consulting Pte. Ltd.,teo,freya.r@teoconsulting.co,+33630114950,France,Qualified,,,Grace Osei,2026-05-09T00:00:00Z,,,LinkedIn,LinkedIn post engagement,0.9,False,False,"Connected on LinkedIn after commenting on our post. Connected, sending proposal."
100235485,Adaeze,Sy,Adaeze Sy,first_last,,Mensah Trading Retail Group,mensah,adaeze.s@mensahtrading.io,+393843961887,Italy,New,Opportunity,Offline Sources,Grace Osei,2026-02-25T00:00:00Z,2026-03-03T00:00:00Z,,Event,APAC Logistics Summit — Booth QR Code,0.9,False,False,"Met her at the APAC Logistics Summit booth, scanned our QR code."
100235486,Ji-woo,Pham,Ji-woo Pham,first_last,Founder,Williams Inc,williams,j.pham@williams.com,+491722676290,Germany,New,Sales Qualified Lead,Referrals,Rohan Mehta,2026-01-07T00:00:00Z,,,Referral,Referred by Arjun Tan,0.9,False,False,"Referred by Arjun Tan, warm intro."
100235487,Ji-woo,Pham,Ji-woo Pham,first_last,Founder,Williams Trading,williams,ji-woopham@williams.com,+491722676290,Germany,New,Sales Qualified Lead,Referrals,Rohan Mehta,2026-01-07T00:00:00Z,2026-05-19T00:00:00Z,,Referral,Referred by Arjun Tan,0.9,False,False,"Referred by Arjun Tan, warm intro."
100235488,Sarah,Martinez,Sarah Martinez,first_last,Finance Manager,Ferrari Consulting Pte. Ltd.,ferrari,sarahm@ferrariconsulting.io,+19535550197,United States,Qualified,Sales Qualified Lead,,Fatima Rahman,2026-04-09T00:00:00Z,2026-05-28T00:00:00Z,,Website,Pricing page,0.9,False,False,"Filled out the form on the pricing page. Great fit, prioritizing."
100235489,Julien,Asante,Julien Asante,first_last,,Fischer Trading Consulting,fischer,juliena@fischertrading.net,+84907928032,Vietnam,Connected,Sales Qualified Lead,Other Campaigns,Grace Osei,2026-01-25T00:00:00Z,2026-04-21T00:00:00Z,,Manual/Sales,Cold outreach call,0.9,False,False,Manually added by sales after a phone call from a cold outreach list.
100235490,Daniel,Colombo,Daniel Colombo,first_last,Founder,Kilat Retail Robotics,kilat,d.colombo@kilatretail.sg,+447850776399,United Kingdom,Closed Lost,Other,Direct Traffic,Wei Chen,2026-05-09T00:00:00Z,2026-05-21T00:00:00Z,,Website,Contact page,0.9,False,False,Filled out the form on the contact page.
100235491,Mateo,Lim,Mateo Lim,first_last,Founder,Williams & Co,williams,m.lim@williams.co,+491694849318,Germany,Connected,,Direct Traffic,Fatima Rahman,2026-02-04T00:00:00Z,,,Website,Book a Demo page,0.9,False,False,"Filled out the form on the book-a-demo page. Very interested, wants pricing call."
100235492,Tariq,Zhao,Tariq Zhao,first_last,,Bennett Pte. Ltd.,bennett,t.zhao@bennett.net,+5491169242080,Argentina,Qualified,Customer,,Elena Popescu,2025-12-21T00:00:00Z,2026-05-11T00:00:00Z,,Event,Retail Asia Expo — Booth QR Code,0.9,False,False,"Met her at the Retail Asia Expo booth, scanned our QR code. Qualifying now."
100235493,Catarina,Costa,Catarina Costa,first_last,,Reddy Holdings Robotics,reddy,catarina.costa@reddyholdings.biz,+46704227184,Sweden,Closed Lost,Marketing Qualified Lead,,Hana Kobayashi,2025-10-24T00:00:00Z,2026-02-16T00:00:00Z,,Manual/Sales,Inbound phone call,0.9,False,False,"Manual - added after inbound phone call. Left voicemail, will retry."
100235494,Elijah,Colombo,Elijah Colombo,first_last,VP Sales,Saigon & Co,saigon,elijah.colombo@saigon.io,+917369394681,India,Closed Lost,Customer,Other Campaigns,Hana Kobayashi,2025-09-16T00:00:00Z,,,Manual/Sales,Walk-in,0.9,False,False,Other - walked into our office without an appointment.
100235495,E.,Colombo,E. Colombo,full_name,VP Sales,Saigon & Co.,saigon,e.colombo@saigon.io,+917369394681,India,Closed Lost,Customer,Other Campaigns,Hana Kobayashi,2025-09-16T00:00:00Z,,,Manual/Sales,Walk-in,0.9,False,True,Other - walked into our office without an appointment. possible duplicate — verify before contacting.
100235496,Chiara,Diop,Chiara Diop,first_last,Head of Growth,Sato Partners,sato,chiarad@sato.com,+85274922522,Hong Kong,Connected,Lead,Referrals,Fatima Rahman,2026-06-11T00:00:00Z,2026-06-16T00:00:00Z,,Referral,Referred by Daniel Santos,0.9,False,False,"Referred by Daniel Santos, warm intro. Not interested for now."
100235497,Omar,Lim,Omar Lim,first_last,,Acme Analytics,acme,omar.lim@acme.net,+212661331057,Morocco,Closed Won,,Paid Search,Diego Alvarez,2026-02-16T00:00:00Z,2026-05-02T00:00:00Z,,Website,Book a Demo page — Google Ads,0.85,False,False,Booked a demo via the book-a-demo page after clicking a google ad. No response yet.
100235498,Bashir,Iyer,Bashir Iyer,first_last,VP Sales,Schmidt AG Freight Solutions,schmidt ag,b.iyer@schmidtag.com,+31610258323,Netherlands,Opportunity,Sales Qualified Lead,Organic Search,Marcus Wong,2026-03-24T00:00:00Z,2026-06-07T00:00:00Z,,Organic Search,Google organic → Product tour page,0.75,False,False,Found us through organic google search then landed on the product tour page. No response yet.
100235499,Elin,Kumar,Elin Kumar,first_last,Founder,Chua Textiles Partners,chua,elin.kumar@chuatextiles.sg,+233287988951,Ghana,Closed Won,Customer,Direct Traffic,Marcus Wong,2026-03-06T00:00:00Z,,,Website,Contact page,0.9,False,False,Filled out the form on the contact page. No response yet.
100235500,Yasmin,Ricci,Yasmin Ricci,first_last,Finance Manager,Toure Consulting Retail Group,toure,y.ricci@toureconsulting.com.au,+48503409180,Poland,Opportunity,,,Priya Nair,2026-03-08T00:00:00Z,2026-03-17T00:00:00Z,,Website,Case study page,0.9,False,False,"Filled out the form on the case study page. Great fit, prioritizing."
100235501,Benjamin,Al-Farsi,Benjamin Al-Farsi,first_last,Marketing Director,Yap Ventures Retail Group,yap,b.al-farsi@yapventures.com.au,+491527758079,Germany,Contacted,Opportunity,Other Campaigns,Diego Alvarez,2025-11-30T00:00:00Z,2026-05-03T00:00:00Z,26,Other,General info@ inbox,0.3,True,False,"Other - reached out via our general info@ inbox. Great fit, prioritizing."
100235502,Hui Fang,Reddy,Hui Fang Reddy,first_last,,Popescu Pte. Ltd.,popescu,huifang.r@popescu.co,+5511930711047,Brazil,Closed Won,Customer,Social Media,Wei Chen,2025-11-04T00:00:00Z,,,LinkedIn,LinkedIn post engagement,0.9,False,False,Connected on LinkedIn after commenting on our post.
100235503,Rohan,Larsen,Rohan Larsen,first_last,Operations Lead,Adeyemi Logistics Ventures,adeyemi,rohanl@adeyemilogistics.io,+491501979970,Germany,New,Opportunity,Organic Search,Rohan Mehta,2026-05-23T00:00:00Z,,89,Organic Search,Google organic → Product tour page,0.75,False,False,Found us through organic google search then landed on the product tour page.
100235504,Arjun,Wong,Arjun Wong,first_last,Marketing Director,Sato Consulting,sato,a.wong@sato.com,+212623942150,Morocco,Contacted,Opportunity,Other Campaigns,Marcus Wong,2025-09-23T00:00:00Z,2026-01-17T00:00:00Z,,Other,General info@ inbox,0.3,True,False,Other - reached out via our general info@ inbox.
100235505,Rachel,Petersen,Rachel Petersen,first_last,Head of Growth,Choi Logistics Group,choi,rachelp@choilogistics.com.au,+31647193307,Netherlands,Closed Won,Customer,Referrals,Rohan Mehta,2026-04-28T00:00:00Z,2026-06-02T00:00:00Z,,Referral,Referred by Oluwaseun Nkrumah,0.9,False,False,"Referred by Oluwaseun Nkrumah, warm intro. Qualifying now."
100235506,Liam,Kapoor,Liam Kapoor,first_last,Founder,Boateng Digital Ltd,boateng,liam.kapoor@boatengdigital.io,+639434401743,Philippines,Contacted,Sales Qualified Lead,,Rohan Mehta,2026-03-26T00:00:00Z,2026-04-18T00:00:00Z,,Event,TechCrunch Disrupt — Booth QR Code,0.9,False,False,"Met her at the TechCrunch Disrupt booth, scanned our QR code. No response yet."
100235507,Freya,Hossain,Freya Hossain,first_last,,Verma Consulting Digital,verma,f.hossain@vermaconsulting.io,+33648797434,France,Opportunity,Sales Qualified Lead,Other Campaigns,Wei Chen,2026-02-10T00:00:00Z,2026-05-18T00:00:00Z,,Other,General info@ inbox,0.3,True,False,"Other - reached out via our general info@ inbox. Very interested, wants pricing call."
100235508,Natasha,Sow,Natasha Sow,first_last,,Santos Ltda Co,santos ltda,n.sow@santosltda.io,+6586536460,Singapore,Closed Won,Sales Qualified Lead,Other Campaigns,Marcus Wong,2025-09-22T00:00:00Z,2026-02-27T00:00:00Z,,Manual/Sales,Cold outreach call,0.9,False,False,Manually added by sales after a phone call from a cold outreach list.
100235509,Astrid,Kone,Astrid Kone,first_last,Finance Manager,Zhang Freight Solutions,zhang,a.kone@zhang.io,+60178347077,Malaysia,Contacted,Sales Qualified Lead,Direct Traffic,Diego Alvarez,2025-10-13T00:00:00Z,2025-10-13T00:00:00Z,,Website,Homepage,0.9,False,False,Filled out the form on the homepage. Not interested for now.
100235510,Seo-yeon,Martinez,Seo-yeon Martinez,first_last,Founder,Bakker Analytics,bakker,seo-yeonm@bakker.io,+33666918953,France,New,Opportunity,Offline Sources,Diego Alvarez,2025-09-23T00:00:00Z,2026-06-02T00:00:00Z,,Event,Dubai FinTech Week — Booth QR Code,0.9,False,False,He scanned our QR code at the Dubai FinTech Week booth.
100235511,Camille,Rahman,Camille Rahman,first_last,,Lindqvist AB Group,lindqvist,c.rahman@lindqvistab.biz,+46708911136,Sweden,Closed Lost,Customer,Other Campaigns,Marcus Wong,2025-09-02T00:00:00Z,2025-11-05T00:00:00Z,,Manual/Sales,Walk-in,0.9,False,False,"Other - walked into our office without an appointment. Very interested, wants pricing call."
100235512,Wei Ming,Yeo,Wei Ming Yeo,first_last,,Santos Ltda Consulting,santos ltda,w.yeo@santosltda.co,+351966806578,Portugal,Contacted,Lead,,Grace Osei,2026-03-18T00:00:00Z,2026-03-18T00:00:00Z,,Event,Dubai FinTech Week — Booth QR Code,0.9,False,False,He scanned our QR code at the Dubai FinTech Week booth.
100235513,Rania,Andersen,Rania Andersen,first_last,Finance Manager,Sim Robotics Freight Solutions,sim,r.andersen@simrobotics.biz,+61494298683,Australia,Closed Won,Sales Qualified Lead,,Diego Alvarez,2026-03-11T00:00:00Z,,,Event,Dubai FinTech Week — Booth QR Code,0.9,False,False,Scanned the QR code at our Dubai FinTech Week booth.
100235514,Ngozi,Ong,Ngozi Ong,first_last,Marketing Director,Tanaka Digital,tanaka,ngozio@tanaka.com.au,+923902025898,Pakistan,Closed Lost,Marketing Qualified Lead,Organic Search,Elena Popescu,2025-11-16T00:00:00Z,2026-01-11T00:00:00Z,73,Organic Search,Google organic → Book a Demo page,0.75,False,False,Found us through organic google search then landed on the book-a-demo page.
100235515,David,Nair,David Nair,first_last,Marketing Director,Fischer Trading Inc,fischer,david.n@fischertrading.com,+40776325913,Romania,Contacted,Customer,Other Campaigns,Priya Nair,2026-01-23T00:00:00Z,,,Other,General info@ inbox,0.3,True,False,Other - reached out via our general info@ inbox. No response yet.
100235516,Zainab,Kapoor,Zainab Kapoor,first_last,,Saigon Pte. Ltd.,saigon,z.kapoor@saigon.io,+306939161138,Greece,Closed Lost,Marketing Qualified Lead,Offline Sources,Hana Kobayashi,2026-03-09T00:00:00Z,2026-04-01T00:00:00Z,76,Event,Dubai FinTech Week — Booth QR Code,0.9,False,False,Scanned the QR code at our Dubai FinTech Week booth. Qualifying now.
100235517,Kai,Bennett,Kai Bennett,first_last,,Li Consulting Studio,li,k.bennett@liconsulting.biz,+6285595923039,Indonesia,Opportunity,Customer,,Hana Kobayashi,2025-09-03T00:00:00Z,2026-06-19T00:00:00Z,,Event,Money20/20 Asia — Booth QR Code,0.9,False,False,"Met her at the Money20/20 Asia booth, scanned our QR code. Very interested, wants pricing call."
100235518,Priscilla,Sy,Priscilla Sy,first_last,Marketing Director,Kim Trading Pte. Ltd.,kim,priscilla.sy@kimtrading.biz,+393983428843,Italy,Opportunity,,Other Campaigns,Elena Popescu,2025-12-20T00:00:00Z,2025-12-20T00:00:00Z,,Manual/Sales,Walk-in,0.9,False,False,"Other - walked into our office without an appointment. Great fit, prioritizing."
100235519,Luca,Goh,Luca Goh,first_last,Head of Growth,Acme Co,acme,l.goh@acme.com.au,+31697923088,Netherlands,Closed Lost,,,Fatima Rahman,2025-11-09T00:00:00Z,,,Event,Money20/20 Asia — Booth QR Code,0.9,False,False,Scanned the QR code at our Money20/20 Asia booth. Not interested for now.
100235520,Sophia,Rahman,Sophia Rahman,first_last,,Chen Digital Analytics,chen,sophia.rahman@chendigital.biz,+821015914405,South Korea,New,Sales Qualified Lead,,Wei Chen,2025-12-22T00:00:00Z,,,Manual/Sales,Inbound phone call,0.9,False,False,Manual - added after inbound phone call.
100235521,Salma,Schmidt,Salma Schmidt,first_last,,Foster Freight,foster,salma.schmidt@foster.net,+34686336948,Spain,Qualified,Opportunity,Offline Sources,Hana Kobayashi,2026-03-02T00:00:00Z,2026-05-15T00:00:00Z,,Event,London Tech Week — Booth QR Code,0.9,False,False,"Met her at the London Tech Week booth, scanned our QR code."
100235522,Isabelle,Ng,Isabelle Ng,first_last,,Choi Logistics Ventures,choi,isabelle.ng@choilogistics.io,+60153539867,Malaysia,Closed Won,Sales Qualified Lead,,Marcus Wong,2026-03-18T00:00:00Z,2026-04-06T00:00:00Z,,Referral,Referred by Liam Zahra,0.9,False,False,"Referred by Liam Zahra, warm intro. Not interested for now."
100235523,Isabelle,Diop,Isabelle Diop,first_last,,Wong Legal Trading,wong,isabelle.diop@wonglegal.io,+5511974506931,Brazil,Connected,Lead,,Diego Alvarez,2026-01-25T00:00:00Z,,,Organic Search,Google organic → Pricing page,0.75,False,False,"Googled us and ended up on the pricing page before booking a demo. Very interested, wants pricing call."
100235524,Sven,Chua,Sven Chua,first_last,,Patel Fintech Co,patel,s.chua@patelfintech.sg,+79251904728,Russia,Connected,Marketing Qualified Lead,,Noah Bennett,2025-11-10T00:00:00Z,2026-05-18T00:00:00Z,,Website,Book a Demo page — Google Ads,0.85,False,False,"Booked a demo via the book-a-demo page after clicking a google ad. Connected, sending proposal."
100235525,Omar,Meyer,Omar Meyer,first_last,,Ho Bros & Co,ho,omarm@hobros.biz,+66953194614,Thailand,Contacted,Customer,Other Campaigns,Grace Osei,2026-01-01T00:00:00Z,,,Manual/Sales,Walk-in,0.9,False,False,Other - walked into our office without an appointment. No response yet.
100235526,Leila,Gomes,Leila Gomes,first_last,,Teo Consulting Pte Ltd,teo,leilag@teoconsulting.co,+351948977396,Portugal,Closed Lost,Customer,,Diego Alvarez,2026-05-14T00:00:00Z,2026-06-12T00:00:00Z,,Other,,0.3,True,False,Saw our post about replacing hubspot and commented. No response yet.
100235527,Sofia,Rossi,Sofia Rossi,first_last,Marketing Director,Osei & Co,osei,sofia.rossi@osei.io,+923505790745,Pakistan,Connected,Lead,Social Media,Rohan Mehta,2025-09-05T00:00:00Z,2026-02-08T00:00:00Z,,LinkedIn,LinkedIn DM,0.9,False,False,"Linkedin dm inbound asking about pricing. Very interested, wants pricing call."
100235528,Anjali,Rossi,Anjali Rossi,first_last,,Osei & Co,osei,anjalir@osei.io,+491557455972,Germany,New,,Referrals,Diego Alvarez,2025-09-27T00:00:00Z,2026-02-09T00:00:00Z,,Referral,Referred by Sophia Chen,0.9,False,False,"Referred by Sophia Chen, warm intro. Very interested, wants pricing call."
100235529,Elin,Han,Elin Han,first_last,,Nord Freight,nord,elin.han@nord.com,+5491129989121,Argentina,Opportunity,,,Grace Osei,2025-11-25T00:00:00Z,2025-11-25T00:00:00Z,,Event,Retail Asia Expo — Booth QR Code,0.9,False,False,He scanned our QR code at the Retail Asia Expo booth. Not interested for now.
100235530,Manon,Marino,Manon Marino,first_last,Founder,Bennett Freight,bennett,manon.m@bennett.biz,+84916094178,Vietnam,Closed Lost,Marketing Qualified Lead,Direct Traffic,Priya Nair,2026-05-29T00:00:00Z,2026-06-08T00:00:00Z,,Website,Homepage,0.9,False,False,Filled out the form on the homepage. Not interested for now.
100235531,Wei,Toure,Wei Toure,first_last,Head of Growth,Boateng Digital,boateng,wei.toure@boatengdigital.com.au,+60164339505,Malaysia,Closed Lost,Lead,Direct Traffic,Priya Nair,2025-09-13T00:00:00Z,2026-05-18T00:00:00Z,,Website,Homepage,0.9,False,False,Filled out the form on the homepage.
100235532,Lucas,Schmidt,Lucas Schmidt,first_last,Marketing Director,Chua Textiles Retail Group,chua,lucas.schmidt@chuatextiles.biz,+2348031354251,Nigeria,New,Marketing Qualified Lead,Social Media,Noah Bennett,2026-02-25T00:00:00Z,,,LinkedIn,LinkedIn DM,0.9,False,False,Linkedin dm inbound asking about pricing.
100235533,Ava,Wang,Ava Wang,first_last,Finance Manager,Ho Bros Inc.,ho,ava.w@hobros.biz,+19165550178,United States,Contacted,Customer,,Elena Popescu,2025-11-29T00:00:00Z,2025-11-29T00:00:00Z,,Website,Book a Demo page — Google Ads,0.85,False,False,"Booked a demo via the book-a-demo page after clicking a google ad. Left voicemail, will retry."
100235534,Ava,Wang,Ava Wang,first_last,Finance Manager,Ho Bros Pte. Ltd.,ho,a.wang@hobros.biz,+19165550178,United States,Contacted,Customer,,Elena Popescu,2025-11-29T00:00:00Z,,,Website,Book a Demo page — Google Ads,0.85,False,True,"Booked a demo via the book-a-demo page after clicking a google ad. Left voicemail, will retry. possible duplicate — verify before contacting."
100235535,Fatima,Wang,Fatima Wang,first_last,Founder,Ho Bros Inc.,ho,f.wang@hobros.biz,+923109271085,Pakistan,Closed Lost,,Direct Traffic,Noah Bennett,2026-01-13T00:00:00Z,2026-03-20T00:00:00Z,,Website,Product tour page,0.9,False,False,Filled out the form on the product tour page. No response yet.
100235536,Wei Chen,Santos,Wei Chen Santos,first_last,Finance Manager,Orchid Inc,orchid,weichens@orchid.net,+33629548195,France,Closed Won,Other,Other Campaigns,Elena Popescu,2025-11-18T00:00:00Z,,,Manual/Sales,Walk-in,0.9,False,False,Other - walked into our office without an appointment.
100235537,Youssef,Andersen,Youssef Andersen,first_last,Head of Growth,Muller GmbH & Co,muller,youssef.andersen@mullergmbh.com,+5491119085449,Argentina,Qualified,Other,Organic Search,Hana Kobayashi,2026-01-20T00:00:00Z,,,Organic Search,Google organic → Product tour page,0.75,False,False,"Googled us and ended up on the product tour page before booking a demo. Great fit, prioritizing."
100235538,Emily,Santos,Emily Santos,first_last,,Mensah Trading Freight,mensah,e.santos@mensahtrading.sg,+233254952036,Ghana,Connected,Other,Organic Search,Diego Alvarez,2026-05-02T00:00:00Z,2026-05-02T00:00:00Z,,Organic Search,Google organic → Book a Demo page,0.75,False,False,Found us through organic google search then landed on the book-a-demo page. No response yet.
100235539,Emily,Santos,Emily Santos,first_last,,Mensah Trading Ltd,mensah,emilysantos@mensahtrading.sg,+233254952036,Ghana,Connected,Other,Organic Search,Diego Alvarez,2026-05-02T00:00:00Z,2026-05-02T00:00:00Z,,Organic Search,Google organic → Book a Demo page,0.75,False,True,Found us through organic google search then landed on the book-a-demo page. No response yet. possible duplicate — verify before contacting.
100235540,Freya,Ng,Freya Ng,first_last,Marketing Director,Liu Trading Ltd,liu,freya.n@liutrading.com.au,+8613224713452,China,Connected,Lead,,Fatima Rahman,2026-01-03T00:00:00Z,,,Website,Contact page,0.9,False,False,"Filled out the form on the contact page. Great fit, prioritizing."
100235541,Natasha,Ong,Natasha Ong,first_last,,Patel Fintech Retail Group,patel,natasha.ong@patelfintech.sg,+212653998377,Morocco,Opportunity,Customer,,Hana Kobayashi,2026-06-06T00:00:00Z,2026-06-09T00:00:00Z,,Website,Blog — lead scoring,0.9,False,False,"Filled out the form on the blog post on lead scoring. Left voicemail, will retry."
100235542,Adam,Bakker,Adam Bakker,first_last,,Reyes Co,reyes,adam.bakker@reyes.com,+34613893457,Spain,Qualified,,Referrals,Noah Bennett,2026-01-18T00:00:00Z,2026-06-11T00:00:00Z,,Referral,Referred by Divya Andersen,0.9,False,False,"Referred by Divya Andersen, warm intro."
100235543,Ingrid,Kapoor,Ingrid Kapoor,first_last,,Fischer Trading Ltd,fischer,i.kapoor@fischertrading.sg,+48588536807,Poland,New,Sales Qualified Lead,,Grace Osei,2025-09-17T00:00:00Z,2025-09-17T00:00:00Z,,Organic Search,Google organic → Case study page,0.75,False,False,"Found us through organic google search then landed on the case study page. Left voicemail, will retry."
100235544,Yasmin,Williams,Yasmin Williams,first_last,Operations Lead,Park Biotech Trading,park,yasminw@parkbiotech.io,+61416811479,Australia,Opportunity,Opportunity,Other Campaigns,Priya Nair,2025-12-01T00:00:00Z,2025-12-29T00:00:00Z,,Event,Web Summit 2026 — Booth,0.9,False,False,"Spoke with them at our Web Summit 2026 booth, no QR scan logged. Left voicemail, will retry."
100235545,Ngozi,Adjei,Ngozi Adjei,first_last,Marketing Director,Ferrari Consulting Trading Co,ferrari,ngozi.a@ferrariconsulting.biz,+447852446457,United Kingdom,Closed Won,Sales Qualified Lead,Direct Traffic,Diego Alvarez,2025-12-23T00:00:00Z,2026-02-26T00:00:00Z,,Website,Comparison vs HubSpot page,0.9,False,False,"Filled out the form on the comparison-vs-hubspot page. Very interested, wants pricing call."
100235546,Rin,Meyer,Rin Meyer,first_last,,Bennett Ventures,bennett,r.meyer@bennett.net,+917735716257,India,Opportunity,Sales Qualified Lead,,Rohan Mehta,2026-04-04T00:00:00Z,,,Manual/Sales,Cold outreach call,0.9,False,False,Manually added by sales after a phone call from a cold outreach list.
100235547,Wei,Andersen,Wei Andersen,first_last,Marketing Director,Zahra Ventures,zahra,w.andersen@zahra.co,+31677637070,Netherlands,Connected,Opportunity,,Elena Popescu,2025-11-07T00:00:00Z,2025-12-09T00:00:00Z,,Event,Singapore FinTech Festival 2026 — Booth QR Code,0.9,False,False,"Met her at the Singapore FinTech Festival 2026 booth, scanned our QR code. Connected, sending proposal."
100235548,Yasmin,Tanaka,Yasmin Tanaka,first_last,Marketing Director,Reyes Inc,reyes,yasmin.t@reyes.io,+393945026836,Italy,Opportunity,Other,,Elena Popescu,2026-03-20T00:00:00Z,2026-06-02T00:00:00Z,,Organic Search,Google organic → Product tour page,0.75,False,False,Found us through organic google search then landed on the product tour page.
100235549,Elijah,Ferreira,Elijah Ferreira,first_last,,Kim Trading Pte. Ltd.,kim,elijahf@kimtrading.io,+923307834965,Pakistan,Contacted,Other,,Wei Chen,2025-09-18T00:00:00Z,2025-12-26T00:00:00Z,,Organic Search,Google organic → Comparison vs HubSpot page,0.75,False,False,"Found us through organic google search then landed on the comparison-vs-hubspot page. Very interested, wants pricing call."
100235550,Bruno,Nguyen,Bruno Nguyen,first_last,,GreenLeaf Retail Group,greenleaf,b.nguyen@greenleaf.co,+491621840925,Germany,Contacted,,Offline Sources,Marcus Wong,2026-05-08T00:00:00Z,2026-05-26T00:00:00Z,,Event,TechCrunch Disrupt — Booth QR Code,0.9,False,False,"Met her at the TechCrunch Disrupt booth, scanned our QR code. Connected, sending proposal."
100235551,Rohan,Schulz,Rohan Schulz,first_last,,Johnson Co,johnson,rohans@johnson.sg,+8801503310807,Bangladesh,Contacted,Customer,,Wei Chen,2025-12-29T00:00:00Z,2025-12-29T00:00:00Z,,Event,Retail Asia Expo — Booth QR Code,0.9,False,False,Scanned the QR code at our Retail Asia Expo booth.
100235552,Rohan,Schulz,Rohan Schulz,first_last,,Johnson Solutions,johnson,rohans@johnson.sg,+8801503310807,Bangladesh,Contacted,Customer,,Wei Chen,2025-12-29T00:00:00Z,2025-12-29T00:00:00Z,,Event,Retail Asia Expo — Booth QR Code,0.9,False,True,Scanned the QR code at our Retail Asia Expo booth. possible duplicate — verify before contacting.
100235553,Rohan,Ndiaye,Rohan Ndiaye,first_last,,Osei Ltd,osei,r.ndiaye@osei.io,+33672314013,France,Contacted,Sales Qualified Lead,Organic Search,Wei Chen,2025-09-24T00:00:00Z,2025-09-24T00:00:00Z,,Organic Search,Google organic → Book a Demo page,0.75,False,False,Found us through organic google search then landed on the book-a-demo page. Not interested for now.
100235554,Sara,Greco,Sara Greco,first_last,Founder,Gupta Textiles Inc,gupta,sara.g@guptatextiles.net,+2348069445267,Nigeria,Qualified,Lead,Paid Search,Elena Popescu,2025-12-03T00:00:00Z,,,Website,Book a Demo page — Google Ads,0.85,False,False,"Booked a demo via the book-a-demo page after clicking a google ad. Great fit, prioritizing."
100235555,Xiu Ying,Diop,Xiu Ying Diop,first_last,,Johnson Partners,johnson,xiuyingd@johnson.co,+5511934155053,Brazil,Qualified,Marketing Qualified Lead,Offline Sources,Fatima Rahman,2026-04-20T00:00:00Z,2026-06-19T00:00:00Z,,Event,Web Summit 2026 — Booth QR Code,0.9,False,False,"Met her at the Web Summit 2026 booth, scanned our QR code."
100235556,Camille,Koh,Camille Koh,first_last,Founder,Cruz & Partners Pte. Ltd.,cruz,camille.k@cruzpartners.net,+31615904695,Netherlands,Opportunity,Marketing Qualified Lead,,Grace Osei,2025-10-24T00:00:00Z,,,Referral,Referred by Ahmed Ang,0.9,False,False,"Referred by Ahmed Ang, warm intro."
100235557,Ryan,Camara,Ryan Camara,first_last,Head of Growth,Muller GmbH Inc.,muller,ryan.camara@mullergmbh.io,+48545485795,Poland,Connected,Other,Direct Traffic,Diego Alvarez,2026-03-15T00:00:00Z,2026-04-08T00:00:00Z,,Website,Pricing page,0.9,False,False,"Filled out the form on the pricing page. Left voicemail, will retry."
100235558,Rin,Greco,Rin Greco,first_last,Operations Lead,Orchid Co,orchid,ring@orchid.com,+48696619800,Poland,Connected,Lead,Social Media,Elena Popescu,2026-02-08T00:00:00Z,,,LinkedIn,from Original Source: Social Media,0.55,True,False,"Saw our post about replacing hubspot and commented. Very interested, wants pricing call."
100235559,Giulia,Owusu,Giulia Owusu,first_last,,Owusu Freight Co,owusu,g.owusu@owusufreight.co,+60171827543,Malaysia,Connected,Customer,,Marcus Wong,2025-11-12T00:00:00Z,2025-12-16T00:00:00Z,,Event,Retail Asia Expo — Booth QR Code,0.9,False,False,He scanned our QR code at the Retail Asia Expo booth.
100235560,Femi,Seo,Femi Seo,first_last,,Kilat Retail Digital,kilat,f.seo@kilatretail.biz,+306939465860,Greece,Closed Lost,,,Wei Chen,2025-09-22T00:00:00Z,2025-10-30T00:00:00Z,,Organic Search,Google organic → Comparison vs HubSpot page,0.75,False,False,Found us through organic google search then landed on the comparison-vs-hubspot page.
100235561,Marcus,Ho,Marcus Ho,first_last,Operations Lead,Asante Retail Ltd,asante,m.ho@asanteretail.io,+8613222497096,China,Closed Lost,Sales Qualified Lead,,Rohan Mehta,2025-10-28T00:00:00Z,2026-03-14T00:00:00Z,,Event,APAC Logistics Summit — Booth,0.9,False,False,"Spoke with them at our APAC Logistics Summit booth, no QR scan logged. Not interested for now."
100235562,Carlos,Lee,Carlos Lee,first_last,Operations Lead,Nimbus Trading,nimbus,carlos.l@nimbus.io,+971585915006,UAE,Closed Won,Sales Qualified Lead,,Rohan Mehta,2026-02-15T00:00:00Z,2026-06-17T00:00:00Z,,Website,Book a Demo page — Google Ads,0.85,False,False,"Booked a demo via the book-a-demo page after clicking a google ad. Connected, sending proposal."
100235563,Freya,Al-Sayed,Freya Al-Sayed,first_last,Marketing Director,Koh & Sons Co.,koh,freya.al-sayed@kohsons.io,+46708061815,Sweden,Connected,Marketing Qualified Lead,Organic Search,Elena Popescu,2026-01-08T00:00:00Z,2026-02-05T00:00:00Z,,Organic Search,Google organic → Product tour page,0.75,False,False,Found us through organic google search then landed on the product tour page. Not interested for now.
100235564,Freya,Al-Sayed,Freya Al-Sayed,full_name,Marketing Director,Koh & Sons Analytics,koh,f.al-sayed@kohsons.io,+46708061815,Sweden,Connected,Marketing Qualified Lead,Organic Search,Elena Popescu,2026-01-08T00:00:00Z,,,Organic Search,Google organic → Product tour page,0.75,False,True,Found us through organic google search then landed on the product tour page. Not interested for now. possible duplicate — verify before contacting.
100235565,Sophia,Al-Sayed,Sophia Al-Sayed,first_last,,Koh & Sons Co.,koh,s.al-sayed@kohsons.io,+8613062711760,China,Connected,,,Wei Chen,2026-01-17T00:00:00Z,2026-06-01T00:00:00Z,,Website,Pricing page,0.9,False,False,"Filled out the form on the pricing page. Great fit, prioritizing."
100235566,Wei Chen,Marino,Wei Chen Marino,first_last,Finance Manager,Rao Ventures & Co,rao,w.marino@raoventures.net,+923804469681,Pakistan,Closed Won,Customer,Organic Search,Elena Popescu,2026-03-17T00:00:00Z,2026-04-12T00:00:00Z,,Organic Search,Google organic → Product tour page,0.75,False,False,"Googled us and ended up on the product tour page before booking a demo. Great fit, prioritizing."
100235567,Pooja,Tanaka,Pooja Tanaka,first_last,Founder,Acme Ltd,acme,p.tanaka@acme.io,+5511935694295,Brazil,Contacted,Other,,Elena Popescu,2025-11-18T00:00:00Z,2025-11-18T00:00:00Z,,Referral,Referred by Pedro Han,0.9,False,False,"Referred by Pedro Han, warm intro."
100235568,Pooja,Tanaka,Pooja Tanaka,first_last,Founder,Acme Ventures,acme,poojatanaka@acme.io,+5511935694295,Brazil,Contacted,Other,,Elena Popescu,2025-11-18T00:00:00Z,,,Referral,Referred by Pedro Han,0.9,False,False,"Referred by Pedro Han, warm intro."
100235569,Omar,Xu,Omar Xu,first_last,Founder,Al-Farsi Ltd,al farsi,o.xu@al-farsi.com.au,+212687666224,Morocco,Qualified,Customer,,Marcus Wong,2026-02-28T00:00:00Z,2026-04-22T00:00:00Z,,Referral,Referred by Miguel Chen,0.9,False,False,"Referred by Miguel Chen, warm intro. No response yet."
100235570,Kwame,Lim,Kwame Lim,first_last,Head of Growth,Yoon Retail Consulting,yoon,kwame.lim@yoonretail.com.au,+821063038343,South Korea,Contacted,Sales Qualified Lead,Paid Search,Elena Popescu,2026-05-18T00:00:00Z,,,Website,Book a Demo page — Google Ads,0.85,False,False,Booked a demo via the book-a-demo page after clicking a google ad. Qualifying now.
100235571,Sora,Hansen,Sora Hansen,first_last,Marketing Director,Reyes Studio,reyes,sora.h@reyes.sg,+46701646683,Sweden,Opportunity,Opportunity,,Hana Kobayashi,2025-09-12T00:00:00Z,2026-05-04T00:00:00Z,,Organic Search,Google organic → Product tour page,0.75,False,False,Googled us and ended up on the product tour page before booking a demo. Qualifying now.
100235572,Elin,Pereira,Elin Pereira,first_last,Finance Manager,Hansen Digital Holdings,hansen,elin.p@hansendigital.io,+5491197362750,Argentina,Qualified,Sales Qualified Lead,,Elena Popescu,2026-06-01T00:00:00Z,2026-06-01T00:00:00Z,,Organic Search,Google organic → Pricing page,0.75,False,False,Found us through organic google search then landed on the pricing page.
100235573,Arjun,Bakar,Arjun Bakar,first_last,Head of Growth,Diallo Imports Co,diallo,arjunb@dialloimports.co,+34676206888,Spain,Contacted,Lead,,Rohan Mehta,2026-06-04T00:00:00Z,2026-06-10T00:00:00Z,,Website,Pricing page,0.9,False,False,Filled out the form on the pricing page. Not interested for now.
100235574,Arjun,Bakar,Arjun Bakar,full_name,Head of Growth,Diallo Imports & Co,diallo,arjun.bakar@dialloimports.co,+34676206888,Spain,Contacted,Lead,,Rohan Mehta,2026-06-04T00:00:00Z,2026-06-10T00:00:00Z,,Website,Pricing page,0.9,False,False,Filled out the form on the pricing page. Not interested for now.
100235575,Yasmin,Choi,Yasmin Choi,first_last,VP Sales,Orchid Consulting,orchid,yasminc@orchid.sg,+8613852774138,China,Closed Won,Opportunity,Social Media,Rohan Mehta,2026-01-29T00:00:00Z,2026-02-11T00:00:00Z,,LinkedIn,LinkedIn DM,0.9,False,False,Linkedin dm inbound asking about pricing.
100235576,Adam,Sun,Adam Sun,first_last,,Ferrari Consulting Group,ferrari,a.sun@ferrariconsulting.co,+639605955493,Philippines,Closed Lost,Sales Qualified Lead,Direct Traffic,Noah Bennett,2026-06-14T00:00:00Z,2026-06-17T00:00:00Z,,Website,Case study page,0.9,False,False,"Filled out the form on the case study page. Connected, sending proposal."
100235577,Amir,Ong,Amir Ong,first_last,Finance Manager,Larsen AS Co,larsen,amir.ong@larsenas.com,+393553205831,Italy,Qualified,,,Priya Nair,2026-01-11T00:00:00Z,,,Website,Comparison vs HubSpot page,0.9,False,False,Filled out the form on the comparison-vs-hubspot page. No response yet.
100235578,Natasha,Ong,Natasha Ong,first_last,,Larsen AS Co,larsen,n.ong@larsenas.com,+8801910159094,Bangladesh,New,Other,,Fatima Rahman,2026-03-21T00:00:00Z,2026-03-21T00:00:00Z,,Event,Money20/20 Asia — Booth,0.9,False,False,"Met at the booth during Money20/20 Asia, said they'd follow up over email. Not interested for now."
100235579,Karim,Nkrumah,Karim Nkrumah,first_last,Finance Manager,Kim Trading Freight Solutions,kim,karimn@kimtrading.biz,+4522338495,Denmark,Connected,Marketing Qualified Lead,,Grace Osei,2025-11-11T00:00:00Z,2026-01-30T00:00:00Z,,Event,Money20/20 Asia — Booth QR Code,0.9,False,False,He scanned our QR code at the Money20/20 Asia booth. Not interested for now.
100235580,Sven,Joshi,Sven Joshi,first_last,Marketing Director,Malik & Co,malik,svenj@malik.net,+61455890244,Australia,Connected,Opportunity,Direct Traffic,Rohan Mehta,2026-01-30T00:00:00Z,2026-01-30T00:00:00Z,,Website,Product tour page,0.9,False,False,Filled out the form on the product tour page. No response yet.
100235581,Miguel,Nguyen,Miguel Nguyen,first_last,VP Sales,Lau Inc,lau,m.nguyen@lau.com.au,+306929942124,Greece,Closed Lost,Marketing Qualified Lead,,Fatima Rahman,2026-05-25T00:00:00Z,2026-05-30T00:00:00Z,,LinkedIn,LinkedIn post engagement,0.9,False,False,"Connected on LinkedIn after commenting on our post. Great fit, prioritizing."
100235582,Diego,Mensah,Diego Mensah,first_last,Marketing Director,Yang Freight Holdings,yang,diego.mensah@yangfreight.io,+971545186352,UAE,Closed Won,Other,Direct Traffic,Fatima Rahman,2026-02-15T00:00:00Z,2026-04-17T00:00:00Z,,Website,Pricing page,0.9,False,False,"Filled out the form on the pricing page. Great fit, prioritizing."
100235583,Wei Chen,Schmidt,Wei Chen Schmidt,first_last,,Jung Studio Ltd,jung,w.schmidt@jungstudio.co,+61460239701,Australia,Opportunity,Customer,Organic Search,Diego Alvarez,2026-03-12T00:00:00Z,2026-05-06T00:00:00Z,90,Organic Search,Google organic → Case study page,0.75,False,False,Found us through organic google search then landed on the case study page.
100235584,Daniel,Ferreira,Daniel Ferreira,first_last,Finance Manager,Jung Studio Freight,jung,danielf@jungstudio.com.au,+31637885830,Netherlands,Qualified,Sales Qualified Lead,Other Campaigns,Rohan Mehta,2026-05-23T00:00:00Z,2026-06-16T00:00:00Z,,Other,General info@ inbox,0.3,True,False,Other - reached out via our general info@ inbox. Qualifying now.
100235585,Rui,Martinez,Rui Martinez,first_last,,Toure Consulting Pte. Ltd.,toure,r.martinez@toureconsulting.io,+6286685819827,Indonesia,Opportunity,Other,Offline Sources,Marcus Wong,2025-11-10T00:00:00Z,2026-03-28T00:00:00Z,,Event,Mobile World Congress — Booth,0.9,False,False,"Spoke with them at our Mobile World Congress booth, no QR scan logged. Not interested for now."
100235586,Zainab,Sorensen,Zainab Sorensen,first_last,,Rao Ventures Co,rao,zainab.s@raoventures.com.au,+525527172359,Mexico,Contacted,Other,,Fatima Rahman,2025-09-16T00:00:00Z,,,Website,Book a Demo page — Google Ads,0.85,False,False,"Booked a demo via the book-a-demo page after clicking a google ad. Great fit, prioritizing."
100235587,Siti,Ocampo,Siti Ocampo,first_last,VP Sales,Singh Logistics Studio,singh,s.ocampo@singhlogistics.biz,+8613786671769,China,Connected,Sales Qualified Lead,Referrals,Wei Chen,2026-06-14T00:00:00Z,2026-06-17T00:00:00Z,,Referral,Referred by Mia Ba,0.9,False,False,"Referred by Mia Ba, warm intro. No response yet."
100235588,S.,Ocampo,S. Ocampo,full_name,VP Sales,Singh Logistics Robotics,singh,siti.ocampo@singhlogistics.biz,+8613786671769,China,Connected,Sales Qualified Lead,Referrals,Wei Chen,2026-06-14T00:00:00Z,2026-06-17T00:00:00Z,,Referral,Referred by Mia Ba,0.9,False,False,"Referred by Mia Ba, warm intro. No response yet."
100235589,Fatima,Liu,Fatima Liu,first_last,,Gupta Textiles Pte. Ltd.,gupta,fatima.liu@guptatextiles.com.au,+525563759765,Mexico,Closed Won,Lead,Organic Search,Rohan Mehta,2025-11-02T00:00:00Z,,,Organic Search,Google organic → Homepage,0.75,False,False,Googled us and ended up on the homepage before booking a demo. Not interested for now.
100235590,Lars,Foster,Lars Foster,first_last,Founder,Osei Consulting,osei,lars.f@osei.com.au,+447807470388,United Kingdom,Contacted,,,Elena Popescu,2025-10-01T00:00:00Z,2026-03-20T00:00:00Z,,Referral,Referred by Erik Wong,0.9,False,False,"Referred by Erik Wong, warm intro. Connected, sending proposal."
100235591,Laura,Bennett,Laura Bennett,first_last,Operations Lead,Williams & Co,williams,laura.bennett@williams.sg,+821093244931,South Korea,Qualified,Opportunity,,Wei Chen,2026-04-22T00:00:00Z,,51,Event,Mobile World Congress — Booth,0.9,False,False,"Spoke with them at our Mobile World Congress booth, no QR scan logged. Very interested, wants pricing call."
100235592,Grace,Malik,Grace Malik,first_last,,Han Imports Freight Solutions,han,gracem@hanimports.sg,+61452648993,Australia,Closed Won,Other,Other Campaigns,Diego Alvarez,2026-03-29T00:00:00Z,,,Manual/Sales,Walk-in,0.9,False,False,Other - walked into our office without an appointment.
100235593,Pedro,Malik,Pedro Malik,first_last,,Bennett & Co,bennett,pedrom@bennett.biz,+212624778439,Morocco,Opportunity,Sales Qualified Lead,,Fatima Rahman,2025-09-12T00:00:00Z,2025-10-04T00:00:00Z,,LinkedIn,LinkedIn DM,0.9,False,False,Linkedin dm inbound asking about pricing. Qualifying now.
100235594,Jun Wei,Martinez,Jun Wei Martinez,first_last,,Muller GmbH & Co,muller,junweim@mullergmbh.net,+5491184333224,Argentina,Closed Won,Opportunity,,Marcus Wong,2026-04-21T00:00:00Z,,,Event,APAC Logistics Summit — Booth QR Code,0.9,False,False,He scanned our QR code at the APAC Logistics Summit booth.
100235595,Julien,Almeida,Julien Almeida,first_last,,Weber Analytics Ventures,weber,j.almeida@weberanalytics.sg,+233277676884,Ghana,Opportunity,Marketing Qualified Lead,Social Media,Fatima Rahman,2025-12-19T00:00:00Z,2026-04-19T00:00:00Z,,LinkedIn,LinkedIn DM,0.9,False,False,"Linkedin dm inbound asking about pricing. Left voicemail, will retry."
100235596,Tom,Schmidt,Tom Schmidt,first_last,Head of Growth,Patel Fintech & Co,patel,t.schmidt@patelfintech.net,+639431693791,Philippines,Closed Won,,Referrals,Fatima Rahman,2025-10-14T00:00:00Z,2026-04-17T00:00:00Z,,Referral,Referred by Ingrid Greco,0.9,False,False,"Referred by Ingrid Greco, warm intro."
100235597,Amina,Li,Amina Li,first_last,Head of Growth,Diallo Imports Retail Group,diallo,amina.li@dialloimports.com,+233294162618,Ghana,Closed Lost,Marketing Qualified Lead,Offline Sources,Wei Chen,2026-01-20T00:00:00Z,2026-05-19T00:00:00Z,,Event,London Tech Week — Booth QR Code,0.9,False,False,"Scanned the QR code at our London Tech Week booth. Very interested, wants pricing call."
100235598,Aiko,Kang,Aiko Kang,first_last,,Koh & Sons Inc,koh,aiko.kang@kohsons.com,+639344127268,Philippines,Opportunity,Opportunity,,Marcus Wong,2026-03-15T00:00:00Z,,,Event,London Tech Week — Booth QR Code,0.9,False,False,Scanned the QR code at our London Tech Week booth.
100235599,Carlos,Pham,Carlos Pham,first_last,,Park Biotech Co.,park,carlos.pham@parkbiotech.sg,+6595768795,Singapore,Opportunity,Sales Qualified Lead,Organic Search,Priya Nair,2025-10-01T00:00:00Z,,,Organic Search,Google organic → Case study page,0.75,False,False,Found us through organic google search then landed on the case study page. Not interested for now.
100235600,Carlos,Pham,Carlos Pham,first_last,,Park Biotech Trading Co,park,carlos.pham@parkbiotech.sg,+6595768795,Singapore,Opportunity,Sales Qualified Lead,Organic Search,Priya Nair,2025-10-01T00:00:00Z,2025-10-01T00:00:00Z,,Organic Search,Google organic → Case study page,0.75,False,True,Found us through organic google search then landed on the case study page. Not interested for now. possible duplicate — verify before contacting.
100235601,Rohan,Meyer,Rohan Meyer,first_last,Head of Growth,Mensah Trading Solutions,mensah,r.meyer@mensahtrading.com,+6287011038451,Indonesia,Connected,Sales Qualified Lead,Other Campaigns,Fatima Rahman,2026-03-28T00:00:00Z,2026-03-28T00:00:00Z,,Manual/Sales,Walk-in,0.9,False,False,"Other - walked into our office without an appointment. Connected, sending proposal."
100235602,Rin,Osei,Rin Osei,first_last,,Reyes Analytics,reyes,rin.osei@reyes.biz,+491598483940,Germany,Closed Won,,,Hana Kobayashi,2025-12-02T00:00:00Z,2025-12-07T00:00:00Z,,Organic Search,Google organic → Homepage,0.75,False,False,Googled us and ended up on the homepage before booking a demo. No response yet.
100235603,Rin,Nkrumah,Rin Nkrumah,first_last,Operations Lead,Asante Retail Consulting,asante,rinn@asanteretail.com.au,+818216073153,Japan,New,Lead,,Elena Popescu,2025-10-27T00:00:00Z,2026-03-13T00:00:00Z,,Referral,Referred by Kevin Lim,0.9,False,False,"Referred by Kevin Lim, warm intro. Great fit, prioritizing."
100235604,Ana,Hoffmann,Ana Hoffmann,first_last,Head of Growth,Patel Fintech Digital,patel,ana.hoffmann@patelfintech.sg,+6594198474,Singapore,Connected,Lead,Referrals,Rohan Mehta,2025-12-28T00:00:00Z,2026-06-14T00:00:00Z,,Referral,Referred by Rachel Martinez,0.9,False,False,"Referred by Rachel Martinez, warm intro. Not interested for now."
100235605,Liam,Muller,Liam Muller,first_last,VP Sales,Kang Holdings Analytics,kang,l.muller@kangholdings.biz,+85273355564,Hong Kong,Opportunity,Sales Qualified Lead,Social Media,Rohan Mehta,2026-04-12T00:00:00Z,,,LinkedIn,LinkedIn post engagement,0.9,False,False,Connected on LinkedIn after commenting on our post. Qualifying now.
100235606,Francesca,Al-Sayed,Francesca Al-Sayed,first_last,,Schmidt AG Consulting,schmidt ag,francesca.al-sayed@schmidtag.co,+61437102162,Australia,New,Lead,Organic Search,Rohan Mehta,2026-05-24T00:00:00Z,,,Organic Search,Google organic → Contact page,0.75,False,False,Googled us and ended up on the contact page before booking a demo. Qualifying now.
100235607,Jonathan,Ocampo,Jonathan Ocampo,first_last,VP Sales,Choi Logistics Ltd,choi,j.ocampo@choilogistics.sg,+447771818810,United Kingdom,Qualified,Marketing Qualified Lead,,Hana Kobayashi,2026-05-31T00:00:00Z,2026-06-18T00:00:00Z,,Manual/Sales,Cold outreach call,0.9,False,False,Manually added by sales after a phone call from a cold outreach list.
100235608,Ama,Liu,Ama Liu,first_last,VP Sales,Nimbus Pte Ltd,nimbus,amal@nimbus.com.au,+14555550155,United States,New,Lead,Offline Sources,Fatima Rahman,2026-04-17T00:00:00Z,2026-04-17T00:00:00Z,,Event,Money20/20 Asia — Booth QR Code,0.9,False,False,Scanned the QR code at our Money20/20 Asia booth. Qualifying now.
100235609,Ama,Liu,Ama Liu,first_last,VP Sales,Nimbus Freight Solutions,nimbus,ama.liu@nimbus.com.au,+14555550155,United States,New,Lead,Offline Sources,Fatima Rahman,2026-04-17T00:00:00Z,2026-04-17T00:00:00Z,,Event,Money20/20 Asia — Booth QR Code,0.9,False,True,Scanned the QR code at our Money20/20 Asia booth. Qualifying now. possible duplicate — verify before contacting.
100235610,Rin,Weber,Rin Weber,first_last,VP Sales,Kilat Retail Inc.,kilat,rin.weber@kilatretail.biz,+8613032605374,China,Closed Lost,Other,Direct Traffic,Priya Nair,2025-11-11T00:00:00Z,2026-03-29T00:00:00Z,,Website,Homepage,0.9,False,False,"Filled out the form on the homepage. Left voicemail, will retry."
100235611,Camille,Wu,Camille Wu,first_last,VP Sales,Yang Freight Inc.,yang,c.wu@yangfreight.sg,+34691297521,Spain,Connected,Marketing Qualified Lead,,Fatima Rahman,2026-02-24T00:00:00Z,2026-02-26T00:00:00Z,,Event,Money20/20 Asia — Booth QR Code,0.9,False,False,"Met her at the Money20/20 Asia booth, scanned our QR code."
100235612,Hui Fang,Bakar,Hui Fang Bakar,first_last,Founder,Tanaka Trading,tanaka,huifang.bakar@tanaka.com,+84977163832,Vietnam,Contacted,Lead,,Diego Alvarez,2026-04-07T00:00:00Z,2026-04-13T00:00:00Z,,Event,London Tech Week — Booth QR Code,0.9,False,False,"Met her at the London Tech Week booth, scanned our QR code."
100235613,Michael,Adjei,Michael Adjei,first_last,Operations Lead,Delta Pte Ltd,delta,michaela@delta.biz,+5491171311188,Argentina,Qualified,Other,Other Campaigns,Noah Bennett,2026-04-11T00:00:00Z,2026-05-09T00:00:00Z,,Other,General info@ inbox,0.3,True,False,"Other - reached out via our general info@ inbox. Connected, sending proposal."
100235614,Nur,Tanaka,Nur Tanaka,first_last,VP Sales,Han Imports Holdings,han,nur.tanaka@hanimports.io,+351948364358,Portugal,Closed Lost,Sales Qualified Lead,,Hana Kobayashi,2025-11-16T00:00:00Z,2026-02-13T00:00:00Z,,Referral,Referred by Farah Osei,0.9,False,False,"Referred by Farah Osei, warm intro. Very interested, wants pricing call."
100235615,Pedro,Muller,Pedro Muller,first_last,Head of Growth,Toure Consulting Freight Solutions,toure,pedro.m@toureconsulting.net,+34699901509,Spain,Contacted,,,Wei Chen,2026-01-20T00:00:00Z,,,Website,Contact page,0.9,False,False,"Filled out the form on the contact page. Great fit, prioritizing."
100235616,Oluwaseun,Muller,Oluwaseun Muller,first_last,,Toure Consulting Freight Solutions,toure,oluwaseun.m@toureconsulting.net,+917411440840,India,Connected,,Other Campaigns,Diego Alvarez,2025-12-17T00:00:00Z,2026-03-05T00:00:00Z,,Manual/Sales,Inbound phone call,0.9,False,False,Manual - added after inbound phone call.
100235617,Aisha,Fischer,Aisha Fischer,first_last,,Liu Trading & Co,liu,aishaf@liutrading.net,+66626569078,Thailand,Closed Won,Marketing Qualified Lead,,Rohan Mehta,2026-06-09T00:00:00Z,2026-06-09T00:00:00Z,,Event,SaaStr Annual — Booth,0.9,False,False,"Met at the booth during SaaStr Annual, said they'd follow up over email. Very interested, wants pricing call."
100235618,Aisha,Fischer,Aisha Fischer,first_last,,Liu Trading & Studio,liu,aishafischer@liutrading.net,+66626569078,Thailand,Closed Won,Marketing Qualified Lead,,Rohan Mehta,2026-06-09T00:00:00Z,2026-06-09T00:00:00Z,,Event,SaaStr Annual — Booth,0.9,False,False,"Met at the booth during SaaStr Annual, said they'd follow up over email. Very interested, wants pricing call."
100235619,Bashir,Kapoor,Bashir Kapoor,first_last,VP Sales,Foster Analytics,foster,bashir.kapoor@foster.co,+923301491699,Pakistan,New,Other,Offline Sources,Noah Bennett,2025-09-27T00:00:00Z,,,Event,SaaStr Annual — Booth QR Code,0.9,False,False,Scanned the QR code at our SaaStr Annual booth.
100235620,Camille,Foster,Camille Foster,first_last,Operations Lead,Delta & Co,delta,camille.foster@delta.com,+61448586932,Australia,New,Marketing Qualified Lead,Direct Traffic,Marcus Wong,2026-05-13T00:00:00Z,2026-06-19T00:00:00Z,,Website,Contact page,0.9,False,False,Filled out the form on the contact page.
100235621,Divya,Bruno,Divya Bruno,first_last,Founder,Asante Retail Holdings,asante,divyab@asanteretail.net,+6581784375,Singapore,Qualified,Sales Qualified Lead,,Fatima Rahman,2026-02-20T00:00:00Z,2026-05-21T00:00:00Z,,Event,Dubai FinTech Week — Booth QR Code,0.9,False,False,"Met her at the Dubai FinTech Week booth, scanned our QR code. Great fit, prioritizing."
100235622,Thanh,Costa,Thanh Costa,first_last,VP Sales,Sato Studio,sato,t.costa@sato.sg,+821043227294,South Korea,Connected,Opportunity,,Hana Kobayashi,2025-11-01T00:00:00Z,2026-03-05T00:00:00Z,,Organic Search,Google organic → Blog — lead scoring,0.75,False,False,"Found us through organic google search then landed on the blog post on lead scoring. Very interested, wants pricing call."
100235623,Julien,Lim,Julien Lim,first_last,Operations Lead,Orchid Retail Group,orchid,julienl@orchid.co,+85263187475,Hong Kong,Contacted,Marketing Qualified Lead,,Marcus Wong,2026-03-20T00:00:00Z,2026-05-08T00:00:00Z,,Referral,Referred by Abena Diallo,0.9,False,False,"Referred by Abena Diallo, warm intro. Connected, sending proposal."
100235624,Leila,Johnson,Leila Johnson,first_last,,Delta Pte. Ltd.,delta,leila.johnson@delta.biz,+306959433378,Greece,Qualified,Lead,Offline Sources,Priya Nair,2026-05-04T00:00:00Z,2026-05-17T00:00:00Z,,Event,Singapore FinTech Festival 2026 — Booth,0.9,False,False,"Spoke with them at our Singapore FinTech Festival 2026 booth, no QR scan logged. Connected, sending proposal."
100235625,Siti,Mehta,Siti Mehta,first_last,Operations Lead,Rossi SRL Analytics,rossi,siti.mehta@rossisrl.sg,+6599784745,Singapore,New,Marketing Qualified Lead,,Marcus Wong,2026-03-08T00:00:00Z,,,LinkedIn,LinkedIn DM,0.9,False,False,"Linkedin dm inbound asking about pricing. Connected, sending proposal."
100235626,Ha-eun,Bakar,Ha-eun Bakar,first_last,,Asante Retail Robotics,asante,ha-eun.b@asanteretail.co,+306958873547,Greece,Qualified,Customer,,Elena Popescu,2026-04-06T00:00:00Z,,,Organic Search,Google organic → Blog — lead scoring,0.75,False,False,Googled us and ended up on the blog post on lead scoring before booking a demo.
100235627,Camille,Petersen,Camille Petersen,first_last,Head of Growth,Nord Consulting,nord,c.petersen@nord.co,+48663146880,Poland,Closed Lost,,Paid Search,Elena Popescu,2026-04-25T00:00:00Z,2026-06-10T00:00:00Z,,Website,Book a Demo page — Google Ads,0.85,False,False,"Booked a demo via the book-a-demo page after clicking a google ad. Connected, sending proposal."
100235628,Nur,Marino,Nur Marino,first_last,,Foster Ventures,foster,nur.marino@foster.sg,+351949245318,Portugal,Closed Won,Other,Social Media,Hana Kobayashi,2026-05-31T00:00:00Z,2026-06-07T00:00:00Z,,LinkedIn,from Original Source: Social Media,0.55,True,False,"Saw our post about replacing hubspot and commented. Left voicemail, will retry."
100235629,Ha-eun,Marino,Ha-eun Marino,first_last,Founder,Chen Digital Trading,chen,h.marino@chendigital.com,+923505354696,Pakistan,Closed Won,,,Noah Bennett,2026-05-29T00:00:00Z,,,Website,Homepage,0.9,False,False,Filled out the form on the homepage.
100235630,Olivia,Agyemang,Olivia Agyemang,first_last,VP Sales,Osei Partners,osei,olivia.a@osei.sg,+306934663054,Greece,Contacted,Customer,Social Media,Noah Bennett,2026-05-17T00:00:00Z,2026-05-20T00:00:00Z,,LinkedIn,from Original Source: Social Media,0.55,True,False,"Saw our post about replacing hubspot and commented. Connected, sending proposal."
100235631,Hui Fang,Aina,Hui Fang Aina,first_last,Operations Lead,Yang Freight Studio,yang,h.aina@yangfreight.net,+233236917850,Ghana,Closed Lost,Lead,Direct Traffic,Grace Osei,2026-04-19T00:00:00Z,2026-05-05T00:00:00Z,,Website,Case study page,0.9,False,False,Filled out the form on the case study page. No response yet.
100235632,Thanh,Li,Thanh Li,first_last,Founder,Diallo Imports Ventures,diallo,t.li@dialloimports.co,+923704524186,Pakistan,Closed Won,Opportunity,,Wei Chen,2026-04-22T00:00:00Z,2026-05-03T00:00:00Z,,Event,Web Summit 2026 — Booth QR Code,0.9,False,False,"Met her at the Web Summit 2026 booth, scanned our QR code."
100235633,Jia Hui,Patel,Jia Hui Patel,first_last,,Reddy Holdings Co,reddy,jiahuip@reddyholdings.com.au,+817953947621,Japan,Opportunity,Customer,Direct Traffic,Fatima Rahman,2025-09-17T00:00:00Z,2025-11-09T00:00:00Z,,Website,Pricing page,0.9,False,False,Filled out the form on the pricing page. Qualifying now.
100235634,Diego,Schmidt,Diego Schmidt,first_last,Finance Manager,Malik Ltd,malik,diego.s@malik.com,+5491114142170,Argentina,Qualified,Opportunity,,Priya Nair,2025-12-20T00:00:00Z,2026-01-09T00:00:00Z,,LinkedIn,LinkedIn post engagement,0.9,False,False,Connected on LinkedIn after commenting on our post.
100235635,Elijah,Martinez,Elijah Martinez,first_last,Marketing Director,Muller GmbH Digital,muller,elijahm@mullergmbh.io,+971563471087,UAE,Opportunity,Marketing Qualified Lead,,Elena Popescu,2025-09-17T00:00:00Z,2026-03-02T00:00:00Z,,Organic Search,Google organic → Homepage,0.75,False,False,Googled us and ended up on the homepage before booking a demo.
100235636,Elijah,Martinez,Elijah Martinez,first_last,Marketing Director,Muller GmbH Inc,muller,elijahmartinez@mullergmbh.io,+971563471087,UAE,Opportunity,Marketing Qualified Lead,,Elena Popescu,2025-09-17T00:00:00Z,2026-03-02T00:00:00Z,,Organic Search,Google organic → Homepage,0.75,False,False,Googled us and ended up on the homepage before booking a demo.
100235637,Kai,Ricci,Kai Ricci,first_last,Operations Lead,Muller GmbH Partners,muller,kair@mullergmbh.biz,+34636702600,Spain,Connected,Customer,,Elena Popescu,2026-03-11T00:00:00Z,,,Manual/Sales,Inbound phone call,0.9,False,False,Manual - added after inbound phone call.
100235638,Kai,Ricci,Kai Ricci,first_last,Operations Lead,Muller GmbH Inc,muller,k.ricci@mullergmbh.biz,+34636702600,Spain,Connected,Customer,,Elena Popescu,2026-03-11T00:00:00Z,2026-03-11T00:00:00Z,,Manual/Sales,Inbound phone call,0.9,False,True,Manual - added after inbound phone call. possible duplicate — verify before contacting.
100235639,K.,Ricci,K. Ricci,full_name,Operations Lead,Muller GmbH Studio,muller,kai.ricci@mullergmbh.biz,+34636702600,Spain,Connected,Customer,,Elena Popescu,2026-03-11T00:00:00Z,,,Manual/Sales,Inbound phone call,0.9,False,True,Manual - added after inbound phone call. possible duplicate — verify before contacting.
100235640,Amina,Appiah,Amina Appiah,first_last,,Kowalski Pte. Ltd.,kowalski,a.appiah@kowalski.com,+393584361547,Italy,Contacted,,Other Campaigns,Noah Bennett,2026-05-17T00:00:00Z,,,Manual/Sales,Cold outreach call,0.9,False,False,"Manually added by sales after a phone call from a cold outreach list. Left voicemail, will retry."
100235641,Ines,Seo,Ines Seo,first_last,,Patel Fintech & Co,patel,iness@patelfintech.net,+66719428279,Thailand,Closed Won,Sales Qualified Lead,Referrals,Elena Popescu,2026-03-21T00:00:00Z,2026-06-07T00:00:00Z,,Referral,Referred by Carlos Patel,0.9,False,False,"Referred by Carlos Patel, warm intro."
100235642,Ines,Seo,Ines Seo,full_name,,Patel Fintech & Group,patel,ines.seo@patelfintech.net,+66719428279,Thailand,Closed Won,Sales Qualified Lead,Referrals,Elena Popescu,2026-03-21T00:00:00Z,,,Referral,Referred by Carlos Patel,0.9,False,True,"Referred by Carlos Patel, warm intro. possible duplicate — verify before contacting."
100235643,Ines,Seo,Ines Seo,first_last,,Patel Fintech & Co,patel,inesseo@patelfintech.net,+66719428279,Thailand,Closed Won,Sales Qualified Lead,Referrals,Elena Popescu,2026-03-21T00:00:00Z,2026-06-07T00:00:00Z,,Referral,Referred by Carlos Patel,0.9,False,True,"Referred by Carlos Patel, warm intro. possible duplicate — verify before contacting."
100235644,Noah,Aina,Noah Aina,first_last,,Weber Analytics Trading Co,weber,noah.a@weberanalytics.com,+12275550100,United States,Opportunity,Customer,Direct Traffic,Wei Chen,2026-05-31T00:00:00Z,2026-06-10T00:00:00Z,,Website,Comparison vs HubSpot page,0.9,False,False,"Filled out the form on the comparison-vs-hubspot page. Left voicemail, will retry."
100235645,Charlotte,Iyer,Charlotte Iyer,first_last,VP Sales,Wong Legal Pte. Ltd.,wong,charlotte.i@wonglegal.com.au,+2348087533288,Nigeria,Connected,Opportunity,Organic Search,Elena Popescu,2025-11-04T00:00:00Z,2026-05-12T00:00:00Z,,Organic Search,Google organic → Homepage,0.75,False,False,"Found us through organic google search then landed on the homepage. Great fit, prioritizing."
100235646,Mei Ling,Mehta,Mei Ling Mehta,first_last,,Reddy Holdings Solutions,reddy,meiling.mehta@reddyholdings.sg,+79737495883,Russia,Contacted,Marketing Qualified Lead,,Fatima Rahman,2025-11-27T00:00:00Z,,,LinkedIn,LinkedIn post engagement,0.9,False,False,Connected on LinkedIn after commenting on our post. Qualifying now.
100235647,Yasmin,Carvalho,Yasmin Carvalho,first_last,,Chua Textiles Analytics,chua,y.carvalho@chuatextiles.com.au,+4526712761,Denmark,Closed Won,Marketing Qualified Lead,,Priya Nair,2026-05-19T00:00:00Z,2026-06-18T00:00:00Z,,Event,Mobile World Congress — Booth QR Code,0.9,False,False,"Met her at the Mobile World Congress booth, scanned our QR code. Connected, sending proposal."
100235648,Siti,Tanaka,Siti Tanaka,first_last,,Chua Textiles Consulting,chua,siti.t@chuatextiles.biz,+8801607568946,Bangladesh,Contacted,Customer,Direct Traffic,Noah Bennett,2025-12-06T00:00:00Z,2026-02-08T00:00:00Z,,Website,Pricing page,0.9,False,False,Filled out the form on the pricing page.
100235649,Astrid,Cruz,Astrid Cruz,first_last,Marketing Director,Reyes Trading,reyes,astridc@reyes.com,+393929591862,Italy,Opportunity,Sales Qualified Lead,Direct Traffic,Noah Bennett,2025-12-09T00:00:00Z,,30,Website,Pricing page,0.9,False,False,"Filled out the form on the pricing page. Left voicemail, will retry."
100235650,Kevin,Lau,Kevin Lau,first_last,Founder,Hansen Digital & Co,hansen,kevin.lau@hansendigital.sg,+639631219665,Philippines,Contacted,Opportunity,,Hana Kobayashi,2025-09-20T00:00:00Z,2026-02-10T00:00:00Z,,Other,,0.3,True,False,Saw our post about replacing hubspot and commented.
100235651,Zara,Park,Zara Park,first_last,Operations Lead,Malik Ltd,malik,zara.p@malik.sg,+919809439220,India,Closed Lost,Lead,,Fatima Rahman,2025-12-11T00:00:00Z,2026-01-09T00:00:00Z,,Event,Mobile World Congress — Booth QR Code,0.9,False,False,Scanned the QR code at our Mobile World Congress booth.
100235652,Bjorn,Larsen,Bjorn Larsen,first_last,Founder,Li Consulting Trading,li,bjornl@liconsulting.com.au,+233268701518,Ghana,Qualified,,,Fatima Rahman,2026-01-07T00:00:00Z,2026-02-22T00:00:00Z,,Referral,Referred by Wei Gupta,0.9,False,False,"Referred by Wei Gupta, warm intro."
100235653,Meera,Sim,Meera Sim,first_last,Operations Lead,Nimbus Co,nimbus,m.sim@nimbus.co,+971543735379,UAE,New,,Social Media,Hana Kobayashi,2025-11-26T00:00:00Z,2026-02-22T00:00:00Z,,LinkedIn,LinkedIn DM,0.9,False,False,"Linkedin dm inbound asking about pricing. Great fit, prioritizing."
100235654,Elena,Hoffmann,Elena Hoffmann,first_last,Founder,Kim Trading Pte. Ltd.,kim,elena.h@kimtrading.co,+923309652307,Pakistan,Qualified,Other,,Diego Alvarez,2025-10-03T00:00:00Z,2025-10-04T00:00:00Z,,Referral,Referred by Chloe Rasmussen,0.9,False,False,"Referred by Chloe Rasmussen, warm intro. No response yet."
100235655,Mia,Andersen,Mia Andersen,first_last,Operations Lead,Chua Textiles & Co,chua,mia.a@chuatextiles.biz,+84946007726,Vietnam,Closed Lost,Lead,Organic Search,Diego Alvarez,2025-12-23T00:00:00Z,2026-05-05T00:00:00Z,,Organic Search,Google organic → Blog — lead scoring,0.75,False,False,"Googled us and ended up on the blog post on lead scoring before booking a demo. Very interested, wants pricing call."
100235656,Ama,Seo,Ama Seo,first_last,,Sayed Trading Ltd,sayed,amas@sayedtrading.co,+66894791549,Thailand,New,Marketing Qualified Lead,,Hana Kobayashi,2026-05-02T00:00:00Z,,,Referral,Referred by Yuki Rahman,0.9,False,False,"Referred by Yuki Rahman, warm intro. No response yet."
100235657,Grace,Agyemang,Grace Agyemang,first_last,,Weber Analytics & Co,weber,g.agyemang@weberanalytics.biz,+971545359342,UAE,Contacted,Marketing Qualified Lead,,Priya Nair,2026-03-22T00:00:00Z,2026-05-17T00:00:00Z,,Manual/Sales,Cold outreach call,0.9,False,False,Manually added by sales after a phone call from a cold outreach list. Not interested for now.
100235658,Aisha,Costa,Aisha Costa,first_last,Marketing Director,Cruz & Partners Retail Group,cruz,aisha.c@cruzpartners.com.au,+393536146398,Italy,Closed Lost,Customer,Referrals,Priya Nair,2026-03-18T00:00:00Z,2026-04-13T00:00:00Z,,Referral,Referred by Olivia Mehta,0.9,False,False,"Referred by Olivia Mehta, warm intro. Great fit, prioritizing."
100235659,Ravi,Williams,Ravi Williams,first_last,,Reyes Inc,reyes,ravi.w@reyes.biz,+84947637923,Vietnam,Closed Won,Other,,Marcus Wong,2026-06-07T00:00:00Z,2026-06-17T00:00:00Z,,Manual/Sales,Cold outreach call,0.9,False,False,"Manually added by sales after a phone call from a cold outreach list. Very interested, wants pricing call."
100235660,Ravi,Williams,Ravi Williams,full_name,,Reyes Studio,reyes,r.williams@reyes.biz,+84947637923,Vietnam,Closed Won,Other,,Marcus Wong,2026-06-07T00:00:00Z,,,Manual/Sales,Cold outreach call,0.9,False,False,"Manually added by sales after a phone call from a cold outreach list. Very interested, wants pricing call."
100235661,Ravi,Williams,Ravi Williams,first_last,,Reyes & Co,reyes,r.williams@reyes.biz,+84947637923,Vietnam,Closed Won,Other,,Marcus Wong,2026-06-07T00:00:00Z,2026-06-17T00:00:00Z,,Manual/Sales,Cold outreach call,0.9,False,True,"Manually added by sales after a phone call from a cold outreach list. Very interested, wants pricing call. possible duplicate — verify before contacting."
100235662,Olivia,Martins,Olivia Martins,first_last,,Yang Freight,yang,olivia.martins@yangfreight.io,+447867417180,United Kingdom,Closed Lost,Other,,Elena Popescu,2025-09-10T00:00:00Z,,,Website,Book a Demo page — Google Ads,0.85,False,False,Booked a demo via the book-a-demo page after clicking a google ad. Not interested for now.
100235663,Catarina,Goh,Catarina Goh,first_last,Operations Lead,Santos Ltda & Co,santos ltda,catarinag@santosltda.io,+447727831250,United Kingdom,Contacted,,Social Media,Marcus Wong,2026-04-27T00:00:00Z,2026-05-04T00:00:00Z,,LinkedIn,from Original Source: Social Media,0.55,True,False,"Saw our post about replacing hubspot and commented. Very interested, wants pricing call."
100235664,Charlotte,Sy,Charlotte Sy,first_last,,Li Consulting & Co,li,c.sy@liconsulting.net,+5511925266383,Brazil,New,Marketing Qualified Lead,,Hana Kobayashi,2025-09-24T00:00:00Z,2025-09-24T00:00:00Z,,Event,Mobile World Congress — Booth QR Code,0.9,False,False,"Met her at the Mobile World Congress booth, scanned our QR code. Connected, sending proposal."
100235665,Femi,Nair,Femi Nair,first_last,,Chua Textiles Studio,chua,f.nair@chuatextiles.sg,+31659019627,Netherlands,Connected,,,Priya Nair,2025-09-10T00:00:00Z,2026-06-01T00:00:00Z,,Other,,0.3,True,False,Saw our post about replacing hubspot and commented. Qualifying now.
100235666,Femi,Nair,Femi Nair,first_last,,Chua Textiles Trading,chua,femi.nair@chuatextiles.sg,+31659019627,Netherlands,Connected,,,Priya Nair,2025-09-10T00:00:00Z,,,Other,,0.3,True,True,Saw our post about replacing hubspot and commented. Qualifying now. possible duplicate — verify before contacting.
100235667,Zara,Hoffmann,Zara Hoffmann,first_last,,Ivanova & Co,ivanova,zarah@ivanova.co,+61451922709,Australia,Qualified,Other,Other Campaigns,Wei Chen,2026-01-08T00:00:00Z,2026-05-21T00:00:00Z,57,Manual/Sales,Inbound phone call,0.9,False,False,Manual - added after inbound phone call.
100235668,Priya,Han,Priya Han,first_last,,Cruz & Partners & Co,cruz,p.han@cruzpartners.com,+491688572382,Germany,Qualified,,,Priya Nair,2026-01-06T00:00:00Z,2026-04-30T00:00:00Z,,Event,TechCrunch Disrupt — Booth QR Code,0.9,False,False,"Met her at the TechCrunch Disrupt booth, scanned our QR code. No response yet."
100235669,Lars,Ndiaye,Lars Ndiaye,first_last,,Reddy Holdings & Co,reddy,lars.ndiaye@reddyholdings.biz,+447904967244,United Kingdom,Closed Lost,Sales Qualified Lead,,Rohan Mehta,2026-06-07T00:00:00Z,2026-06-07T00:00:00Z,,Website,Book a Demo page — Google Ads,0.85,False,False,Booked a demo via the book-a-demo page after clicking a google ad. Not interested for now.
100235670,Lars,Ndiaye,Lars Ndiaye,first_last,,Reddy Holdings & Solutions,reddy,larsndiaye@reddyholdings.biz,+447904967244,United Kingdom,Closed Lost,Sales Qualified Lead,,Rohan Mehta,2026-06-07T00:00:00Z,2026-06-07T00:00:00Z,,Website,Book a Demo page — Google Ads,0.85,False,True,Booked a demo via the book-a-demo page after clicking a google ad. Not interested for now. possible duplicate — verify before contacting.
100235671,Hana,Ong,Hana Ong,first_last,Marketing Director,Kang Holdings Trading,kang,h.ong@kangholdings.io,+306931117288,Greece,Qualified,Opportunity,,Marcus Wong,2026-04-21T00:00:00Z,2026-05-27T00:00:00Z,,Referral,Referred by Amir Chua,0.9,False,False,"Referred by Amir Chua, warm intro. Very interested, wants pricing call."
100235672,Lucas,Boateng,Lucas Boateng,first_last,,Verma Consulting Analytics,verma,lucas.b@vermaconsulting.sg,+5511986029117,Brazil,Qualified,Customer,,Wei Chen,2026-03-10T00:00:00Z,2026-05-04T00:00:00Z,52,Event,Money20/20 Asia — Booth QR Code,0.9,False,False,"Met her at the Money20/20 Asia booth, scanned our QR code. Great fit, prioritizing."
100235673,Tom,Weber,Tom Weber,first_last,,Acme Pte Ltd,acme,tomw@acme.com,+46701509394,Sweden,Closed Lost,Opportunity,,Noah Bennett,2025-11-15T00:00:00Z,,,Website,Book a Demo page,0.9,False,False,"Filled out the form on the book-a-demo page. Left voicemail, will retry."
100235674,Ibrahim,Alves,Ibrahim Alves,first_last,,Ng Freight Pte. Ltd.,ng,ibrahim.a@ngfreight.com.au,+4526483095,Denmark,Closed Lost,Marketing Qualified Lead,,Diego Alvarez,2025-09-06T00:00:00Z,2025-11-22T00:00:00Z,,Event,Web Summit 2026 — Booth QR Code,0.9,False,False,"Met her at the Web Summit 2026 booth, scanned our QR code. Left voicemail, will retry."
100235675,Sara,Lim,Sara Lim,first_last,Founder,Li Consulting,li,s.lim@liconsulting.sg,+6585856971,Singapore,Contacted,Other,,Priya Nair,2026-04-18T00:00:00Z,2026-05-14T00:00:00Z,,Event,London Tech Week — Booth QR Code,0.9,False,False,Scanned the QR code at our London Tech Week booth. No response yet.
100235676,Francesca,Huang,Francesca Huang,first_last,,Sato Co,sato,f.huang@sato.co,+6289441818899,Indonesia,Closed Lost,Customer,Offline Sources,Grace Osei,2026-03-27T00:00:00Z,2026-03-27T00:00:00Z,,Event,Dubai FinTech Week — Booth QR Code,0.9,False,False,Scanned the QR code at our Dubai FinTech Week booth.
100235677,Francesca,Huang,Francesca Huang,first_last,,Sato Retail Group,sato,francesca.huang@sato.co,+6289441818899,Indonesia,Closed Lost,Customer,Offline Sources,Grace Osei,2026-03-27T00:00:00Z,2026-03-27T00:00:00Z,,Event,Dubai FinTech Week — Booth QR Code,0.9,False,False,Scanned the QR code at our Dubai FinTech Week booth.
100235678,Vikram,Lee,Vikram Lee,first_last,,Reddy Holdings Solutions,reddy,vikram.lee@reddyholdings.sg,+971585253108,UAE,Closed Won,Marketing Qualified Lead,,Grace Osei,2025-10-04T00:00:00Z,2025-10-06T00:00:00Z,,Manual/Sales,Inbound phone call,0.9,False,False,Manual - added after inbound phone call. No response yet.
100235679,Rania,Teo,Rania Teo,first_last,,Muller GmbH Labs,muller,rania.teo@mullergmbh.co,+491617434509,Germany,Contacted,Sales Qualified Lead,,Priya Nair,2025-10-08T00:00:00Z,2026-01-06T00:00:00Z,,LinkedIn,LinkedIn DM,0.9,False,False,"Linkedin dm inbound asking about pricing. Great fit, prioritizing."
100235680,Laura,Schmidt,Laura Schmidt,first_last,VP Sales,Nimbus Solutions,nimbus,laura.s@nimbus.net,+6583911185,Singapore,Opportunity,Marketing Qualified Lead,Offline Sources,Priya Nair,2026-02-07T00:00:00Z,2026-04-27T00:00:00Z,,Event,TechCrunch Disrupt — Booth QR Code,0.9,False,False,"Met her at the TechCrunch Disrupt booth, scanned our QR code. Qualifying now."
100235681,Rania,Costa,Rania Costa,first_last,Finance Manager,Popescu Partners,popescu,rania.c@popescu.com.au,+491701353022,Germany,Closed Lost,Opportunity,Paid Search,Rohan Mehta,2026-06-04T00:00:00Z,2026-06-04T00:00:00Z,,Website,Book a Demo page — Google Ads,0.85,False,False,Booked a demo via the book-a-demo page after clicking a google ad. Qualifying now.
100235682,Liam,Patel,Liam Patel,first_last,,Larsen AS Studio,larsen,liamp@larsenas.sg,+33612747416,France,Closed Won,,Other Campaigns,Noah Bennett,2026-05-08T00:00:00Z,2026-05-08T00:00:00Z,35,Manual/Sales,Inbound phone call,0.9,False,False,Manual - added after inbound phone call. Qualifying now.
100235683,Kevin,Park,Kevin Park,first_last,,Chen Digital Inc.,chen,kevin.p@chendigital.net,+48525198443,Poland,Opportunity,Sales Qualified Lead,Offline Sources,Rohan Mehta,2026-02-21T00:00:00Z,2026-04-05T00:00:00Z,,Event,APAC Logistics Summit — Booth,0.9,False,False,"Met at the booth during APAC Logistics Summit, said they'd follow up over email."
100235684,Marco,Tan,Marco Tan,first_last,Marketing Director,Goh Digital & Co,goh,marcot@gohdigital.co,+31688681929,Netherlands,Closed Won,Customer,,Wei Chen,2025-12-10T00:00:00Z,2025-12-10T00:00:00Z,,Website,Comparison vs HubSpot page,0.9,False,False,Filled out the form on the comparison-vs-hubspot page.
100235685,Karim,Asante,Karim Asante,first_last,,Huang Analytics Labs,huang,karim.asante@huanganalytics.sg,+351921133258,Portugal,Closed Lost,Opportunity,,Marcus Wong,2026-06-01T00:00:00Z,,,Website,Book a Demo page — Google Ads,0.85,False,False,Booked a demo via the book-a-demo page after clicking a google ad.
100235686,Siti,Ndiaye,Siti Ndiaye,first_last,,Nimbus Analytics,nimbus,siti.ndiaye@nimbus.com.au,+79449571189,Russia,Opportunity,Customer,Referrals,Marcus Wong,2025-09-06T00:00:00Z,2025-09-28T00:00:00Z,,Referral,Referred by Jia Hui,0.9,False,False,"Referred by Jia Hui Reyes, warm intro."
100235687,Leila,Seo,Leila Seo,first_last,Head of Growth,Muller GmbH Labs,muller,l.seo@mullergmbh.biz,+40725150738,Romania,Closed Lost,Customer,Other Campaigns,Noah Bennett,2025-09-23T00:00:00Z,,,Other,General info@ inbox,0.3,True,False,Other - reached out via our general info@ inbox. Not interested for now.
100235688,Divya,Verma,Divya Verma,first_last,Operations Lead,Ferrari Consulting & Co,ferrari,divya.verma@ferrariconsulting.com.au,+818712662978,Japan,Closed Lost,Customer,,Elena Popescu,2026-03-19T00:00:00Z,,,LinkedIn,LinkedIn DM,0.9,False,False,Linkedin dm inbound asking about pricing. No response yet.
100235689,Tunde,Sy,Tunde Sy,first_last,,Acme Trading Co,acme,tunde.s@acme.com,+821060729876,South Korea,Qualified,Lead,Direct Traffic,Hana Kobayashi,2025-09-06T00:00:00Z,2025-11-23T00:00:00Z,,Website,Contact page,0.9,False,False,Filled out the form on the contact page.
100235690,Tunde,Sy,Tunde Sy,full_name,,Acme Trading Robotics,acme,tunde.sy@acme.com,+821060729876,South Korea,Qualified,Lead,Direct Traffic,Hana Kobayashi,2025-09-06T00:00:00Z,,,Website,Contact page,0.9,False,True,Filled out the form on the contact page. possible duplicate — verify before contacting.
100235691,Ha-eun,Joshi,Ha-eun Joshi,first_last,VP Sales,BluePeak & Co,bluepeak,ha-eun.j@bluepeak.com,+33656372297,France,Closed Won,Sales Qualified Lead,,Hana Kobayashi,2025-09-28T00:00:00Z,,,Event,Money20/20 Asia — Booth QR Code,0.9,False,False,He scanned our QR code at the Money20/20 Asia booth. Qualifying now.
100235692,Nadia,Yap,Nadia Yap,first_last,,Fischer Trading Freight Solutions,fischer,nadia.y@fischertrading.com.au,+33690958168,France,Qualified,Customer,,Priya Nair,2026-03-11T00:00:00Z,,,Website,Blog — lead scoring,0.9,False,False,Filled out the form on the blog post on lead scoring. Not interested for now.
100235693,Rania,Yoon,Rania Yoon,first_last,,Ivanova Inc.,ivanova,rania.y@ivanova.biz,+61497236315,Australia,Opportunity,,,Noah Bennett,2026-01-27T00:00:00Z,2026-03-15T00:00:00Z,,Website,Homepage,0.9,False,False,"Filled out the form on the homepage. Left voicemail, will retry."
100235694,Nadia,Ng,Nadia Ng,first_last,Marketing Director,Lau Partners,lau,nadian@lau.net,+917153127912,India,Contacted,Other,Other Campaigns,Wei Chen,2025-09-12T00:00:00Z,2026-01-18T00:00:00Z,,Manual/Sales,Cold outreach call,0.9,False,False,"Manually added by sales after a phone call from a cold outreach list. Very interested, wants pricing call."
100235695,Nadia,Ng,Nadia Ng,first_last,Marketing Director,Lau Inc.,lau,nadia.ng@lau.net,+917153127912,India,Contacted,Other,Other Campaigns,Wei Chen,2025-09-12T00:00:00Z,2026-01-18T00:00:00Z,,Manual/Sales,Cold outreach call,0.9,False,True,"Manually added by sales after a phone call from a cold outreach list. Very interested, wants pricing call. possible duplicate — verify before contacting."
100235696,Min-jun,Ferrari,Min-jun Ferrari,first_last,,Park Biotech Studio,park,min-jun.ferrari@parkbiotech.com.au,+85293263036,Hong Kong,New,Lead,,Noah Bennett,2026-01-24T00:00:00Z,2026-03-19T00:00:00Z,,Manual/Sales,Cold outreach call,0.9,False,False,Manually added by sales after a phone call from a cold outreach list.
100235697,Min-jun,Ferrari,Min-jun Ferrari,full_name,,Park Biotech Group,park,min-junferrari@parkbiotech.com.au,+85293263036,Hong Kong,New,Lead,,Noah Bennett,2026-01-24T00:00:00Z,2026-03-19T00:00:00Z,,Manual/Sales,Cold outreach call,0.9,False,True,Manually added by sales after a phone call from a cold outreach list. possible duplicate — verify before contacting.
100235698,Vikram,Osei,Vikram Osei,first_last,,Gupta Textiles Pte. Ltd.,gupta,vikram.o@guptatextiles.biz,+46708451626,Sweden,Qualified,Sales Qualified Lead,,Priya Nair,2026-04-11T00:00:00Z,2026-05-27T00:00:00Z,,LinkedIn,LinkedIn DM,0.9,False,False,"Linkedin dm inbound asking about pricing. Very interested, wants pricing call."
100235699,Yasmin,Weber,Yasmin Weber,first_last,VP Sales,Fischer Trading & Co,fischer,yasmin.weber@fischertrading.sg,+31683375378,Netherlands,Connected,Customer,Other Campaigns,Hana Kobayashi,2025-12-16T00:00:00Z,2025-12-16T00:00:00Z,,Other,General info@ inbox,0.3,True,False,Other - reached out via our general info@ inbox. Qualifying now.
100235700,Ji-woo,Mensah,Ji-woo Mensah,first_last,,Orchid Group,orchid,j.mensah@orchid.com.au,+919698564649,India,Closed Won,,,Noah Bennett,2026-01-30T00:00:00Z,2026-03-04T00:00:00Z,,Website,Comparison vs HubSpot page,0.9,False,False,Filled out the form on the comparison-vs-hubspot page.
100235701,Vikram,Agyemang,Vikram Agyemang,first_last,,Lau Pte Ltd,lau,vikram.agyemang@lau.com,+923708330592,Pakistan,Closed Lost,Other,,Wei Chen,2025-11-10T00:00:00Z,2026-06-07T00:00:00Z,,Referral,Referred by Catarina Mehta,0.9,False,False,"Referred by Catarina Mehta, warm intro. Connected, sending proposal."
100235702,Tiago,Johnson,Tiago Johnson,first_last,Head of Growth,Rossi SRL Inc.,rossi,tiago.j@rossisrl.io,+525599468914,Mexico,New,Sales Qualified Lead,Social Media,Rohan Mehta,2026-01-27T00:00:00Z,2026-01-27T00:00:00Z,,LinkedIn,LinkedIn DM,0.9,False,False,"Linkedin dm inbound asking about pricing. Left voicemail, will retry."
100235703,Ha-eun,Costa,Ha-eun Costa,first_last,,Kilat Retail Digital,kilat,ha-eunc@kilatretail.com.au,+48549794654,Poland,Contacted,Lead,Direct Traffic,Elena Popescu,2026-04-16T00:00:00Z,2026-06-05T00:00:00Z,,Website,Pricing page,0.9,False,False,Filled out the form on the pricing page. Qualifying now.
100235704,Rohan,Appiah,Rohan Appiah,first_last,Operations Lead,Teo Consulting Ventures,teo,rohana@teoconsulting.sg,+4525735522,Denmark,Contacted,Sales Qualified Lead,,Hana Kobayashi,2026-04-09T00:00:00Z,2026-04-09T00:00:00Z,,Event,London Tech Week — Booth QR Code,0.9,False,False,"Scanned the QR code at our London Tech Week booth. Great fit, prioritizing."
100235705,Rohan,Appiah,Rohan Appiah,full_name,Operations Lead,Teo Consulting & Co,teo,rohana@teoconsulting.sg,+4525735522,Denmark,Contacted,Sales Qualified Lead,,Hana Kobayashi,2026-04-09T00:00:00Z,,,Event,London Tech Week — Booth QR Code,0.9,False,False,"Scanned the QR code at our London Tech Week booth. Great fit, prioritizing."
100235706,Musa,Bakar,Musa Bakar,first_last,Operations Lead,Ang Analytics & Co,ang,musab@anganalytics.net,+233208472040,Ghana,Qualified,Lead,Organic Search,Fatima Rahman,2026-03-29T00:00:00Z,2026-06-16T00:00:00Z,25,Organic Search,Google organic → Comparison vs HubSpot page,0.75,False,False,"Found us through organic google search then landed on the comparison-vs-hubspot page. Great fit, prioritizing."
100235707,Michael,Kang,Michael Kang,first_last,Finance Manager,Malik Labs,malik,michael.k@malik.com,+6288787928942,Indonesia,Closed Won,,Organic Search,Elena Popescu,2026-05-08T00:00:00Z,,,Organic Search,Google organic → Homepage,0.75,False,False,"Googled us and ended up on the homepage before booking a demo. Left voicemail, will retry."
100235708,Francesca,Iyer,Francesca Iyer,first_last,Head of Growth,Adeyemi Logistics Pte Ltd,adeyemi,francescai@adeyemilogistics.com.au,+2348046865115,Nigeria,Closed Lost,Lead,Referrals,Grace Osei,2026-06-08T00:00:00Z,,,Referral,Referred by Erik Lee,0.9,False,False,"Referred by Erik Lee, warm intro. Qualifying now."
100235709,Elena,Danso,Elena Danso,first_last,Finance Manager,Ang Analytics Studio,ang,elena.danso@anganalytics.net,+212634492915,Morocco,Contacted,Lead,,Elena Popescu,2026-04-14T00:00:00Z,2026-06-13T00:00:00Z,,Organic Search,Google organic → Contact page,0.75,False,False,Googled us and ended up on the contact page before booking a demo. Qualifying now.
100235710,Jonathan,Rasmussen,Jonathan Rasmussen,first_last,VP Sales,Ang Analytics,ang,jonathanr@anganalytics.io,+525574959426,Mexico,Closed Won,Sales Qualified Lead,,Marcus Wong,2026-04-04T00:00:00Z,2026-05-02T00:00:00Z,,Event,APAC Logistics Summit — Booth,0.9,False,False,"Met at the booth during APAC Logistics Summit, said they'd follow up over email. No response yet."
100235711,Jonathan,Rasmussen,Jonathan Rasmussen,first_last,VP Sales,Ang Analytics Co.,ang,jonathan.rasmussen@anganalytics.io,+525574959426,Mexico,Closed Won,Sales Qualified Lead,,Marcus Wong,2026-04-04T00:00:00Z,2026-05-02T00:00:00Z,,Event,APAC Logistics Summit — Booth,0.9,False,True,"Met at the booth during APAC Logistics Summit, said they'd follow up over email. No response yet. possible duplicate — verify before contacting."
100235712,Kevin,Bruno,Kevin Bruno,first_last,,Yap Ventures Inc.,yap,k.bruno@yapventures.co,+48592941448,Poland,Opportunity,Sales Qualified Lead,Other Campaigns,Noah Bennett,2026-06-08T00:00:00Z,2026-06-08T00:00:00Z,,Manual/Sales,Walk-in,0.9,False,False,"Other - walked into our office without an appointment. Left voicemail, will retry."
100235713,Marco,Patel,Marco Patel,first_last,Founder,GreenLeaf Robotics,greenleaf,marcop@greenleaf.sg,+491778516545,Germany,New,Other,,Rohan Mehta,2026-01-22T00:00:00Z,2026-05-16T00:00:00Z,,Referral,Referred by Kenji Koh,0.9,False,False,"Referred by Kenji Koh, warm intro. Very interested, wants pricing call."
100235714,Marco,Patel,Marco Patel,first_last,Founder,GreenLeaf Co.,greenleaf,marcopatel@greenleaf.sg,+491778516545,Germany,New,Other,,Rohan Mehta,2026-01-22T00:00:00Z,2026-05-16T00:00:00Z,,Referral,Referred by Kenji Koh,0.9,False,True,"Referred by Kenji Koh, warm intro. Very interested, wants pricing call. possible duplicate — verify before contacting."
100235715,Jia Hui,Weber,Jia Hui Weber,first_last,Marketing Director,Asante Retail Co.,asante,jiahuiw@asanteretail.com.au,+5511982627734,Brazil,Contacted,Customer,Social Media,Priya Nair,2025-11-19T00:00:00Z,,,LinkedIn,LinkedIn post engagement,0.9,False,False,"Connected on LinkedIn after commenting on our post. Left voicemail, will retry."
100235716,Sara,Bennett,Sara Bennett,first_last,Founder,Ho Bros Labs,ho,sara.b@hobros.biz,+8613831921435,China,Closed Lost,,Other Campaigns,Hana Kobayashi,2025-09-04T00:00:00Z,2026-03-21T00:00:00Z,,Manual/Sales,Cold outreach call,0.9,False,False,Manually added by sales after a phone call from a cold outreach list.
100235717,Pedro,Ferrari,Pedro Ferrari,first_last,Finance Manager,Liu Trading Studio,liu,pedro.ferrari@liutrading.sg,+447861146387,United Kingdom,Qualified,Opportunity,Direct Traffic,Grace Osei,2026-04-24T00:00:00Z,,,Website,Blog — lead scoring,0.9,False,False,Filled out the form on the blog post on lead scoring. No response yet.
100235718,Lucas,Bennett,Lucas Bennett,first_last,Head of Growth,Zahra Holdings,zahra,lucas.bennett@zahra.biz,+4527961455,Denmark,Contacted,Other,,Marcus Wong,2026-05-27T00:00:00Z,,67,Manual/Sales,Cold outreach call,0.9,False,False,"Manually added by sales after a phone call from a cold outreach list. Connected, sending proposal."
100235719,Charlotte,Chen,Charlotte Chen,first_last,Founder,Larsen AS Retail Group,larsen,charlottec@larsenas.net,+84935109777,Vietnam,Qualified,Lead,,Grace Osei,2026-03-21T00:00:00Z,2026-05-28T00:00:00Z,,Referral,Referred by Farid Russo,0.9,False,False,"Referred by Farid Russo, warm intro. Qualifying now."
100235720,Oluwaseun,Hansen,Oluwaseun Hansen,first_last,Marketing Director,Choi Logistics Group,choi,o.hansen@choilogistics.com,+79644051218,Russia,Qualified,Marketing Qualified Lead,Social Media,Wei Chen,2026-02-11T00:00:00Z,2026-06-18T00:00:00Z,,LinkedIn,LinkedIn post engagement,0.9,False,False,Connected on LinkedIn after commenting on our post. No response yet.
100235721,Ethan,Hossain,Ethan Hossain,first_last,VP Sales,Reyes Ltd,reyes,ethanh@reyes.co,+46707573039,Sweden,Contacted,Marketing Qualified Lead,,Diego Alvarez,2025-10-17T00:00:00Z,2026-04-23T00:00:00Z,,Website,Book a Demo page — Google Ads,0.85,False,False,"Booked a demo via the book-a-demo page after clicking a google ad. Connected, sending proposal."
100235722,Ama,Ang,Ama Ang,first_last,VP Sales,Gupta Textiles Consulting,gupta,amaa@guptatextiles.biz,+5491156432348,Argentina,Closed Lost,Opportunity,Offline Sources,Diego Alvarez,2025-10-29T00:00:00Z,2026-02-19T00:00:00Z,,Event,Singapore FinTech Festival 2026 — Booth QR Code,0.9,False,False,"Met her at the Singapore FinTech Festival 2026 booth, scanned our QR code."
100235723,Anjali,Andersen,Anjali Andersen,first_last,,Williams Pte. Ltd.,williams,anjalia@williams.biz,+61498598930,Australia,Qualified,Sales Qualified Lead,,Priya Nair,2025-11-05T00:00:00Z,2026-05-08T00:00:00Z,,Website,Contact page,0.9,False,False,"Filled out the form on the contact page. Left voicemail, will retry."
100235724,Kwame,Ong,Kwame Ong,first_last,Head of Growth,Sato Co.,sato,kwame.o@sato.sg,+971572267185,UAE,Qualified,Opportunity,Other Campaigns,Noah Bennett,2025-10-10T00:00:00Z,,,Other,General info@ inbox,0.3,True,False,"Other - reached out via our general info@ inbox. Left voicemail, will retry."
100235725,Sara,Cruz,Sara Cruz,first_last,Operations Lead,Mekong Co.,mekong,sara.c@mekong.biz,+79803266372,Russia,Connected,Customer,,Priya Nair,2025-10-19T00:00:00Z,2026-02-11T00:00:00Z,,Referral,Referred by Ha-eun Nair,0.9,False,False,"Referred by Ha-eun Nair, warm intro. Connected, sending proposal."
100235726,Freya,Joshi,Freya Joshi,first_last,Marketing Director,Reyes Trading,reyes,freya.joshi@reyes.net,+818772875035,Japan,Qualified,,,Wei Chen,2026-03-14T00:00:00Z,2026-05-25T00:00:00Z,,Referral,Referred by Yasmin Sy,0.9,False,False,"Referred by Yasmin Sy, warm intro. No response yet."
100235727,Min-jun,Lee,Min-jun Lee,first_last,,Costa Trading Analytics,costa,min-junl@costatrading.net,+393448464412,Italy,Closed Won,,,Diego Alvarez,2026-01-26T00:00:00Z,2026-04-01T00:00:00Z,,Website,Contact page,0.9,False,False,Filled out the form on the contact page.
100235728,Daniel,Ba,Daniel Ba,first_last,,Yang Freight Group,yang,d.ba@yangfreight.com.au,+918171722162,India,New,Sales Qualified Lead,Referrals,Elena Popescu,2026-04-23T00:00:00Z,2026-05-22T00:00:00Z,,Referral,Referred by Seo-yeon Kang,0.75,False,False,"Referred by Seo-yeon Kang, warm intro."
100235729,Daniel,Ba,Daniel Ba,first_last,,Yang Freight Trading,yang,daniel.ba@yangfreight.com.au,+918171722162,India,New,Sales Qualified Lead,Referrals,Elena Popescu,2026-04-23T00:00:00Z,,,Referral,Referred by Seo-yeon Kang,0.75,False,False,"Referred by Seo-yeon Kang, warm intro."
100235730,Chloe,Rossi,Chloe Rossi,first_last,,Goh Digital Trading Co,goh,chloe.rossi@gohdigital.io,+6599179986,Singapore,New,Customer,,Hana Kobayashi,2025-10-20T00:00:00Z,,,Manual/Sales,Inbound phone call,0.9,False,False,"Manual - added after inbound phone call. Connected, sending proposal."
100235731,Sophia,Liu,Sophia Liu,first_last,Finance Manager,Ferrari Consulting Analytics,ferrari,sophial@ferrariconsulting.com,+33632351161,France,New,Lead,Other Campaigns,Wei Chen,2025-12-09T00:00:00Z,2025-12-09T00:00:00Z,,Other,General info@ inbox,0.3,True,False,Other - reached out via our general info@ inbox. No response yet.
100235732,Tunde,Andersen,Tunde Andersen,first_last,,Nimbus Holdings,nimbus,tundea@nimbus.com,+4529822812,Denmark,New,,Direct Traffic,Noah Bennett,2026-04-06T00:00:00Z,,,Website,Homepage,0.9,False,False,Filled out the form on the homepage.
100235733,Elena,Nguyen,Elena Nguyen,first_last,Operations Lead,Delta Freight,delta,elena.nguyen@delta.biz,+6282444035194,Indonesia,Opportunity,Sales Qualified Lead,Organic Search,Fatima Rahman,2025-12-24T00:00:00Z,2026-02-11T00:00:00Z,,Organic Search,Google organic → Homepage,0.75,False,False,"Googled us and ended up on the homepage before booking a demo. Great fit, prioritizing."
100235734,Lucas,Mehta,Lucas Mehta,first_last,Founder,Ivanova Trading,ivanova,lucasm@ivanova.co,+971569121081,UAE,Contacted,Sales Qualified Lead,Organic Search,Elena Popescu,2026-05-21T00:00:00Z,2026-05-27T00:00:00Z,,Organic Search,Google organic → Pricing page,0.75,False,False,"Googled us and ended up on the pricing page before booking a demo. Very interested, wants pricing call."
100235735,Adam,Toure,Adam Toure,first_last,,Sayed Trading Robotics,sayed,adamt@sayedtrading.com,+923607782763,Pakistan,Connected,,Social Media,Grace Osei,2026-06-16T00:00:00Z,2026-06-18T00:00:00Z,,LinkedIn,LinkedIn DM,0.9,False,False,Linkedin dm inbound asking about pricing. No response yet.
100235736,Bashir,Ng,Bashir Ng,first_last,VP Sales,Tanaka Digital,tanaka,bashirn@tanaka.net,+40775836425,Romania,Closed Lost,Marketing Qualified Lead,Other Campaigns,Grace Osei,2025-12-16T00:00:00Z,2026-06-12T00:00:00Z,,Manual/Sales,Inbound phone call,0.9,False,False,Manual - added after inbound phone call. Qualifying now.
100235737,Charlotte,Agyemang,Charlotte Agyemang,first_last,Marketing Director,Ng Freight Co,ng,charlotte.a@ngfreight.biz,+306948629962,Greece,Contacted,Sales Qualified Lead,,Diego Alvarez,2025-12-18T00:00:00Z,2026-03-01T00:00:00Z,32,LinkedIn,LinkedIn DM,0.9,False,False,"Linkedin dm inbound asking about pricing. Left voicemail, will retry."
100235738,Benjamin,Becker,Benjamin Becker,first_last,,Delta & Co,delta,benjamin.becker@delta.biz,+8613694424223,China,Closed Lost,Opportunity,Direct Traffic,Marcus Wong,2025-09-15T00:00:00Z,2026-05-27T00:00:00Z,,Website,Product tour page,0.9,False,False,"Filled out the form on the product tour page. Very interested, wants pricing call."
100235739,Aisha,Williams,Aisha Williams,first_last,,Williams & Co,williams,a.williams@williams.com.au,+817430065677,Japan,Qualified,,,Fatima Rahman,2026-01-31T00:00:00Z,2026-05-24T00:00:00Z,,Website,Book a Demo page — Google Ads,0.85,False,False,"Booked a demo via the book-a-demo page after clicking a google ad. Connected, sending proposal."
100235740,Hassan,Marino,Hassan Marino,first_last,Founder,Reyes Labs,reyes,hassanm@reyes.net,+6585045296,Singapore,Opportunity,,,Marcus Wong,2025-10-27T00:00:00Z,2026-02-09T00:00:00Z,,Manual/Sales,Inbound phone call,0.9,False,False,Manual - added after inbound phone call. Qualifying now.
100235741,Charlotte,Kone,Charlotte Kone,first_last,Founder,Nord Consulting,nord,charlotte.kone@nord.net,+818250455458,Japan,Closed Lost,Customer,,Priya Nair,2025-10-12T00:00:00Z,,,Organic Search,Google organic → Comparison vs HubSpot page,0.75,False,False,"Found us through organic google search then landed on the comparison-vs-hubspot page. Very interested, wants pricing call."
100235742,Aiko,Lau,Aiko Lau,first_last,,Gupta Textiles Ltd,gupta,aiko.l@guptatextiles.net,+2348041382210,Nigeria,Connected,Customer,Referrals,Marcus Wong,2025-10-24T00:00:00Z,2026-01-04T00:00:00Z,,Referral,Referred by Daniel Aina,0.9,False,False,"Referred by Daniel Aina, warm intro. Connected, sending proposal."
100235743,Linh,Cruz,Linh Cruz,first_last,,Al-Farsi Inc.,al farsi,l.cruz@al-farsi.com,+33674524880,France,Connected,Marketing Qualified Lead,,Priya Nair,2025-12-17T00:00:00Z,,,Other,,0.3,True,False,Saw our post about replacing hubspot and commented. Qualifying now.
100235744,Rachel,Christensen,Rachel Christensen,first_last,,Sato Inc.,sato,rachel.christensen@sato.net,+46709671227,Sweden,Connected,Opportunity,Referrals,Priya Nair,2025-11-22T00:00:00Z,2026-04-04T00:00:00Z,,Referral,Referred by Rachel Rao,0.9,False,False,"Referred by Rachel Rao, warm intro."
100235745,Freya,Hansen,Freya Hansen,first_last,Operations Lead,Toure Consulting,toure,freya.h@toureconsulting.sg,+31680234072,Netherlands,Opportunity,Lead,,Fatima Rahman,2026-06-11T00:00:00Z,2026-06-12T00:00:00Z,,Event,Dubai FinTech Week — Booth QR Code,0.9,False,False,Scanned the QR code at our Dubai FinTech Week booth.
100235746,F.,Hansen,F. Hansen,full_name,Operations Lead,Toure Consulting Holdings,toure,f.hansen@toureconsulting.sg,+31680234072,Netherlands,Opportunity,Lead,,Fatima Rahman,2026-06-11T00:00:00Z,2026-06-12T00:00:00Z,,Event,Dubai FinTech Week — Booth QR Code,0.9,False,False,Scanned the QR code at our Dubai FinTech Week booth.
100235747,Camille,Kapoor,Camille Kapoor,first_last,Head of Growth,Weber Analytics Pte Ltd,weber,camillek@weberanalytics.io,+31689712065,Netherlands,Closed Lost,Opportunity,,Elena Popescu,2026-06-05T00:00:00Z,,,Organic Search,Google organic → Case study page,0.75,False,False,Googled us and ended up on the case study page before booking a demo. Qualifying now.
100235748,Xiu Ying,Rossi,Xiu Ying Rossi,first_last,Finance Manager,Cruz & Partners Freight,cruz,x.rossi@cruzpartners.sg,+351938969271,Portugal,Connected,Marketing Qualified Lead,,Wei Chen,2026-04-18T00:00:00Z,,,LinkedIn,LinkedIn DM,0.9,False,False,Linkedin dm inbound asking about pricing.
100235749,Anjali,Martinez,Anjali Martinez,first_last,VP Sales,Diallo Imports Pte Ltd,diallo,anjali.m@dialloimports.net,+5511978973949,Brazil,Connected,Lead,,Rohan Mehta,2026-04-16T00:00:00Z,,,Website,Pricing page,0.9,False,False,"Filled out the form on the pricing page. Very interested, wants pricing call."
100235750,Kai,Yap,Kai Yap,first_last,VP Sales,Sim Robotics Inc,sim,kaiy@simrobotics.com,+8801443340510,Bangladesh,Contacted,Customer,,Wei Chen,2025-12-02T00:00:00Z,,,Organic Search,Google organic → Comparison vs HubSpot page,0.75,False,False,Googled us and ended up on the comparison-vs-hubspot page before booking a demo.
100235751,Ingrid,Papadopoulos,Ingrid Papadopoulos,first_last,Marketing Director,Lau Inc,lau,ingrid.papadopoulos@lau.biz,+447877799414,United Kingdom,New,,Other Campaigns,Grace Osei,2025-12-09T00:00:00Z,2026-04-01T00:00:00Z,,Manual/Sales,Walk-in,0.9,False,False,"Other - walked into our office without an appointment. Great fit, prioritizing."
100235752,Isabelle,Greco,Isabelle Greco,first_last,Founder,Ang Analytics Pte Ltd,ang,isabelle.greco@anganalytics.io,+6281359162676,Indonesia,Opportunity,Sales Qualified Lead,,Grace Osei,2026-01-03T00:00:00Z,,,Organic Search,Google organic → Homepage,0.75,False,False,"Found us through organic google search then landed on the homepage. Connected, sending proposal."
100235753,Isabelle,Greco,Isabelle Greco,first_last,Founder,Ang Analytics Labs,ang,i.greco@anganalytics.io,+6281359162676,Indonesia,Opportunity,Sales Qualified Lead,,Grace Osei,2026-01-03T00:00:00Z,,,Organic Search,Google organic → Homepage,0.75,False,True,"Found us through organic google search then landed on the homepage. Connected, sending proposal. possible duplicate — verify before contacting."
100235754,Laura,Al-Sayed,Laura Al-Sayed,first_last,VP Sales,Delta Freight,delta,laura.a@delta.com.au,+33640618683,France,New,Sales Qualified Lead,,Grace Osei,2026-06-10T00:00:00Z,2026-06-15T00:00:00Z,,Website,Case study page,0.9,False,False,Filled out the form on the case study page.
100235755,L.,Al-Sayed,L. Al-Sayed,full_name,VP Sales,Delta Inc.,delta,lauraal-sayed@delta.com.au,+33640618683,France,New,Sales Qualified Lead,,Grace Osei,2026-06-10T00:00:00Z,2026-06-15T00:00:00Z,,Website,Case study page,0.9,False,True,Filled out the form on the case study page. possible duplicate — verify before contacting.
100235756,Astrid,Becker,Astrid Becker,first_last,Operations Lead,Delta & Co,delta,astrid.becker@delta.sg,+46707018017,Sweden,Contacted,Sales Qualified Lead,Social Media,Fatima Rahman,2025-09-11T00:00:00Z,2025-12-19T00:00:00Z,,LinkedIn,LinkedIn DM,0.9,False,False,Linkedin dm inbound asking about pricing. Qualifying now.
100235757,Astrid,Becker,Astrid Becker,full_name,Operations Lead,Delta & Co.,delta,a.becker@delta.sg,+46707018017,Sweden,Contacted,Sales Qualified Lead,Social Media,Fatima Rahman,2025-09-11T00:00:00Z,2025-12-19T00:00:00Z,,LinkedIn,LinkedIn DM,0.9,False,True,Linkedin dm inbound asking about pricing. Qualifying now. possible duplicate — verify before contacting.
100235758,A.,Becker,A. Becker,full_name,Operations Lead,Delta & Trading Co,delta,astrid.becker@delta.sg,+46707018017,Sweden,Contacted,Sales Qualified Lead,Social Media,Fatima Rahman,2025-09-11T00:00:00Z,2025-12-19T00:00:00Z,,LinkedIn,LinkedIn DM,0.9,False,True,Linkedin dm inbound asking about pricing. Qualifying now. possible duplicate — verify before contacting.
100235759,Bashir,Colombo,Bashir Colombo,first_last,Operations Lead,Mekong Robotics,mekong,b.colombo@mekong.io,+919033554294,India,Closed Lost,Customer,Direct Traffic,Diego Alvarez,2026-03-03T00:00:00Z,,,Website,Case study page,0.9,False,False,"Filled out the form on the case study page. Great fit, prioritizing."
100235760,Kevin,Bianchi,Kevin Bianchi,first_last,Marketing Director,Ho Bros Solutions,ho,k.bianchi@hobros.co,+821031461433,South Korea,Connected,Lead,,Noah Bennett,2026-04-26T00:00:00Z,,,Event,Money20/20 Asia — Booth,0.9,False,False,"Spoke with them at our Money20/20 Asia booth, no QR scan logged. Left voicemail, will retry."
100235761,Ahmed,Lim,Ahmed Lim,first_last,Marketing Director,Costa Trading Inc,costa,a.lim@costatrading.net,+8801812147351,Bangladesh,Connected,Customer,Social Media,Grace Osei,2025-09-04T00:00:00Z,,,LinkedIn,from Original Source: Social Media,0.55,True,False,Saw our post about replacing hubspot and commented.
100235762,Ahmed,Lim,Ahmed Lim,full_name,Marketing Director,Costa Trading Pte Ltd,costa,a.lim@costatrading.net,+8801812147351,Bangladesh,Connected,Customer,Social Media,Grace Osei,2025-09-04T00:00:00Z,2025-09-27T00:00:00Z,,LinkedIn,from Original Source: Social Media,0.55,True,True,Saw our post about replacing hubspot and commented. possible duplicate — verify before contacting.
100235763,Ahmed,Kapoor,Ahmed Kapoor,first_last,,Acme Digital,acme,a.kapoor@acme.com.au,+12005550136,United States,Closed Won,,,Grace Osei,2025-12-21T00:00:00Z,,,Organic Search,Google organic → Contact page,0.75,False,False,"Googled us and ended up on the contact page before booking a demo. Great fit, prioritizing."
100235764,Ahmed,Kim,Ahmed Kim,first_last,Marketing Director,Chen Digital Freight Solutions,chen,ahmed.kim@chendigital.com,+971575387893,UAE,Closed Lost,Opportunity,Referrals,Grace Osei,2025-09-30T00:00:00Z,2026-05-29T00:00:00Z,,Referral,Referred by Farah Pham,0.9,False,False,"Referred by Farah Pham, warm intro."
100235765,Anna,Liu,Anna Liu,first_last,Marketing Director,Mekong Inc,mekong,anna.l@mekong.sg,+971504958828,UAE,Closed Lost,Opportunity,,Fatima Rahman,2026-02-19T00:00:00Z,2026-03-10T00:00:00Z,,Event,Dubai FinTech Week — Booth,0.9,False,False,"Met at the booth during Dubai FinTech Week, said they'd follow up over email. No response yet."
100235766,Daniel,Verma,Daniel Verma,first_last,,Toure Consulting Studio,toure,d.verma@toureconsulting.co,+60111295011,Malaysia,Qualified,,Referrals,Grace Osei,2026-01-04T00:00:00Z,2026-05-21T00:00:00Z,,Referral,Referred by Ibrahim Liu,0.9,False,False,"Referred by Ibrahim Liu, warm intro. Left voicemail, will retry."
100235767,Kenji,Malik,Kenji Malik,first_last,Finance Manager,Teo Consulting Partners,teo,kenji.m@teoconsulting.io,+306966832172,Greece,Connected,Marketing Qualified Lead,Offline Sources,Rohan Mehta,2025-11-11T00:00:00Z,2025-11-11T00:00:00Z,,Event,TechCrunch Disrupt — Booth QR Code,0.9,False,False,"He scanned our QR code at the TechCrunch Disrupt booth. Very interested, wants pricing call."
100235768,Matteo,Sim,Matteo Sim,first_last,Head of Growth,Adeyemi Logistics Holdings,adeyemi,m.sim@adeyemilogistics.co,+447950974955,United Kingdom,Connected,Other,,Noah Bennett,2026-02-08T00:00:00Z,2026-05-17T00:00:00Z,,Referral,Referred by Oluwaseun Zhao,0.9,False,False,"Referred by Oluwaseun Zhao, warm intro. Great fit, prioritizing."
100235769,Ji-woo,Tan,Ji-woo Tan,first_last,,Santos Ltda Labs,santos ltda,ji-woo.t@santosltda.io,+4526785224,Denmark,Contacted,,Direct Traffic,Priya Nair,2026-04-04T00:00:00Z,2026-05-31T00:00:00Z,,Website,Product tour page,0.9,False,False,Filled out the form on the product tour page. Qualifying now.
100235770,Yuki,Mehta,Yuki Mehta,first_last,Founder,Kilat Retail Freight,kilat,yuki.mehta@kilatretail.co,+923204286381,Pakistan,Connected,Opportunity,,Hana Kobayashi,2026-06-09T00:00:00Z,2026-06-19T00:00:00Z,,Manual/Sales,Cold outreach call,0.9,False,False,Manually added by sales after a phone call from a cold outreach list. No response yet.
100235771,Catarina,Popescu,Catarina Popescu,first_last,,Delta Digital,delta,c.popescu@delta.com.au,+447798566309,United Kingdom,Closed Lost,Other,,Wei Chen,2025-09-29T00:00:00Z,2026-02-14T00:00:00Z,,Organic Search,Google organic → Contact page,0.75,False,False,Googled us and ended up on the contact page before booking a demo. Not interested for now.
100235772,Elena,Nair,Elena Nair,first_last,,GreenLeaf Pte. Ltd.,greenleaf,elenan@greenleaf.biz,+5511953973072,Brazil,Qualified,,Organic Search,Diego Alvarez,2026-06-06T00:00:00Z,,,Organic Search,Google organic → Product tour page,0.75,False,False,"Googled us and ended up on the product tour page before booking a demo. Great fit, prioritizing."
100235773,So-young,Nair,So-young Nair,first_last,,GreenLeaf Pte. Ltd.,greenleaf,so-young.nair@greenleaf.biz,+351943861851,Portugal,New,,Direct Traffic,Fatima Rahman,2025-11-14T00:00:00Z,2026-02-16T00:00:00Z,,Website,Book a Demo page,0.9,False,False,Filled out the form on the book-a-demo page. No response yet.
100235774,Arjun,Ferreira,Arjun Ferreira,first_last,,Schmidt AG Co.,schmidt ag,arjun.ferreira@schmidtag.com.au,+31651822116,Netherlands,New,Sales Qualified Lead,,Priya Nair,2026-01-18T00:00:00Z,,,Other,,0.3,True,False,Saw our post about replacing hubspot and commented.
100235775,Manon,Dubois,Manon Dubois,first_last,Marketing Director,Foster Studio,foster,manon.dubois@foster.biz,+8613694596206,China,Qualified,Sales Qualified Lead,Social Media,Hana Kobayashi,2025-10-27T00:00:00Z,2026-05-23T00:00:00Z,79,LinkedIn,LinkedIn DM,0.9,False,False,Linkedin dm inbound asking about pricing.
100235776,Freya,Wong,Freya Wong,first_last,,Nord Ventures,nord,freya.w@nord.sg,+525579202848,Mexico,New,Customer,Social Media,Elena Popescu,2026-04-29T00:00:00Z,2026-05-23T00:00:00Z,,LinkedIn,from Original Source: Social Media,0.55,True,False,"Saw our post about replacing hubspot and commented. Left voicemail, will retry."
100235777,Bruno,Pham,Bruno Pham,first_last,Operations Lead,Jung Studio Trading Co,jung,bruno.p@jungstudio.co,+918787258446,India,Contacted,Sales Qualified Lead,,Fatima Rahman,2026-01-05T00:00:00Z,2026-06-05T00:00:00Z,,Website,Homepage,0.9,False,False,Filled out the form on the homepage.
100235778,Zainab,Koch,Zainab Koch,first_last,,Yap Ventures Studio,yap,z.koch@yapventures.net,+6581063484,Singapore,Closed Won,Customer,,Grace Osei,2025-12-14T00:00:00Z,2026-04-11T00:00:00Z,,Event,APAC Logistics Summit — Booth,0.9,False,False,"Spoke with them at our APAC Logistics Summit booth, no QR scan logged. Great fit, prioritizing."
100235779,Hassan,Li,Hassan Li,first_last,Founder,Acme Partners,acme,h.li@acme.sg,+6592281130,Singapore,Closed Lost,Opportunity,Other Campaigns,Fatima Rahman,2026-06-12T00:00:00Z,,,Other,General info@ inbox,0.3,True,False,Other - reached out via our general info@ inbox. Not interested for now.
100235780,Hassan,Li,Hassan Li,first_last,Founder,Acme Freight,acme,hassanli@acme.sg,+6592281130,Singapore,Closed Lost,Opportunity,Other Campaigns,Fatima Rahman,2026-06-12T00:00:00Z,2026-06-14T00:00:00Z,,Other,General info@ inbox,0.3,True,False,Other - reached out via our general info@ inbox. Not interested for now.
100235781,Ananya,Jensen,Ananya Jensen,first_last,Operations Lead,Osei Freight,osei,ananyaj@osei.com,+233275802539,Ghana,Closed Won,Customer,,Noah Bennett,2025-11-01T00:00:00Z,2026-03-30T00:00:00Z,,Referral,Referred by Hassan Fall,0.9,False,False,"Referred by Hassan Fall, warm intro. Qualifying now."
100235782,Vikram,Xu,Vikram Xu,first_last,,Orchid Studio,orchid,vikramx@orchid.biz,+917529146903,India,Contacted,Other,Referrals,Noah Bennett,2026-03-06T00:00:00Z,2026-05-03T00:00:00Z,,Referral,Referred by Layla Kowalski,0.9,False,False,"Referred by Layla Kowalski, warm intro. Qualifying now."
100235783,Laura,Danso,Laura Danso,first_last,VP Sales,Teo Consulting Retail Group,teo,laura.danso@teoconsulting.com.au,+66816082575,Thailand,New,Lead,,Noah Bennett,2025-11-17T00:00:00Z,2025-11-24T00:00:00Z,,LinkedIn,LinkedIn post engagement,0.9,False,False,Connected on LinkedIn after commenting on our post. No response yet.
100235784,Vikram,Petersen,Vikram Petersen,first_last,,Sim Robotics Co.,sim,vikram.p@simrobotics.co,+66727665647,Thailand,Opportunity,Opportunity,,Hana Kobayashi,2026-06-19T00:00:00Z,2026-06-19T00:00:00Z,,Organic Search,Google organic → Blog — lead scoring,0.75,False,False,"Googled us and ended up on the blog post on lead scoring before booking a demo. Connected, sending proposal."
100235785,Rui,Johnson,Rui Johnson,first_last,Head of Growth,Athens Retail Partners,athens,ruij@athensretail.co,+8801810802347,Bangladesh,Contacted,Sales Qualified Lead,Offline Sources,Priya Nair,2025-09-21T00:00:00Z,2025-12-02T00:00:00Z,,Event,APAC Logistics Summit — Booth QR Code,0.9,False,False,He scanned our QR code at the APAC Logistics Summit booth.
100235786,Laura,Fischer,Laura Fischer,first_last,,Santos Ltda Co.,santos ltda,laura.fischer@santosltda.biz,+85264277894,Hong Kong,Closed Won,Other,Direct Traffic,Fatima Rahman,2026-03-15T00:00:00Z,2026-04-09T00:00:00Z,,Website,Book a Demo page,0.9,False,False,Filled out the form on the book-a-demo page.
100235787,Miguel,Zhang,Miguel Zhang,first_last,Operations Lead,Koh & Sons Retail Group,koh,miguelz@kohsons.io,+491526622093,Germany,Opportunity,Customer,Offline Sources,Wei Chen,2025-09-26T00:00:00Z,,,Event,TechCrunch Disrupt — Booth QR Code,0.9,False,False,He scanned our QR code at the TechCrunch Disrupt booth. Not interested for now.
100235788,Elena,Koch,Elena Koch,first_last,VP Sales,Ang Analytics Consulting,ang,elenak@anganalytics.net,+212699426810,Morocco,Closed Won,Sales Qualified Lead,Other Campaigns,Fatima Rahman,2025-10-08T00:00:00Z,2026-05-16T00:00:00Z,,Manual/Sales,Walk-in,0.9,False,False,Other - walked into our office without an appointment. No response yet.
100235789,Elena,Al-Farsi,Elena Al-Farsi,first_last,,Kim Trading Inc,kim,elenaa@kimtrading.biz,+821079174813,South Korea,Qualified,Opportunity,,Grace Osei,2025-09-15T00:00:00Z,2025-11-07T00:00:00Z,,LinkedIn,LinkedIn DM,0.9,False,False,Linkedin dm inbound asking about pricing. Not interested for now.
100235790,Tiago,Toure,Tiago Toure,first_last,,GreenLeaf Analytics,greenleaf,tiago.t@greenleaf.biz,+8801770521022,Bangladesh,Contacted,Customer,Social Media,Wei Chen,2025-12-04T00:00:00Z,,,LinkedIn,from Original Source: Social Media,0.55,True,False,Saw our post about replacing hubspot and commented. Qualifying now.
100235791,Ines,Lee,Ines Lee,first_last,Head of Growth,Ng Freight Labs,ng,i.lee@ngfreight.com.au,+4529782327,Denmark,Connected,Sales Qualified Lead,,Elena Popescu,2026-05-03T00:00:00Z,,44,Other,,0.3,True,False,"Saw our post about replacing hubspot and commented. Very interested, wants pricing call."
100235792,Ines,Lee,Ines Lee,first_last,Head of Growth,Ng Freight Group,ng,ines.lee@ngfreight.com.au,+4529782327,Denmark,Connected,Sales Qualified Lead,,Elena Popescu,2026-05-03T00:00:00Z,2026-05-12T00:00:00Z,44,Other,,0.3,True,True,"Saw our post about replacing hubspot and commented. Very interested, wants pricing call. possible duplicate — verify before contacting."
100235793,Ahmed,Schmidt,Ahmed Schmidt,first_last,Marketing Director,Kowalski Ltd,kowalski,ahmed.s@kowalski.com.au,+66660529611,Thailand,Qualified,Lead,,Priya Nair,2026-03-04T00:00:00Z,2026-03-04T00:00:00Z,,Manual/Sales,Cold outreach call,0.9,False,False,"Manually added by sales after a phone call from a cold outreach list. Connected, sending proposal."
100235794,A.,Schmidt,A. Schmidt,full_name,Marketing Director,Kowalski Pte Ltd,kowalski,a.schmidt@kowalski.com.au,+66660529611,Thailand,Qualified,Lead,,Priya Nair,2026-03-04T00:00:00Z,2026-03-04T00:00:00Z,,Manual/Sales,Cold outreach call,0.9,False,True,"Manually added by sales after a phone call from a cold outreach list. Connected, sending proposal. possible duplicate — verify before contacting."
100235795,Ryan,Fischer,Ryan Fischer,first_last,Founder,Liu Trading Studio,liu,r.fischer@liutrading.co,+923204809467,Pakistan,Closed Won,Marketing Qualified Lead,Referrals,Noah Bennett,2025-12-17T00:00:00Z,2026-05-28T00:00:00Z,,Referral,Referred by Kwame Lim,0.9,False,False,"Referred by Kwame Lim, warm intro."
100235796,Ingrid,Sow,Ingrid Sow,first_last,Operations Lead,Wong Legal Analytics,wong,ingrids@wonglegal.biz,+60166062507,Malaysia,Closed Won,Other,,Diego Alvarez,2026-02-04T00:00:00Z,2026-05-09T00:00:00Z,,Website,Product tour page,0.9,False,False,Filled out the form on the product tour page.
100235797,Musa,Martins,Musa Martins,first_last,,Liu Trading Co,liu,m.martins@liutrading.co,+491664326907,Germany,Closed Won,Sales Qualified Lead,,Rohan Mehta,2025-12-27T00:00:00Z,2026-03-27T00:00:00Z,,Referral,Referred by Musa Ng,0.9,False,False,"Referred by Musa Ng, warm intro. Not interested for now."
100235798,Mei Ling,Santos,Mei Ling Santos,first_last,,Weber Analytics Group,weber,m.santos@weberanalytics.io,+306993235125,Greece,Connected,Marketing Qualified Lead,,Noah Bennett,2026-02-20T00:00:00Z,,,Website,Book a Demo page — Google Ads,0.85,False,False,Booked a demo via the book-a-demo page after clicking a google ad. No response yet.
100235799,Sophia,Gupta,Sophia Gupta,first_last,,Koh & Sons Robotics,koh,s.gupta@kohsons.com.au,+639995788320,Philippines,Contacted,Other,Organic Search,Hana Kobayashi,2025-11-12T00:00:00Z,,37,Organic Search,Google organic → Case study page,0.75,False,False,"Found us through organic google search then landed on the case study page. Great fit, prioritizing."
100235800,Xiu Ying,Gupta,Xiu Ying Gupta,first_last,,Koh & Sons Robotics,koh,xiuyingg@kohsons.com.au,+393541663281,Italy,Qualified,Customer,Referrals,Diego Alvarez,2025-12-29T00:00:00Z,,,Referral,Referred by Joon Chua,0.9,False,False,"Referred by Joon Chua, warm intro."
100235801,Elin,Wu,Elin Wu,first_last,,Ho Bros Trading Co,ho,elin.w@hobros.net,+923502862430,Pakistan,Closed Lost,Lead,Other Campaigns,Rohan Mehta,2026-03-06T00:00:00Z,2026-05-12T00:00:00Z,,Event,Retail Asia Expo — Booth,0.9,False,False,"Spoke with them at our Retail Asia Expo booth, no QR scan logged. No response yet."
100235802,Ravi,Nkrumah,Ravi Nkrumah,first_last,,Asante Retail Holdings,asante,r.nkrumah@asanteretail.net,+212699146327,Morocco,Qualified,Marketing Qualified Lead,Organic Search,Rohan Mehta,2025-10-26T00:00:00Z,2025-12-16T00:00:00Z,,Organic Search,Google organic → Comparison vs HubSpot page,0.75,False,False,Googled us and ended up on the comparison-vs-hubspot page before booking a demo.
100235803,Zara,Schulz,Zara Schulz,first_last,Marketing Director,GreenLeaf & Co,greenleaf,zara.schulz@greenleaf.com.au,+5511982427426,Brazil,Contacted,Lead,Offline Sources,Elena Popescu,2025-10-01T00:00:00Z,2026-01-28T00:00:00Z,,Event,APAC Logistics Summit — Booth QR Code,0.9,False,False,"Met her at the APAC Logistics Summit booth, scanned our QR code. Left voicemail, will retry."
100235804,Bruno,Johnson,Bruno Johnson,first_last,Finance Manager,Ferrari Consulting Inc.,ferrari,bruno.j@ferrariconsulting.biz,+971537922637,UAE,Contacted,,,Fatima Rahman,2026-01-22T00:00:00Z,2026-06-06T00:00:00Z,,Website,Pricing page,0.9,False,False,"Filled out the form on the pricing page. Great fit, prioritizing."
100235805,Sarah,Yeo,Sarah Yeo,first_last,Head of Growth,Mensah Trading & Co,mensah,s.yeo@mensahtrading.com,+33626705657,France,Qualified,Opportunity,,Hana Kobayashi,2025-12-04T00:00:00Z,2025-12-20T00:00:00Z,,Event,Retail Asia Expo — Booth QR Code,0.9,False,False,Scanned the QR code at our Retail Asia Expo booth.
100235806,Daniel,Hossain,Daniel Hossain,first_last,,Yang Freight Co,yang,daniel.h@yangfreight.biz,+233217942756,Ghana,Connected,Lead,Other Campaigns,Noah Bennett,2025-11-15T00:00:00Z,2025-12-14T00:00:00Z,,Other,General info@ inbox,0.3,True,False,Other - reached out via our general info@ inbox. Qualifying now.
100235807,Daniel,Sato,Daniel Sato,first_last,Founder,Gupta Textiles Solutions,gupta,d.sato@guptatextiles.io,+8801400722543,Bangladesh,Opportunity,Marketing Qualified Lead,,Noah Bennett,2026-06-18T00:00:00Z,,,Other,,0.3,True,False,"Saw our post about replacing hubspot and commented. Very interested, wants pricing call."
100235808,Natasha,Ba,Natasha Ba,first_last,,Muller GmbH Pte. Ltd.,muller,natashab@mullergmbh.co,+4520113210,Denmark,Contacted,,,Noah Bennett,2026-05-25T00:00:00Z,2026-06-09T00:00:00Z,,Referral,Referred by Grace Kang,0.9,False,False,"Referred by Grace Kang, warm intro. No response yet."
100235809,Natasha,Ba,Natasha Ba,first_last,,Muller GmbH & Co,muller,natashab@mullergmbh.co,+4520113210,Denmark,Contacted,,,Noah Bennett,2026-05-25T00:00:00Z,,,Referral,Referred by Grace Kang,0.9,False,False,"Referred by Grace Kang, warm intro. No response yet."
100235810,Natasha,Ba,Natasha Ba,first_last,,Muller GmbH Inc.,muller,natasha.ba@mullergmbh.co,+4520113210,Denmark,Contacted,,,Noah Bennett,2026-05-25T00:00:00Z,2026-06-09T00:00:00Z,,Referral,Referred by Grace Kang,0.9,False,True,"Referred by Grace Kang, warm intro. No response yet. possible duplicate — verify before contacting."
100235811,Omar,Alves,Omar Alves,first_last,,Athens Retail Inc.,athens,omar.alves@athensretail.com,+447974789474,United Kingdom,Opportunity,Marketing Qualified Lead,,Grace Osei,2025-12-30T00:00:00Z,2026-05-19T00:00:00Z,,Website,Book a Demo page,0.9,False,False,"Filled out the form on the book-a-demo page. Great fit, prioritizing."
100235812,Omar,Alves,Omar Alves,first_last,,Athens Retail Ventures,athens,o.alves@athensretail.com,+447974789474,United Kingdom,Opportunity,Marketing Qualified Lead,,Grace Osei,2025-12-30T00:00:00Z,2026-05-19T00:00:00Z,,Website,Book a Demo page,0.9,False,False,"Filled out the form on the book-a-demo page. Great fit, prioritizing."
100235813,Natasha,Huang,Natasha Huang,first_last,,Huang Analytics Inc,huang,natasha.huang@huanganalytics.net,+233205672870,Ghana,Qualified,Marketing Qualified Lead,Direct Traffic,Diego Alvarez,2026-06-15T00:00:00Z,2026-06-15T00:00:00Z,,Website,Case study page,0.9,False,False,Filled out the form on the case study page.
100235814,Kenji,Sow,Kenji Sow,first_last,Operations Lead,Lotus Finance Solutions,lotus,kenji.s@lotusfinance.io,+34653498942,Spain,New,Customer,,Wei Chen,2026-04-21T00:00:00Z,2026-04-26T00:00:00Z,,Organic Search,Google organic → Product tour page,0.75,False,False,Found us through organic google search then landed on the product tour page.
100235815,Amina,Sow,Amina Sow,first_last,Head of Growth,Teo Consulting Digital,teo,a.sow@teoconsulting.com,+5491195978828,Argentina,Closed Lost,Sales Qualified Lead,,Priya Nair,2025-11-24T00:00:00Z,,,Manual/Sales,Inbound phone call,0.9,False,False,Manual - added after inbound phone call.
100235816,Linh,Marino,Linh Marino,first_last,Operations Lead,Lotus Finance Inc,lotus,linhm@lotusfinance.biz,+923107284632,Pakistan,Contacted,Sales Qualified Lead,,Rohan Mehta,2025-12-26T00:00:00Z,2025-12-26T00:00:00Z,,Website,Book a Demo page — Google Ads,0.85,False,False,"Booked a demo via the book-a-demo page after clicking a google ad. Left voicemail, will retry."
100235817,Lucas,Fall,Lucas Fall,first_last,,Kim Trading Robotics,kim,lucas.fall@kimtrading.io,+60156544602,Malaysia,Qualified,Other,,Elena Popescu,2025-12-26T00:00:00Z,2026-02-22T00:00:00Z,,Manual/Sales,Cold outreach call,0.9,False,False,Manually added by sales after a phone call from a cold outreach list. Qualifying now.
100235818,Elijah,Gupta,Elijah Gupta,first_last,,Mekong & Co,mekong,elijah.g@mekong.com,+918897222345,India,New,Customer,,Hana Kobayashi,2025-11-27T00:00:00Z,2025-11-27T00:00:00Z,,Event,Dubai FinTech Week — Booth,0.9,False,False,"Met at the booth during Dubai FinTech Week, said they'd follow up over email. Left voicemail, will retry."
100235819,Tiago,Almeida,Tiago Almeida,first_last,VP Sales,Li Consulting Labs,li,tiagoa@liconsulting.sg,+971597141931,UAE,Connected,Marketing Qualified Lead,,Wei Chen,2025-10-25T00:00:00Z,2025-11-22T00:00:00Z,,Organic Search,Google organic → Contact page,0.75,False,False,Googled us and ended up on the contact page before booking a demo. No response yet.
100235820,Ji-woo,Meyer,Ji-woo Meyer,first_last,Operations Lead,Muller GmbH Inc,muller,j.meyer@mullergmbh.sg,+8613285527005,China,Closed Won,Sales Qualified Lead,,Hana Kobayashi,2025-12-01T00:00:00Z,,,LinkedIn,LinkedIn DM,0.9,False,False,Linkedin dm inbound asking about pricing. Qualifying now.
100235821,Haruto,Muller,Haruto Muller,first_last,,Chua Textiles Co,chua,haruto.muller@chuatextiles.biz,+817612129185,Japan,New,Opportunity,,Hana Kobayashi,2026-02-26T00:00:00Z,2026-05-24T00:00:00Z,,Manual/Sales,Cold outreach call,0.9,False,False,"Manually added by sales after a phone call from a cold outreach list. Left voicemail, will retry."
100235822,Haruto,Muller,Haruto Muller,first_last,,Chua Textiles Holdings,chua,haruto.muller@chuatextiles.biz,+817612129185,Japan,New,Opportunity,,Hana Kobayashi,2026-02-26T00:00:00Z,2026-05-24T00:00:00Z,,Manual/Sales,Cold outreach call,0.9,False,False,"Manually added by sales after a phone call from a cold outreach list. Left voicemail, will retry."
100235823,Nadia,Bakker,Nadia Bakker,first_last,,Ho Bros & Co,ho,n.bakker@hobros.biz,+917476752225,India,Closed Won,Sales Qualified Lead,,Marcus Wong,2026-04-13T00:00:00Z,2026-04-21T00:00:00Z,,Website,Homepage,0.9,False,False,"Filled out the form on the homepage. Great fit, prioritizing."
100235824,Layla,Chua,Layla Chua,first_last,,Sayed Trading Pte. Ltd.,sayed,layla.c@sayedtrading.com,+17855550176,United States,Connected,Sales Qualified Lead,,Diego Alvarez,2025-10-21T00:00:00Z,2026-04-24T00:00:00Z,,Website,Comparison vs HubSpot page,0.9,False,False,"Filled out the form on the comparison-vs-hubspot page. Left voicemail, will retry."
100235825,Wei,Koch,Wei Koch,first_last,Operations Lead,Huang Analytics Group,huang,wei.k@huanganalytics.co,+821055471526,South Korea,Opportunity,Other,,Elena Popescu,2025-11-30T00:00:00Z,,,LinkedIn,LinkedIn post engagement,0.9,False,False,Connected on LinkedIn after commenting on our post.
100235826,Carlos,Zahra,Carlos Zahra,first_last,,Goh Digital & Co,goh,carlosz@gohdigital.biz,+6584123172,Singapore,Closed Lost,Marketing Qualified Lead,,Wei Chen,2026-01-17T00:00:00Z,,,Referral,Referred by Chloe Reyes,0.9,False,False,"Referred by Chloe Reyes, warm intro. Left voicemail, will retry."
100235827,Kai,Reddy,Kai Reddy,first_last,Finance Manager,Rao Ventures Partners,rao,kair@raoventures.net,+919193497576,India,New,Marketing Qualified Lead,,Diego Alvarez,2026-01-04T00:00:00Z,,,Event,Mobile World Congress — Booth QR Code,0.9,False,False,"Scanned the QR code at our Mobile World Congress booth. Very interested, wants pricing call."
100235828,Siti,Singh,Siti Singh,first_last,,Nord Solutions,nord,s.singh@nord.co,+5491120644154,Argentina,Qualified,Lead,Organic Search,Grace Osei,2026-02-07T00:00:00Z,,,Organic Search,Google organic → Case study page,0.75,False,False,"Found us through organic google search then landed on the case study page. Great fit, prioritizing."
100235829,Layla,Yeo,Layla Yeo,first_last,Operations Lead,GreenLeaf Co,greenleaf,layla.y@greenleaf.io,+48682490543,Poland,Opportunity,Other,Paid Search,Noah Bennett,2025-11-28T00:00:00Z,2026-04-22T00:00:00Z,,Website,Book a Demo page — Google Ads,0.85,False,False,"Booked a demo via the book-a-demo page after clicking a google ad. Great fit, prioritizing."
100235830,Layla,Yeo,Layla Yeo,first_last,Operations Lead,GreenLeaf & Co,greenleaf,laylay@greenleaf.io,+48682490543,Poland,Opportunity,Other,Paid Search,Noah Bennett,2025-11-28T00:00:00Z,2026-04-22T00:00:00Z,,Website,Book a Demo page — Google Ads,0.85,False,False,"Booked a demo via the book-a-demo page after clicking a google ad. Great fit, prioritizing."
100235831,Meera,Pereira,Meera Pereira,first_last,,Yap Ventures & Co,yap,meerap@yapventures.io,+61470479204,Australia,Closed Lost,Customer,,Noah Bennett,2026-04-12T00:00:00Z,2026-05-14T00:00:00Z,,Manual/Sales,Inbound phone call,0.9,False,False,"Manual - added after inbound phone call. Connected, sending proposal."
100235832,Ryan,Nkrumah,Ryan Nkrumah,first_last,,Saigon Robotics,saigon,ryann@saigon.net,+491789046423,Germany,Closed Won,Other,,Priya Nair,2026-01-06T00:00:00Z,2026-06-09T00:00:00Z,,Website,Contact page,0.9,False,False,Filled out the form on the contact page. No response yet.
100235833,Xiu Ying,Nkrumah,Xiu Ying Nkrumah,first_last,Founder,Saigon Robotics,saigon,xiuying.nkrumah@saigon.net,+31675857181,Netherlands,Opportunity,Opportunity,,Noah Bennett,2026-04-19T00:00:00Z,2026-05-28T00:00:00Z,,Referral,Referred by Sven Bakar,0.9,False,False,"Referred by Sven Bakar, warm intro."
100235834,Daniel,Foster,Daniel Foster,first_last,Operations Lead,GreenLeaf Robotics,greenleaf,danielf@greenleaf.io,+971514447425,UAE,Qualified,,,Grace Osei,2026-04-03T00:00:00Z,2026-05-14T00:00:00Z,,Event,Retail Asia Expo — Booth QR Code,0.9,False,False,"Met her at the Retail Asia Expo booth, scanned our QR code. Great fit, prioritizing."
100235835,Bashir,Ferrari,Bashir Ferrari,first_last,,Choi Logistics Holdings,choi,bashirf@choilogistics.com,+4520925262,Denmark,Qualified,,,Elena Popescu,2025-12-27T00:00:00Z,,,Event,TechCrunch Disrupt — Booth QR Code,0.9,False,False,"Met her at the TechCrunch Disrupt booth, scanned our QR code. Very interested, wants pricing call."
100235836,Joon,Patel,Joon Patel,first_last,VP Sales,Lindqvist AB Freight,lindqvist,j.patel@lindqvistab.net,+5491163039036,Argentina,Qualified,Other,,Wei Chen,2026-03-12T00:00:00Z,,,LinkedIn,LinkedIn post engagement,0.9,False,False,"Connected on LinkedIn after commenting on our post. Left voicemail, will retry."
100235837,Jun Wei,Lim,Jun Wei Lim,first_last,VP Sales,Orchid Ltd,orchid,junwei.lim@orchid.com,+918439481994,India,Opportunity,Opportunity,Direct Traffic,Elena Popescu,2026-02-18T00:00:00Z,2026-02-18T00:00:00Z,,Website,Blog — lead scoring,0.9,False,False,"Filled out the form on the blog post on lead scoring. Connected, sending proposal."
100235838,Jun,Lim,Jun Wei Lim,full_name,VP Sales,Orchid Consulting,orchid,junweilim@orchid.com,+918439481994,India,Opportunity,Opportunity,Direct Traffic,Elena Popescu,2026-02-18T00:00:00Z,2026-02-18T00:00:00Z,,Website,Blog — lead scoring,0.9,False,False,"Filled out the form on the blog post on lead scoring. Connected, sending proposal."
100235839,Youssef,Seo,Youssef Seo,first_last,Founder,Nord Ltd,nord,y.seo@nord.biz,+85264798204,Hong Kong,Closed Lost,Opportunity,Direct Traffic,Marcus Wong,2026-05-03T00:00:00Z,2026-06-19T00:00:00Z,,Website,Product tour page,0.9,False,False,Filled out the form on the product tour page.
100235840,Ines,Mensah,Ines Mensah,first_last,Marketing Director,Huang Analytics Ventures,huang,ines.m@huanganalytics.com.au,+2348059029123,Nigeria,Closed Won,,Other Campaigns,Grace Osei,2026-01-18T00:00:00Z,2026-03-20T00:00:00Z,,Other,General info@ inbox,0.3,True,False,Other - reached out via our general info@ inbox.
100235841,Sigrid,Hoffmann,Sigrid Hoffmann,first_last,,Kim Trading Group,kim,sigridh@kimtrading.com,+917073872916,India,Qualified,Opportunity,,Grace Osei,2025-10-12T00:00:00Z,2026-02-02T00:00:00Z,,Website,Book a Demo page — Google Ads,0.85,False,False,Booked a demo via the book-a-demo page after clicking a google ad.
100235842,Rohan,Lim,Rohan Lim,first_last,,Owusu Freight Consulting,owusu,rohanl@owusufreight.sg,+5511934574967,Brazil,Closed Lost,Sales Qualified Lead,Organic Search,Diego Alvarez,2026-02-23T00:00:00Z,2026-06-05T00:00:00Z,,Organic Search,Google organic → Contact page,0.75,False,False,Googled us and ended up on the contact page before booking a demo. No response yet.
100235843,Farid,Lim,Farid Lim,first_last,,Owusu Freight Consulting,owusu,faridl@owusufreight.sg,+6281750226040,Indonesia,Opportunity,,,Grace Osei,2026-04-04T00:00:00Z,2026-04-04T00:00:00Z,,Referral,Referred by Julien Fischer,0.9,False,False,"Referred by Julien Fischer, warm intro."
100235844,Pooja,Larsen,Pooja Larsen,first_last,Finance Manager,BluePeak Ltd,bluepeak,pooja.l@bluepeak.com.au,+5511989761000,Brazil,Connected,Other,,Hana Kobayashi,2026-03-30T00:00:00Z,,,Referral,Referred by Sarah Bakar,0.9,False,False,"Referred by Sarah Bakar, warm intro."
100235845,Adam,Lee,Adam Lee,first_last,Finance Manager,Gupta Textiles Labs,gupta,a.lee@guptatextiles.biz,+2348073921284,Nigeria,Connected,Sales Qualified Lead,Other Campaigns,Hana Kobayashi,2026-01-02T00:00:00Z,2026-04-20T00:00:00Z,31,Event,Web Summit 2026 — Booth,0.9,False,False,"Met at the booth during Web Summit 2026, said they'd follow up over email."
100235846,Sven,Rasmussen,Sven Rasmussen,first_last,VP Sales,Bakker & Co,bakker,svenr@bakker.sg,+46709472610,Sweden,Contacted,Sales Qualified Lead,Other Campaigns,Elena Popescu,2026-01-13T00:00:00Z,2026-01-17T00:00:00Z,,Manual/Sales,Walk-in,0.9,False,False,"Other - walked into our office without an appointment. Left voicemail, will retry."
100235847,Camille,Andersen,Camille Andersen,first_last,,Martinez Co.,martinez,c.andersen@martinez.com,+351916174078,Portugal,New,Marketing Qualified Lead,,Grace Osei,2026-05-22T00:00:00Z,,,Website,Contact page,0.9,False,False,"Filled out the form on the contact page. Great fit, prioritizing."
100235848,Camille,Andersen,Camille Andersen,first_last,,Martinez Consulting,martinez,camillea@martinez.com,+351916174078,Portugal,New,Marketing Qualified Lead,,Grace Osei,2026-05-22T00:00:00Z,2026-05-30T00:00:00Z,,Website,Contact page,0.9,False,False,"Filled out the form on the contact page. Great fit, prioritizing."
100235849,Kofi,Appiah,Kofi Appiah,first_last,,Silva Ventures,silva,kofi.appiah@silva.net,+48617453876,Poland,Opportunity,Marketing Qualified Lead,Referrals,Fatima Rahman,2026-06-03T00:00:00Z,2026-06-06T00:00:00Z,,Referral,Referred by Sanjay Rodrigues,0.9,False,False,"Referred by Sanjay Rodrigues, warm intro. Great fit, prioritizing."
100235850,Zara,Kapoor,Zara Kapoor,first_last,,Ferrari Consulting Inc,ferrari,zarak@ferrariconsulting.biz,+212640168523,Morocco,Contacted,Lead,,Rohan Mehta,2026-02-08T00:00:00Z,2026-03-29T00:00:00Z,,Organic Search,Google organic → Book a Demo page,0.75,False,False,Googled us and ended up on the book-a-demo page before booking a demo.
100235851,Z.,Kapoor,Z. Kapoor,full_name,,Ferrari Consulting Holdings,ferrari,zarak@ferrariconsulting.biz,+212640168523,Morocco,Contacted,Lead,,Rohan Mehta,2026-02-08T00:00:00Z,2026-03-29T00:00:00Z,,Organic Search,Google organic → Book a Demo page,0.75,False,True,Googled us and ended up on the book-a-demo page before booking a demo. possible duplicate — verify before contacting.
100235852,Seo-yeon,Ricci,Seo-yeon Ricci,first_last,,Sayed Trading Freight Solutions,sayed,s.ricci@sayedtrading.sg,+46704334825,Sweden,Closed Won,Customer,Other Campaigns,Wei Chen,2025-10-21T00:00:00Z,,59,Other,General info@ inbox,0.3,True,False,Other - reached out via our general info@ inbox. No response yet.
100235853,Abena,Sy,Abena Sy,first_last,,Yang Freight Ltd,yang,abena.sy@yangfreight.com,+525531693622,Mexico,Closed Lost,Sales Qualified Lead,Social Media,Wei Chen,2025-11-03T00:00:00Z,2025-12-09T00:00:00Z,,LinkedIn,from Original Source: Social Media,0.55,True,False,Saw our post about replacing hubspot and commented.
100235854,Thanh,Gomes,Thanh Gomes,first_last,,Ivanova & Co,ivanova,thanh.gomes@ivanova.sg,+6584534774,Singapore,Contacted,Other,,Grace Osei,2026-05-11T00:00:00Z,2026-05-11T00:00:00Z,,Event,Dubai FinTech Week — Booth QR Code,0.9,False,False,"Met her at the Dubai FinTech Week booth, scanned our QR code. Left voicemail, will retry."
100235855,Valentina,Greco,Valentina Greco,first_last,Operations Lead,Hansen Digital Inc.,hansen,valentinag@hansendigital.com.au,+66864834051,Thailand,Closed Lost,,Direct Traffic,Priya Nair,2026-02-17T00:00:00Z,,68,Website,Pricing page,0.9,False,False,"Filled out the form on the pricing page. Great fit, prioritizing."
100235856,Valentina,Greco,Valentina Greco,first_last,Operations Lead,Hansen Digital Holdings,hansen,valentinagreco@hansendigital.com.au,+66864834051,Thailand,Closed Lost,,Direct Traffic,Priya Nair,2026-02-17T00:00:00Z,2026-04-23T00:00:00Z,68,Website,Pricing page,0.9,False,False,"Filled out the form on the pricing page. Great fit, prioritizing."
100235857,Valentina,Greco,Valentina Greco,first_last,Operations Lead,Hansen Digital Robotics,hansen,valentinag@hansendigital.com.au,+66864834051,Thailand,Closed Lost,,Direct Traffic,Priya Nair,2026-02-17T00:00:00Z,2026-04-23T00:00:00Z,68,Website,Pricing page,0.9,False,False,"Filled out the form on the pricing page. Great fit, prioritizing."
100235858,Francesca,Gomes,Francesca Gomes,first_last,,Sim Robotics Ventures,sim,francesca.g@simrobotics.sg,+34664813728,Spain,Opportunity,,Other Campaigns,Fatima Rahman,2025-10-08T00:00:00Z,,,Other,General info@ inbox,0.3,True,False,Other - reached out via our general info@ inbox.
100235859,Chiara,Sharma,Chiara Sharma,first_last,,Liu Trading Digital,liu,chiara.sharma@liutrading.com,+61475117312,Australia,Connected,Lead,,Diego Alvarez,2026-05-25T00:00:00Z,2026-06-18T00:00:00Z,,Organic Search,Google organic → Blog — lead scoring,0.75,False,False,"Found us through organic google search then landed on the blog post on lead scoring. Connected, sending proposal."
100235860,Yasmin,Wong,Yasmin Wong,first_last,Operations Lead,Santos Ltda Trading Co,santos ltda,y.wong@santosltda.sg,+84994394621,Vietnam,Contacted,Other,,Noah Bennett,2026-05-11T00:00:00Z,2026-05-11T00:00:00Z,,Referral,Referred by Pedro Pereira,0.9,False,False,"Referred by Pedro Pereira, warm intro. Great fit, prioritizing."
100235861,Marcus,Carvalho,Marcus Carvalho,first_last,Founder,Rossi SRL Freight Solutions,rossi,marcus.carvalho@rossisrl.com.au,+818645773527,Japan,Contacted,Sales Qualified Lead,,Fatima Rahman,2025-09-22T00:00:00Z,2026-06-10T00:00:00Z,,LinkedIn,LinkedIn DM,0.9,False,False,"Linkedin dm inbound asking about pricing. Very interested, wants pricing call."
100235862,Rohan,Asante,Rohan Asante,first_last,Founder,Diallo Imports Solutions,diallo,r.asante@dialloimports.co,+66768554287,Thailand,New,Opportunity,,Grace Osei,2026-02-24T00:00:00Z,2026-05-25T00:00:00Z,,Organic Search,Google organic → Homepage,0.75,False,False,"Googled us and ended up on the homepage before booking a demo. Great fit, prioritizing."
100235863,Astrid,Boateng,Astrid Boateng,first_last,,Rao Ventures Analytics,rao,astrid.boateng@raoventures.biz,+2348073636482,Nigeria,Contacted,Sales Qualified Lead,,Elena Popescu,2026-03-28T00:00:00Z,2026-05-07T00:00:00Z,,Event,Retail Asia Expo — Booth QR Code,0.9,False,False,"He scanned our QR code at the Retail Asia Expo booth. Connected, sending proposal."
100235864,Manon,Ong,Manon Ong,first_last,Head of Growth,Mekong Inc,mekong,m.ong@mekong.sg,+639208766362,Philippines,Opportunity,Opportunity,,Wei Chen,2025-11-28T00:00:00Z,2026-01-04T00:00:00Z,,Event,TechCrunch Disrupt — Booth QR Code,0.9,False,False,"He scanned our QR code at the TechCrunch Disrupt booth. Left voicemail, will retry."
100235865,Daniel,Petersen,Daniel Petersen,first_last,Founder,Costa Trading & Co,costa,d.petersen@costatrading.com,+85276661082,Hong Kong,New,,,Grace Osei,2025-12-22T00:00:00Z,,,Website,Book a Demo page — Google Ads,0.85,False,False,"Booked a demo via the book-a-demo page after clicking a google ad. Very interested, wants pricing call."
100235866,Freya,Nielsen,Freya Nielsen,first_last,Marketing Director,Muller GmbH Analytics,muller,freya.n@mullergmbh.net,+821091223228,South Korea,New,Other,Direct Traffic,Grace Osei,2025-12-15T00:00:00Z,2026-06-11T00:00:00Z,,Website,Comparison vs HubSpot page,0.9,False,False,Filled out the form on the comparison-vs-hubspot page.
100235867,Isabelle,Lim,Isabelle Lim,first_last,Head of Growth,Lindqvist AB Consulting,lindqvist,i.lim@lindqvistab.co,+447710806297,United Kingdom,Qualified,Opportunity,Direct Traffic,Grace Osei,2026-02-11T00:00:00Z,2026-03-05T00:00:00Z,,Website,Contact page,0.9,False,False,"Filled out the form on the contact page. Very interested, wants pricing call."
100235868,Ryan,Pedersen,Ryan Pedersen,first_last,,Diallo Imports Ltd,diallo,ryan.pedersen@dialloimports.biz,+5511920598472,Brazil,Qualified,Sales Qualified Lead,,Grace Osei,2025-10-06T00:00:00Z,,,Organic Search,Google organic → Comparison vs HubSpot page,0.75,False,False,"Found us through organic google search then landed on the comparison-vs-hubspot page. Left voicemail, will retry."
100235869,Giulia,Sun,Giulia Sun,first_last,Founder,BluePeak Trading Co,bluepeak,giulia.s@bluepeak.co,+4529147112,Denmark,Connected,Sales Qualified Lead,,Diego Alvarez,2026-01-13T00:00:00Z,,,Referral,Referred by Pooja Lim,0.9,False,False,"Referred by Pooja Lim, warm intro. Great fit, prioritizing."
100235870,Giulia,Sun,Giulia Sun,first_last,Founder,BluePeak Trading Retail Group,bluepeak,giulia.sun@bluepeak.co,+4529147112,Denmark,Connected,Sales Qualified Lead,,Diego Alvarez,2026-01-13T00:00:00Z,2026-03-07T00:00:00Z,,Referral,Referred by Pooja Lim,0.9,False,False,"Referred by Pooja Lim, warm intro. Great fit, prioritizing."
100235871,Giulia,Sun,Giulia Sun,first_last,Founder,BluePeak Trading Inc,bluepeak,giulia.sun@bluepeak.co,+4529147112,Denmark,Connected,Sales Qualified Lead,,Diego Alvarez,2026-01-13T00:00:00Z,2026-03-07T00:00:00Z,,Referral,Referred by Pooja Lim,0.9,False,False,"Referred by Pooja Lim, warm intro. Great fit, prioritizing."
100235872,Ines,Pedersen,Ines Pedersen,first_last,Finance Manager,Patel Fintech Consulting,patel,ines.p@patelfintech.co,+5511965177574,Brazil,Connected,Lead,,Fatima Rahman,2026-02-23T00:00:00Z,2026-05-27T00:00:00Z,,Referral,Referred by Sanjay Al-Farsi,0.9,False,False,"Referred by Sanjay Al-Farsi, warm intro. Great fit, prioritizing."
100235873,Aisha,Nkrumah,Aisha Nkrumah,first_last,,Goh Digital Studio,goh,aisha.n@gohdigital.co,+351952007697,Portugal,Qualified,Lead,,Wei Chen,2026-05-30T00:00:00Z,2026-06-07T00:00:00Z,,Referral,Referred by George Yap,0.9,False,False,"Referred by George Yap, warm intro."
100235874,Astrid,Al-Farsi,Astrid Al-Farsi,first_last,Operations Lead,Al-Farsi Solutions,al farsi,astrid.a@al-farsi.biz,+447848230532,United Kingdom,Opportunity,Sales Qualified Lead,,Grace Osei,2026-02-22T00:00:00Z,2026-04-29T00:00:00Z,79,Manual/Sales,Inbound phone call,0.9,False,False,Manual - added after inbound phone call. No response yet.
100235875,Astrid,Al-Farsi,Astrid Al-Farsi,first_last,Operations Lead,Al-Farsi Inc,al farsi,astridal-farsi@al-farsi.biz,+447848230532,United Kingdom,Opportunity,Sales Qualified Lead,,Grace Osei,2026-02-22T00:00:00Z,2026-04-29T00:00:00Z,79,Manual/Sales,Inbound phone call,0.9,False,False,Manual - added after inbound phone call. No response yet.
100235876,Ji-woo,Bennett,Ji-woo Bennett,first_last,Founder,Johnson Freight Solutions,johnson,ji-woo.bennett@johnson.io,+351959294872,Portugal,Closed Lost,Customer,Paid Search,Elena Popescu,2026-04-06T00:00:00Z,2026-05-07T00:00:00Z,,Website,Book a Demo page — Google Ads,0.85,False,False,"Booked a demo via the book-a-demo page after clicking a google ad. Very interested, wants pricing call."
100235877,Ines,Kang,Ines Kang,first_last,Head of Growth,Malik Ltd,malik,i.kang@malik.io,+34623871298,Spain,Opportunity,Lead,Direct Traffic,Marcus Wong,2026-01-18T00:00:00Z,2026-05-17T00:00:00Z,,Website,Comparison vs HubSpot page,0.9,False,False,Filled out the form on the comparison-vs-hubspot page. Not interested for now.
100235878,Sofia,Xu,Sofia Xu,first_last,,Ang Analytics Pte Ltd,ang,sofia.xu@anganalytics.io,+84977894740,Vietnam,Closed Won,Sales Qualified Lead,Paid Search,Noah Bennett,2026-03-06T00:00:00Z,2026-03-25T00:00:00Z,,Website,Book a Demo page — Google Ads,0.85,False,False,"Booked a demo via the book-a-demo page after clicking a google ad. Great fit, prioritizing."
100235879,Michael,Johnson,Michael Johnson,first_last,,Fischer Trading Robotics,fischer,michael.j@fischertrading.com.au,+79842062126,Russia,Closed Lost,Marketing Qualified Lead,Referrals,Fatima Rahman,2025-11-25T00:00:00Z,,,Referral,Referred by Jia Hui,0.9,False,False,"Referred by Jia Hui Boateng, warm intro. Very interested, wants pricing call."
100235880,Pooja,Muller,Pooja Muller,first_last,Finance Manager,Lindqvist AB Robotics,lindqvist,pooja.m@lindqvistab.co,+33690904458,France,Connected,Other,Organic Search,Fatima Rahman,2025-12-02T00:00:00Z,2026-02-21T00:00:00Z,,Organic Search,Google organic → Book a Demo page,0.75,False,False,"Found us through organic google search then landed on the book-a-demo page. Great fit, prioritizing."
100235881,Bruno,Bennett,Bruno Bennett,first_last,,Yang Freight Co.,yang,bruno.b@yangfreight.sg,+5511959302633,Brazil,Opportunity,,Paid Search,Diego Alvarez,2026-05-13T00:00:00Z,2026-05-29T00:00:00Z,,Website,Book a Demo page — Google Ads,0.85,False,False,Booked a demo via the book-a-demo page after clicking a google ad.
100235882,Bruno,Bennett,Bruno Bennett,first_last,,Yang Freight Labs,yang,b.bennett@yangfreight.sg,+5511959302633,Brazil,Opportunity,,Paid Search,Diego Alvarez,2026-05-13T00:00:00Z,2026-05-29T00:00:00Z,,Website,Book a Demo page — Google Ads,0.85,False,True,Booked a demo via the book-a-demo page after clicking a google ad. possible duplicate — verify before contacting.
100235883,Farah,Bennett,Farah Bennett,first_last,,Yang Freight Co.,yang,farah.b@yangfreight.sg,+48536858718,Poland,Connected,Lead,,Hana Kobayashi,2026-04-04T00:00:00Z,2026-04-12T00:00:00Z,,Referral,Referred by Diego Al-Farsi,0.9,False,False,"Referred by Diego Al-Farsi, warm intro."
100235884,Wei Chen,Kone,Wei Chen Kone,first_last,Head of Growth,Toure Consulting Retail Group,toure,weichen.k@toureconsulting.co,+33688646948,France,New,Customer,Other Campaigns,Elena Popescu,2025-10-13T00:00:00Z,2026-01-03T00:00:00Z,,Manual/Sales,Cold outreach call,0.9,False,False,"Manually added by sales after a phone call from a cold outreach list. Very interested, wants pricing call."
100235885,Laura,Colombo,Laura Colombo,first_last,,Chen Digital Inc,chen,laura.colombo@chendigital.com.au,+351956872635,Portugal,Contacted,Opportunity,Other Campaigns,Rohan Mehta,2025-11-12T00:00:00Z,2026-03-10T00:00:00Z,,Other,General info@ inbox,0.3,True,False,"Other - reached out via our general info@ inbox. Connected, sending proposal."
100235886,Femi,Lee,Femi Lee,first_last,VP Sales,Reyes Inc,reyes,femi.lee@reyes.sg,+5511984627010,Brazil,Closed Won,Sales Qualified Lead,Direct Traffic,Rohan Mehta,2025-09-06T00:00:00Z,,,Website,Blog — lead scoring,0.9,False,False,Filled out the form on the blog post on lead scoring. No response yet.
100235887,Ha-eun,Osei,Ha-eun Osei,first_last,,Goh Digital Holdings,goh,ha-eun.o@gohdigital.co,+61498822453,Australia,New,Lead,Direct Traffic,Wei Chen,2025-10-12T00:00:00Z,2026-06-01T00:00:00Z,,Website,Book a Demo page,0.9,False,False,"Filled out the form on the book-a-demo page. Great fit, prioritizing."
100235888,Sven,Bennett,Sven Bennett,first_last,Finance Manager,Teo Consulting Solutions,teo,sven.b@teoconsulting.com,+60141336659,Malaysia,Qualified,Customer,,Hana Kobayashi,2025-09-30T00:00:00Z,2026-03-04T00:00:00Z,,Event,TechCrunch Disrupt — Booth QR Code,0.9,False,False,He scanned our QR code at the TechCrunch Disrupt booth.
100235889,Kenji,Papadopoulos,Kenji Papadopoulos,first_last,Founder,Verma Consulting Digital,verma,kenji.p@vermaconsulting.net,+212669956517,Morocco,New,Opportunity,Direct Traffic,Diego Alvarez,2025-12-24T00:00:00Z,2026-06-09T00:00:00Z,,Website,Product tour page,0.9,False,False,Filled out the form on the product tour page.
100235890,Camille,Wu,Camille Wu,first_last,,Adeyemi Logistics Holdings,adeyemi,camille.wu@adeyemilogistics.com,+46706554578,Sweden,Closed Won,Lead,Other Campaigns,Elena Popescu,2026-02-03T00:00:00Z,,,Manual/Sales,Cold outreach call,0.9,False,False,"Manually added by sales after a phone call from a cold outreach list. Great fit, prioritizing."
100235891,Tariq,Iyer,Tariq Iyer,first_last,,Owusu Freight Trading Co,owusu,tariq.iyer@owusufreight.net,+8613118398931,China,Opportunity,Opportunity,,Noah Bennett,2026-02-05T00:00:00Z,2026-05-08T00:00:00Z,,Organic Search,Google organic → Case study page,0.75,False,False,Googled us and ended up on the case study page before booking a demo. Not interested for now.
100235892,Olivia,Rahman,Olivia Rahman,first_last,,Kang Holdings & Co,kang,olivia.r@kangholdings.biz,+525567157829,Mexico,New,,Referrals,Noah Bennett,2026-03-14T00:00:00Z,2026-06-15T00:00:00Z,,Referral,Referred by Tunde Pham,0.9,False,False,"Referred by Tunde Pham, warm intro. Great fit, prioritizing."
100235893,Isabelle,Choi,Isabelle Choi,first_last,,Park Biotech Trading Co,park,isabelle.c@parkbiotech.io,+17085550159,United States,Opportunity,Marketing Qualified Lead,,Hana Kobayashi,2025-10-06T00:00:00Z,2025-11-18T00:00:00Z,,Event,Dubai FinTech Week — Booth QR Code,0.9,False,False,"Met her at the Dubai FinTech Week booth, scanned our QR code."
100235894,Adam,Yap,Adam Yap,first_last,Head of Growth,Yang Freight Robotics,yang,adam.yap@yangfreight.io,+917706790842,India,Opportunity,Marketing Qualified Lead,,Diego Alvarez,2026-01-22T00:00:00Z,,,Website,Pricing page,0.9,False,False,Filled out the form on the pricing page. Qualifying now.
100235895,Min-jun,Williams,Min-jun Williams,first_last,,Kang Holdings Ltd,kang,min-junw@kangholdings.io,+447946850153,United Kingdom,Closed Won,Lead,,Priya Nair,2026-03-15T00:00:00Z,,,Organic Search,Google organic → Case study page,0.75,False,False,Googled us and ended up on the case study page before booking a demo. No response yet.
100235896,Sanjay,Johnson,Sanjay Johnson,first_last,,Chua Textiles Pte Ltd,chua,s.johnson@chuatextiles.co,+971568785959,UAE,Contacted,Sales Qualified Lead,,Grace Osei,2025-09-16T00:00:00Z,2026-04-21T00:00:00Z,95,Referral,Referred by Nils Alves,0.9,False,False,"Referred by Nils Alves, warm intro."
100235897,Sanjay,Johnson,Sanjay Johnson,first_last,,Chua Textiles Consulting,chua,sanjayjohnson@chuatextiles.co,+971568785959,UAE,Contacted,Sales Qualified Lead,,Grace Osei,2025-09-16T00:00:00Z,2026-04-21T00:00:00Z,95,Referral,Referred by Nils Alves,0.9,False,False,"Referred by Nils Alves, warm intro."
100235898,Rui,Sorensen,Rui Sorensen,first_last,Head of Growth,Foster Freight Solutions,foster,ruis@foster.com,+8801617694945,Bangladesh,Connected,,,Noah Bennett,2025-11-28T00:00:00Z,,,Other,,0.3,True,False,"Saw our post about replacing hubspot and commented. Connected, sending proposal."
100235899,R.,Sorensen,R. Sorensen,full_name,Head of Growth,Foster Freight Analytics,foster,rui.sorensen@foster.com,+8801617694945,Bangladesh,Connected,,,Noah Bennett,2025-11-28T00:00:00Z,2025-12-26T00:00:00Z,,Other,,0.3,True,True,"Saw our post about replacing hubspot and commented. Connected, sending proposal. possible duplicate — verify before contacting."
100235900,Rui,Sorensen,Rui Sorensen,first_last,Head of Growth,Foster Freight Consulting,foster,ruis@foster.com,+8801617694945,Bangladesh,Connected,,,Noah Bennett,2025-11-28T00:00:00Z,2025-12-26T00:00:00Z,,Other,,0.3,True,True,"Saw our post about replacing hubspot and commented. Connected, sending proposal. possible duplicate — verify before contacting."
100235901,Anna,Bruno,Anna Bruno,first_last,Finance Manager,Zahra Analytics,zahra,anna.bruno@zahra.com,+34631515797,Spain,Closed Lost,Customer,,Hana Kobayashi,2026-01-08T00:00:00Z,2026-01-21T00:00:00Z,,Organic Search,Google organic → Contact page,0.75,False,False,"Found us through organic google search then landed on the contact page. Great fit, prioritizing."
100235902,Lucas,Schmidt,Lucas Schmidt,first_last,,Chua Textiles Retail Group,chua,lucas.s@chuatextiles.com,+84919855253,Vietnam,Connected,Opportunity,,Elena Popescu,2025-11-18T00:00:00Z,2026-02-28T00:00:00Z,,LinkedIn,LinkedIn DM,0.9,False,False,"Linkedin dm inbound asking about pricing. Great fit, prioritizing."
100235903,Anna,Nguyen,Anna Nguyen,first_last,Marketing Director,Yoon Retail Consulting,yoon,a.nguyen@yoonretail.com,+639259683535,Philippines,Opportunity,Other,Offline Sources,Grace Osei,2025-11-04T00:00:00Z,2026-05-03T00:00:00Z,,Event,Mobile World Congress — Booth,0.9,False,False,"Spoke with them at our Mobile World Congress booth, no QR scan logged. Connected, sending proposal."
100235904,Amina,Boateng,Amina Boateng,first_last,VP Sales,Boateng Digital Ltd,boateng,a.boateng@boatengdigital.sg,+971513893701,UAE,New,,Organic Search,Hana Kobayashi,2026-02-19T00:00:00Z,2026-04-18T00:00:00Z,,Organic Search,Google organic → Book a Demo page,0.75,False,False,"Googled us and ended up on the book-a-demo page before booking a demo. Connected, sending proposal."
100235905,Amir,Iyer,Amir Iyer,first_last,Marketing Director,Li Consulting Solutions,li,amir.i@liconsulting.biz,+447922842685,United Kingdom,Closed Won,Opportunity,,Hana Kobayashi,2025-11-27T00:00:00Z,2026-02-01T00:00:00Z,,Organic Search,Google organic → Comparison vs HubSpot page,0.75,False,False,"Found us through organic google search then landed on the comparison-vs-hubspot page. Connected, sending proposal."
100235906,Pooja,Han,Pooja Han,first_last,Operations Lead,Weber Analytics Freight,weber,pooja.han@weberanalytics.biz,+8801928699108,Bangladesh,New,,,Fatima Rahman,2026-01-17T00:00:00Z,,,Referral,Referred by Tom Reddy,0.9,False,False,"Referred by Tom Reddy, warm intro. Qualifying now."
100235907,Luca,Becker,Luca Becker,first_last,,Patel Fintech Co,patel,luca.b@patelfintech.sg,+821030626996,South Korea,Connected,Customer,,Wei Chen,2025-09-17T00:00:00Z,2026-01-13T00:00:00Z,,Event,Money20/20 Asia — Booth QR Code,0.9,False,False,He scanned our QR code at the Money20/20 Asia booth.
100235908,Kenji,Jensen,Kenji Jensen,first_last,Head of Growth,Santos Ltda Holdings,santos ltda,kenji.jensen@santosltda.sg,+6586345356,Singapore,Contacted,Customer,,Fatima Rahman,2025-12-21T00:00:00Z,2026-05-26T00:00:00Z,,Other,,0.3,True,False,Saw our post about replacing hubspot and commented. Not interested for now.
100235909,Chiara,Andersen,Chiara Andersen,first_last,,Owusu Freight Ltd,owusu,c.andersen@owusufreight.co,+60132708066,Malaysia,Closed Won,Marketing Qualified Lead,Social Media,Diego Alvarez,2026-04-27T00:00:00Z,2026-05-12T00:00:00Z,,LinkedIn,LinkedIn post engagement,0.9,False,False,"Connected on LinkedIn after commenting on our post. Left voicemail, will retry."
100235910,Chiara,Andersen,Chiara Andersen,first_last,,Owusu Freight Holdings,owusu,chiaraa@owusufreight.co,+60132708066,Malaysia,Closed Won,Marketing Qualified Lead,Social Media,Diego Alvarez,2026-04-27T00:00:00Z,2026-05-12T00:00:00Z,,LinkedIn,LinkedIn post engagement,0.9,False,False,"Connected on LinkedIn after commenting on our post. Left voicemail, will retry."
100235911,Fatima,Fischer,Fatima Fischer,first_last,,Yoon Retail Studio,yoon,fatima.fischer@yoonretail.io,+79664724483,Russia,Contacted,Customer,Referrals,Fatima Rahman,2026-02-04T00:00:00Z,2026-05-17T00:00:00Z,,Referral,Referred by Anjali Owusu,0.9,False,False,"Referred by Anjali Owusu, warm intro. Qualifying now."
100235912,Omar,Lim,Omar Lim,first_last,VP Sales,Al-Farsi Solutions,al farsi,omarl@al-farsi.io,+393557444411,Italy,New,Marketing Qualified Lead,Offline Sources,Fatima Rahman,2026-04-05T00:00:00Z,,,Event,Dubai FinTech Week — Booth,0.9,False,False,"Spoke with them at our Dubai FinTech Week booth, no QR scan logged. Qualifying now."
100235913,Tom,Chen,Tom Chen,first_last,Head of Growth,Asante Retail Holdings,asante,tom.chen@asanteretail.com,+2348024746840,Nigeria,Connected,Customer,Referrals,Hana Kobayashi,2025-09-28T00:00:00Z,2026-02-11T00:00:00Z,,Referral,Referred by Haruto Sun,0.9,False,False,"Referred by Haruto Sun, warm intro."
100235914,Farid,Nielsen,Farid Nielsen,first_last,Founder,Reddy Holdings Ltd,reddy,farid.nielsen@reddyholdings.com.au,+447876122357,United Kingdom,Connected,Other,Other Campaigns,Fatima Rahman,2026-02-06T00:00:00Z,,,Manual/Sales,Walk-in,0.9,False,False,Other - walked into our office without an appointment. Qualifying now.
100235915,Adam,Yeo,Adam Yeo,first_last,,Santos Ltda Retail Group,santos ltda,a.yeo@santosltda.biz,+491635127721,Germany,New,,,Noah Bennett,2025-11-01T00:00:00Z,2025-12-05T00:00:00Z,,Website,Book a Demo page,0.9,False,False,"Filled out the form on the book-a-demo page. Very interested, wants pricing call."
100235916,Adam,Yeo,Adam Yeo,first_last,,Santos Ltda Retail Freight Solutions,santos ltda,adamyeo@santosltda.biz,+491635127721,Germany,New,,,Noah Bennett,2025-11-01T00:00:00Z,,,Website,Book a Demo page,0.9,False,True,"Filled out the form on the book-a-demo page. Very interested, wants pricing call. possible duplicate — verify before contacting."
100235917,Nur,Petersen,Nur Petersen,first_last,Marketing Director,Nimbus Robotics,nimbus,nur.petersen@nimbus.com.au,+8613022885661,China,Closed Won,,Organic Search,Noah Bennett,2025-10-20T00:00:00Z,2026-04-25T00:00:00Z,,Organic Search,Google organic → Homepage,0.75,False,False,"Googled us and ended up on the homepage before booking a demo. Great fit, prioritizing."
100235918,Nur,Petersen,Nur Petersen,first_last,Marketing Director,Nimbus Solutions,nimbus,nurp@nimbus.com.au,+8613022885661,China,Closed Won,,Organic Search,Noah Bennett,2025-10-20T00:00:00Z,2026-04-25T00:00:00Z,,Organic Search,Google organic → Homepage,0.75,False,False,"Googled us and ended up on the homepage before booking a demo. Great fit, prioritizing."
100235919,Ines,Goh,Ines Goh,first_last,,Williams Co,williams,ines.goh@williams.com.au,+6592598999,Singapore,Contacted,,,Priya Nair,2026-06-11T00:00:00Z,2026-06-11T00:00:00Z,,Manual/Sales,Inbound phone call,0.9,False,False,Manual - added after inbound phone call.
100235920,Femi,Bianchi,Femi Bianchi,first_last,Operations Lead,Santos Ltda Ventures,santos ltda,femib@santosltda.net,+8613466795653,China,Opportunity,Customer,Organic Search,Fatima Rahman,2026-03-30T00:00:00Z,2026-04-09T00:00:00Z,,Organic Search,Google organic → Product tour page,0.75,False,False,"Googled us and ended up on the product tour page before booking a demo. Very interested, wants pricing call."
100235921,Femi,Bianchi,Femi Bianchi,full_name,Operations Lead,Santos Ltda Trading Co,santos ltda,femi.bianchi@santosltda.net,+8613466795653,China,Opportunity,Customer,Organic Search,Fatima Rahman,2026-03-30T00:00:00Z,2026-04-09T00:00:00Z,,Organic Search,Google organic → Product tour page,0.75,False,True,"Googled us and ended up on the product tour page before booking a demo. Very interested, wants pricing call. possible duplicate — verify before contacting."
100235922,Sarah,Bakar,Sarah Bakar,first_last,VP Sales,Gupta Textiles Inc.,gupta,sarahb@guptatextiles.co,+79528763740,Russia,Closed Won,Opportunity,,Hana Kobayashi,2026-05-05T00:00:00Z,2026-05-06T00:00:00Z,,Manual/Sales,Cold outreach call,0.9,False,False,Manually added by sales after a phone call from a cold outreach list. Not interested for now.
100235923,S.,Bakar,S. Bakar,full_name,VP Sales,Gupta Textiles Group,gupta,sarah.bakar@guptatextiles.co,+79528763740,Russia,Closed Won,Opportunity,,Hana Kobayashi,2026-05-05T00:00:00Z,2026-05-06T00:00:00Z,,Manual/Sales,Cold outreach call,0.9,False,False,Manually added by sales after a phone call from a cold outreach list. Not interested for now.
100235924,Sarah,Bakar,Sarah Bakar,first_last,VP Sales,Gupta Textiles Freight Solutions,gupta,s.bakar@guptatextiles.co,+79528763740,Russia,Closed Won,Opportunity,,Hana Kobayashi,2026-05-05T00:00:00Z,2026-05-06T00:00:00Z,,Manual/Sales,Cold outreach call,0.9,False,True,Manually added by sales after a phone call from a cold outreach list. Not interested for now. possible duplicate — verify before contacting.
100235925,Divya,Chen,Divya Chen,first_last,Head of Growth,Chua Textiles Robotics,chua,divya.chen@chuatextiles.biz,+60116942302,Malaysia,Connected,Marketing Qualified Lead,Other Campaigns,Grace Osei,2025-11-20T00:00:00Z,2026-04-27T00:00:00Z,,Manual/Sales,Walk-in,0.9,False,False,Other - walked into our office without an appointment. Not interested for now.
100235926,Mateo,Toure,Mateo Toure,first_last,Head of Growth,Nord Studio,nord,mateo.t@nord.net,+8801448453185,Bangladesh,Contacted,Opportunity,Offline Sources,Grace Osei,2026-03-26T00:00:00Z,,68,Event,SaaStr Annual — Booth,0.9,False,False,"Met at the booth during SaaStr Annual, said they'd follow up over email. Left voicemail, will retry."
100235927,M.,Toure,M. Toure,full_name,Head of Growth,Nord Labs,nord,mateo.toure@nord.net,+8801448453185,Bangladesh,Contacted,Opportunity,Offline Sources,Grace Osei,2026-03-26T00:00:00Z,2026-03-26T00:00:00Z,68,Event,SaaStr Annual — Booth,0.9,False,False,"Met at the booth during SaaStr Annual, said they'd follow up over email. Left voicemail, will retry."
100235928,Laura,Sim,Laura Sim,first_last,Head of Growth,Osei Inc.,osei,lauras@osei.sg,+491651564477,Germany,Opportunity,Customer,,Noah Bennett,2025-12-09T00:00:00Z,,,Event,APAC Logistics Summit — Booth,0.9,False,False,"Spoke with them at our APAC Logistics Summit booth, no QR scan logged. Connected, sending proposal."
100235929,Valentina,Koh,Valentina Koh,first_last,Marketing Director,Al-Farsi Digital,al farsi,valentina.k@al-farsi.io,+6284870121680,Indonesia,Contacted,Lead,Other Campaigns,Marcus Wong,2026-05-31T00:00:00Z,2026-05-31T00:00:00Z,,Event,APAC Logistics Summit — Booth,0.9,False,False,"Met at the booth during APAC Logistics Summit, said they'd follow up over email."
100235930,Valentina,Koh,Valentina Koh,first_last,Marketing Director,Al-Farsi Robotics,al farsi,valentina.koh@al-farsi.io,+6284870121680,Indonesia,Contacted,Lead,Other Campaigns,Marcus Wong,2026-05-31T00:00:00Z,2026-05-31T00:00:00Z,,Event,APAC Logistics Summit — Booth,0.9,False,False,"Met at the booth during APAC Logistics Summit, said they'd follow up over email."
100235931,Matteo,Meyer,Matteo Meyer,first_last,,Kim Trading Freight,kim,m.meyer@kimtrading.net,+31620381741,Netherlands,Contacted,Sales Qualified Lead,Direct Traffic,Marcus Wong,2026-01-22T00:00:00Z,,,Website,Book a Demo page,0.9,False,False,"Filled out the form on the book-a-demo page. Great fit, prioritizing."
100235932,Jonathan,Kapoor,Jonathan Kapoor,first_last,,Athens Retail Pte. Ltd.,athens,jonathank@athensretail.com.au,+306916865503,Greece,Closed Won,Lead,Other Campaigns,Noah Bennett,2026-04-21T00:00:00Z,2026-04-21T00:00:00Z,,Manual/Sales,Inbound phone call,0.9,False,False,Manual - added after inbound phone call.
100235933,Marco,Xu,Marco Xu,first_last,,Mensah Trading Digital,mensah,marcox@mensahtrading.biz,+60143198368,Malaysia,Connected,Sales Qualified Lead,Other Campaigns,Elena Popescu,2026-05-27T00:00:00Z,2026-06-15T00:00:00Z,,Manual/Sales,Walk-in,0.9,False,False,Other - walked into our office without an appointment. Qualifying now.
100235934,Kwame,Xu,Kwame Xu,first_last,Marketing Director,Mensah Trading Digital,mensah,kwamex@mensahtrading.biz,+34639166819,Spain,Closed Lost,Customer,Organic Search,Priya Nair,2026-02-26T00:00:00Z,,,Organic Search,Google organic → Pricing page,0.75,False,False,"Found us through organic google search then landed on the pricing page. Great fit, prioritizing."
100235935,Vikram,Ocampo,Vikram Ocampo,first_last,Operations Lead,Mekong Digital,mekong,vikram.o@mekong.co,+212686488158,Morocco,Closed Won,Other,Organic Search,Elena Popescu,2026-05-24T00:00:00Z,,,Organic Search,Google organic → Book a Demo page,0.75,False,False,"Googled us and ended up on the book-a-demo page before booking a demo. Left voicemail, will retry."
100235936,Vikram,Ocampo,Vikram Ocampo,first_last,Operations Lead,Mekong & Co,mekong,vikramocampo@mekong.co,+212686488158,Morocco,Closed Won,Other,Organic Search,Elena Popescu,2026-05-24T00:00:00Z,2026-06-09T00:00:00Z,,Organic Search,Google organic → Book a Demo page,0.75,False,False,"Googled us and ended up on the book-a-demo page before booking a demo. Left voicemail, will retry."
100235937,Hassan,Schulz,Hassan Schulz,first_last,,Diallo Imports Pte. Ltd.,diallo,hassan.schulz@dialloimports.co,+8801395381070,Bangladesh,Connected,Sales Qualified Lead,Social Media,Marcus Wong,2026-03-02T00:00:00Z,2026-05-16T00:00:00Z,,LinkedIn,LinkedIn DM,0.9,False,False,"Linkedin dm inbound asking about pricing. Left voicemail, will retry."
100235938,Hassan,Andersen,Hassan Andersen,first_last,,Reddy Holdings Pte Ltd,reddy,h.andersen@reddyholdings.net,+15685550131,United States,New,,,Priya Nair,2026-02-07T00:00:00Z,2026-03-25T00:00:00Z,,Website,Book a Demo page — Google Ads,0.85,False,False,Booked a demo via the book-a-demo page after clicking a google ad. No response yet.
100235939,Ravi,Koch,Ravi Koch,first_last,Founder,Yang Freight Inc.,yang,ravi.k@yangfreight.co,+917642583420,India,Closed Won,Sales Qualified Lead,,Rohan Mehta,2026-03-12T00:00:00Z,2026-06-04T00:00:00Z,,Organic Search,Google organic → Homepage,0.75,False,False,"Googled us and ended up on the homepage before booking a demo. Great fit, prioritizing."
100235940,Ama,Russo,Ama Russo,first_last,,Larsen AS Trading Co,larsen,amar@larsenas.com,+351957562659,Portugal,Qualified,,Offline Sources,Fatima Rahman,2026-02-11T00:00:00Z,2026-03-15T00:00:00Z,,Event,Money20/20 Asia — Booth QR Code,0.9,False,False,Scanned the QR code at our Money20/20 Asia booth. No response yet.
100235941,Miguel,Romano,Miguel Romano,first_last,Marketing Director,Orchid Group,orchid,miguelr@orchid.biz,+351941054781,Portugal,Opportunity,Other,,Fatima Rahman,2026-01-07T00:00:00Z,2026-05-08T00:00:00Z,,Manual/Sales,Cold outreach call,0.9,False,False,"Manually added by sales after a phone call from a cold outreach list. Very interested, wants pricing call."
100235942,Mei Ling,Dubois,Mei Ling Dubois,first_last,,Liu Trading Inc,liu,meiling.dubois@liutrading.biz,+66879482209,Thailand,Qualified,Lead,Direct Traffic,Elena Popescu,2026-04-24T00:00:00Z,2026-05-10T00:00:00Z,91,Website,Book a Demo page,0.9,False,False,Filled out the form on the book-a-demo page.
100235943,Adaeze,Andersen,Adaeze Andersen,first_last,,Patel Fintech Freight,patel,adaeze.andersen@patelfintech.io,+84947815299,Vietnam,Opportunity,Lead,,Hana Kobayashi,2026-04-27T00:00:00Z,2026-05-12T00:00:00Z,,Referral,Referred by Oluwaseun Camara,0.9,False,False,"Referred by Oluwaseun Camara, warm intro. Very interested, wants pricing call."
100235944,Chidi,Verma,Chidi Verma,first_last,Founder,Sato Trading,sato,c.verma@sato.com,+60132947774,Malaysia,Connected,,Social Media,Marcus Wong,2026-04-12T00:00:00Z,,,LinkedIn,LinkedIn DM,0.9,False,False,"Linkedin dm inbound asking about pricing. Very interested, wants pricing call."
100235945,Amir,Frimpong,Amir Frimpong,first_last,Marketing Director,Reyes Partners,reyes,amir.f@reyes.io,+212623325887,Morocco,Contacted,Opportunity,,Elena Popescu,2026-01-12T00:00:00Z,,,Organic Search,Google organic → Homepage,0.75,False,False,Found us through organic google search then landed on the homepage.
100235946,Bruno,Ferrari,Bruno Ferrari,first_last,Finance Manager,Sim Robotics Inc,sim,brunof@simrobotics.com,+14265550105,United States,Qualified,Sales Qualified Lead,,Priya Nair,2026-05-25T00:00:00Z,2026-05-25T00:00:00Z,,Referral,Referred by Luca Osei,0.9,False,False,"Referred by Luca Osei, warm intro. No response yet."
100235947,Haruto,Lim,Haruto Lim,first_last,,Ferrari Consulting Labs,ferrari,h.lim@ferrariconsulting.com,+60154994856,Malaysia,Qualified,Marketing Qualified Lead,Paid Search,Marcus Wong,2026-03-31T00:00:00Z,2026-05-20T00:00:00Z,,Website,Book a Demo page — Google Ads,0.85,False,False,"Booked a demo via the book-a-demo page after clicking a google ad. Left voicemail, will retry."
100235948,Sigrid,Oh,Sigrid Oh,first_last,,Gupta Textiles Labs,gupta,sigrido@guptatextiles.io,+2348068816673,Nigeria,New,Customer,Other Campaigns,Wei Chen,2026-01-09T00:00:00Z,,,Manual/Sales,Cold outreach call,0.9,False,False,Manually added by sales after a phone call from a cold outreach list. Not interested for now.
100235949,Bjorn,Rossi,Bjorn Rossi,first_last,VP Sales,Nord Co,nord,bjornr@nord.co,+8801510318097,Bangladesh,New,,Paid Search,Priya Nair,2026-06-06T00:00:00Z,,,Website,Book a Demo page — Google Ads,0.85,False,False,Booked a demo via the book-a-demo page after clicking a google ad.
100235950,Kai,Martinez,Kai Martinez,first_last,Marketing Director,Nimbus Solutions,nimbus,k.martinez@nimbus.biz,+66782314760,Thailand,Closed Lost,Opportunity,Offline Sources,Grace Osei,2026-01-27T00:00:00Z,2026-03-06T00:00:00Z,,Event,Dubai FinTech Week — Booth,0.9,False,False,"Met at the booth during Dubai FinTech Week, said they'd follow up over email."
100235951,Erik,Jung,Erik Jung,first_last,Head of Growth,Han Imports Holdings,han,e.jung@hanimports.com,+4525522197,Denmark,Closed Lost,Lead,,Priya Nair,2026-03-06T00:00:00Z,,,Other,,0.3,True,False,"Saw our post about replacing hubspot and commented. Great fit, prioritizing."
100235952,Erik,Jung,Erik Jung,first_last,Head of Growth,Han Imports Inc.,han,e.jung@hanimports.com,+4525522197,Denmark,Closed Lost,Lead,,Priya Nair,2026-03-06T00:00:00Z,2026-03-10T00:00:00Z,,Other,,0.3,True,True,"Saw our post about replacing hubspot and commented. Great fit, prioritizing. possible duplicate — verify before contacting."
100235953,Erik,Jung,Erik Jung,full_name,Head of Growth,Han Imports Solutions,han,erikj@hanimports.com,+4525522197,Denmark,Closed Lost,Lead,,Priya Nair,2026-03-06T00:00:00Z,2026-03-10T00:00:00Z,,Other,,0.3,True,False,"Saw our post about replacing hubspot and commented. Great fit, prioritizing."
100235954,Zainab,Koch,Zainab Koch,first_last,Marketing Director,Yoon Retail Partners,yoon,zainabk@yoonretail.sg,+6583111023,Singapore,Connected,Sales Qualified Lead,,Diego Alvarez,2026-01-08T00:00:00Z,2026-01-08T00:00:00Z,,Event,Money20/20 Asia — Booth QR Code,0.9,False,False,"Scanned the QR code at our Money20/20 Asia booth. Connected, sending proposal."
100235955,Tunde,Iyer,Tunde Iyer,first_last,,Reyes Trading Co,reyes,t.iyer@reyes.net,+525510583123,Mexico,Connected,Lead,,Marcus Wong,2026-03-03T00:00:00Z,2026-03-03T00:00:00Z,,Website,Contact page,0.9,False,False,Filled out the form on the contact page.
100235956,Camille,Asante,Camille Asante,first_last,,Sim Robotics Partners,sim,camille.a@simrobotics.io,+971543406731,UAE,Connected,Other,,Priya Nair,2026-02-04T00:00:00Z,2026-05-18T00:00:00Z,,Event,Retail Asia Expo — Booth,0.9,False,False,"Met at the booth during Retail Asia Expo, said they'd follow up over email. No response yet."
100235957,Sara,Martins,Sara Martins,first_last,VP Sales,Koh & Sons Pte. Ltd.,koh,sara.martins@kohsons.io,+971546441306,UAE,Contacted,Lead,,Diego Alvarez,2026-03-03T00:00:00Z,,,Website,Pricing page,0.9,False,False,Filled out the form on the pricing page.
100235958,Joon,Reddy,Joon Reddy,first_last,,Liu Trading Consulting,liu,j.reddy@liutrading.com.au,+639518546777,Philippines,Opportunity,Opportunity,,Hana Kobayashi,2026-02-12T00:00:00Z,2026-03-06T00:00:00Z,59,Event,SaaStr Annual — Booth QR Code,0.9,False,False,"Scanned the QR code at our SaaStr Annual booth. Great fit, prioritizing."
100235959,Ama,Lee,Ama Lee,first_last,,Kim Trading Consulting,kim,ama.l@kimtrading.com.au,+639239996711,Philippines,Closed Lost,Marketing Qualified Lead,,Wei Chen,2025-10-30T00:00:00Z,2025-12-20T00:00:00Z,,Website,Book a Demo page — Google Ads,0.85,False,False,Booked a demo via the book-a-demo page after clicking a google ad.
100235960,Chloe,Tan,Chloe Tan,first_last,,Yang Freight Solutions,yang,chloe.t@yangfreight.co,+8613150378850,China,Opportunity,,,Elena Popescu,2025-11-04T00:00:00Z,2026-04-15T00:00:00Z,,Website,Case study page,0.9,False,False,Filled out the form on the case study page.
100235961,Ana,Schmidt,Ana Schmidt,first_last,Head of Growth,Ang Analytics Inc,ang,anas@anganalytics.com.au,+447994590116,United Kingdom,Qualified,Other,,Fatima Rahman,2025-09-27T00:00:00Z,2025-10-01T00:00:00Z,,Referral,Referred by Marco Wang,0.9,False,False,"Referred by Marco Wang, warm intro. Qualifying now."
100235962,Salma,Kapoor,Salma Kapoor,first_last,,Malik Pte. Ltd.,malik,salma.k@malik.sg,+8801736242016,Bangladesh,Qualified,Other,Direct Traffic,Grace Osei,2026-01-24T00:00:00Z,,,Website,Case study page,0.9,False,False,"Filled out the form on the case study page. Very interested, wants pricing call."
100235963,Haruto,Greco,Haruto Greco,first_last,Head of Growth,Boateng Digital Freight Solutions,boateng,haruto.g@boatengdigital.net,+351959756148,Portugal,Qualified,Customer,,Fatima Rahman,2026-05-13T00:00:00Z,2026-06-17T00:00:00Z,,Event,Dubai FinTech Week — Booth QR Code,0.9,False,False,"He scanned our QR code at the Dubai FinTech Week booth. Left voicemail, will retry."
100235964,Ama,Al-Farsi,Ama Al-Farsi,first_last,,Fischer Trading Freight,fischer,a.al-farsi@fischertrading.biz,+4520929010,Denmark,Qualified,Customer,Other Campaigns,Rohan Mehta,2025-12-21T00:00:00Z,2026-01-30T00:00:00Z,,Event,SaaStr Annual — Booth,0.9,False,False,"Spoke with them at our SaaStr Annual booth, no QR scan logged."
100235965,Elena,Muller,Elena Muller,first_last,Operations Lead,Athens Retail Co,athens,e.muller@athensretail.sg,+4525254689,Denmark,Qualified,Marketing Qualified Lead,Organic Search,Diego Alvarez,2025-09-28T00:00:00Z,2025-12-02T00:00:00Z,,Organic Search,Google organic → Product tour page,0.75,False,False,"Googled us and ended up on the product tour page before booking a demo. Connected, sending proposal."
100235966,Ibrahim,Hossain,Ibrahim Hossain,first_last,VP Sales,Nimbus Inc,nimbus,ibrahimh@nimbus.sg,+6283478506065,Indonesia,Connected,,Direct Traffic,Grace Osei,2026-06-16T00:00:00Z,2026-06-19T00:00:00Z,,Website,Book a Demo page,0.9,False,False,Filled out the form on the book-a-demo page.
100235967,Ibrahim,Hossain,Ibrahim Hossain,first_last,VP Sales,Nimbus Pte Ltd,nimbus,ibrahimhossain@nimbus.sg,+6283478506065,Indonesia,Connected,,Direct Traffic,Grace Osei,2026-06-16T00:00:00Z,,,Website,Book a Demo page,0.9,False,True,Filled out the form on the book-a-demo page. possible duplicate — verify before contacting.
100235968,Ibrahim,Hossain,Ibrahim Hossain,full_name,VP Sales,Nimbus Trading Co,nimbus,ibrahimh@nimbus.sg,+6283478506065,Indonesia,Connected,,Direct Traffic,Grace Osei,2026-06-16T00:00:00Z,2026-06-19T00:00:00Z,,Website,Book a Demo page,0.9,False,True,Filled out the form on the book-a-demo page. possible duplicate — verify before contacting.
100235969,Ava,Danso,Ava Danso,first_last,,Kilat Retail Solutions,kilat,ava.d@kilatretail.sg,+5491161054545,Argentina,Contacted,Other,,Wei Chen,2026-05-08T00:00:00Z,2026-05-20T00:00:00Z,,Referral,Referred by Arjun Wu,0.9,False,False,"Referred by Arjun Wu, warm intro."
100235970,Aisha,Ong,Aisha Ong,first_last,,Hansen Digital Co,hansen,aisha.ong@hansendigital.io,+971554451382,UAE,Qualified,Lead,,Hana Kobayashi,2025-09-20T00:00:00Z,2026-05-14T00:00:00Z,46,Event,Money20/20 Asia — Booth QR Code,0.9,False,False,Scanned the QR code at our Money20/20 Asia booth.
100235971,Layla,Koh,Layla Koh,first_last,Finance Manager,Kim Trading Co.,kim,l.koh@kimtrading.biz,+18025550194,United States,Closed Lost,,Direct Traffic,Marcus Wong,2025-11-20T00:00:00Z,,,Website,Homepage,0.9,False,False,Filled out the form on the homepage.
100235972,Pedro,Seo,Pedro Seo,first_last,Operations Lead,Li Consulting Digital,li,pedros@liconsulting.biz,+923701908336,Pakistan,Connected,Sales Qualified Lead,Referrals,Elena Popescu,2026-06-14T00:00:00Z,,,Referral,Referred by Astrid Teo,0.9,False,False,"Referred by Astrid Teo, warm intro."
100235973,Pedro,Seo,Pedro Seo,first_last,Operations Lead,Li Consulting Trading Co,li,pedro.seo@liconsulting.biz,+923701908336,Pakistan,Connected,Sales Qualified Lead,Referrals,Elena Popescu,2026-06-14T00:00:00Z,2026-06-19T00:00:00Z,,Referral,Referred by Astrid Teo,0.9,False,True,"Referred by Astrid Teo, warm intro. possible duplicate — verify before contacting."
100235974,Aisha,Koch,Aisha Koch,first_last,Founder,Fischer Trading & Co,fischer,a.koch@fischertrading.sg,+33653325669,France,Contacted,Opportunity,,Rohan Mehta,2026-04-27T00:00:00Z,2026-05-27T00:00:00Z,54,Other,,0.3,True,False,Saw our post about replacing hubspot and commented.
100235975,Sven,Chen,Sven Chen,first_last,VP Sales,Yap Ventures Inc.,yap,sven.chen@yapventures.sg,+821093993402,South Korea,Qualified,Other,,Marcus Wong,2026-03-13T00:00:00Z,,,Event,Retail Asia Expo — Booth QR Code,0.9,False,False,"Met her at the Retail Asia Expo booth, scanned our QR code."
100235976,Femi,Fall,Femi Fall,first_last,,Athens Retail Solutions,athens,femif@athensretail.net,+6282886389580,Indonesia,Contacted,Lead,,Wei Chen,2026-01-13T00:00:00Z,2026-01-13T00:00:00Z,,Manual/Sales,Cold outreach call,0.9,False,False,"Manually added by sales after a phone call from a cold outreach list. Connected, sending proposal."
100235977,Femi,Fall,Femi Fall,first_last,,Athens Retail Analytics,athens,femi.fall@athensretail.net,+6282886389580,Indonesia,Contacted,Lead,,Wei Chen,2026-01-13T00:00:00Z,2026-01-13T00:00:00Z,,Manual/Sales,Cold outreach call,0.9,False,False,"Manually added by sales after a phone call from a cold outreach list. Connected, sending proposal."
100235978,Emily,Larsen,Emily Larsen,first_last,Finance Manager,Asante Retail Pte. Ltd.,asante,e.larsen@asanteretail.co,+16345550170,United States,Opportunity,Sales Qualified Lead,Referrals,Hana Kobayashi,2026-03-14T00:00:00Z,2026-04-02T00:00:00Z,,Referral,Referred by Suresh Wagner,0.9,False,False,"Referred by Suresh Wagner, warm intro."
100235979,Emily,Larsen,Emily Larsen,first_last,Finance Manager,Asante Retail Trading,asante,emily.larsen@asanteretail.co,+16345550170,United States,Opportunity,Sales Qualified Lead,Referrals,Hana Kobayashi,2026-03-14T00:00:00Z,2026-04-02T00:00:00Z,,Referral,Referred by Suresh Wagner,0.9,False,True,"Referred by Suresh Wagner, warm intro. possible duplicate — verify before contacting."
100235980,Zara,Lim,Zara Lim,first_last,,Lumen Freight,lumen,zara.l@lumen.io,+351959098755,Portugal,Connected,Other,,Hana Kobayashi,2026-02-18T00:00:00Z,2026-06-09T00:00:00Z,,Referral,Referred by Min-jun Colombo,0.9,False,False,"Referred by Min-jun Colombo, warm intro. Connected, sending proposal."
100235981,Yuki,Adjei,Yuki Adjei,first_last,Marketing Director,Reddy Holdings Co.,reddy,yukia@reddyholdings.sg,+639979717002,Philippines,New,Marketing Qualified Lead,,Fatima Rahman,2026-04-23T00:00:00Z,2026-06-01T00:00:00Z,,Website,Product tour page,0.9,False,False,"Filled out the form on the product tour page. Very interested, wants pricing call."
100235982,Yuki,Adjei,Yuki Adjei,first_last,Marketing Director,Reddy Holdings Consulting,reddy,yukiadjei@reddyholdings.sg,+639979717002,Philippines,New,Marketing Qualified Lead,,Fatima Rahman,2026-04-23T00:00:00Z,2026-06-01T00:00:00Z,,Website,Product tour page,0.9,False,False,"Filled out the form on the product tour page. Very interested, wants pricing call."
100235983,Y.,Adjei,Y. Adjei,full_name,Marketing Director,Reddy Holdings Group,reddy,yuki.adjei@reddyholdings.sg,+639979717002,Philippines,New,Marketing Qualified Lead,,Fatima Rahman,2026-04-23T00:00:00Z,2026-06-01T00:00:00Z,,Website,Product tour page,0.9,False,False,"Filled out the form on the product tour page. Very interested, wants pricing call."
100235984,Freya,Jung,Freya Jung,first_last,Operations Lead,Koh & Sons Consulting,koh,f.jung@kohsons.net,+4522668523,Denmark,New,Lead,,Marcus Wong,2025-09-30T00:00:00Z,2026-04-08T00:00:00Z,,Website,Book a Demo page,0.9,False,False,"Filled out the form on the book-a-demo page. Very interested, wants pricing call."
100235985,George,Rasmussen,George Rasmussen,first_last,Marketing Director,Liu Trading Pte. Ltd.,liu,george.r@liutrading.net,+85278099714,Hong Kong,New,,Direct Traffic,Priya Nair,2025-11-19T00:00:00Z,2025-11-19T00:00:00Z,,Website,Comparison vs HubSpot page,0.9,False,False,Filled out the form on the comparison-vs-hubspot page. No response yet.
100235986,Chiara,Malik,Chiara Malik,first_last,VP Sales,Sharma Enterprises Inc.,sharma,chiaram@sharmaenterprises.com,+233247239844,Ghana,Connected,Opportunity,Offline Sources,Diego Alvarez,2026-03-17T00:00:00Z,2026-03-17T00:00:00Z,,Event,SaaStr Annual — Booth,0.9,False,False,"Spoke with them at our SaaStr Annual booth, no QR scan logged. Not interested for now."
100235987,Rin,Nkrumah,Rin Nkrumah,first_last,Head of Growth,Owusu Freight Studio,owusu,r.nkrumah@owusufreight.net,+79679856489,Russia,Opportunity,Customer,,Elena Popescu,2026-04-21T00:00:00Z,2026-05-25T00:00:00Z,,LinkedIn,LinkedIn DM,0.9,False,False,"Linkedin dm inbound asking about pricing. Connected, sending proposal."
100235988,Ava,Becker,Ava Becker,first_last,Head of Growth,Adeyemi Logistics Pte Ltd,adeyemi,avab@adeyemilogistics.biz,+79338126852,Russia,Closed Lost,Lead,Social Media,Elena Popescu,2025-12-16T00:00:00Z,2026-02-17T00:00:00Z,,LinkedIn,LinkedIn post engagement,0.9,False,False,Connected on LinkedIn after commenting on our post.
100235989,Michael,Camara,Michael Camara,first_last,,Sayed Trading,sayed,m.camara@sayedtrading.io,+447731950804,United Kingdom,Qualified,Lead,Offline Sources,Noah Bennett,2026-02-19T00:00:00Z,,,Event,Retail Asia Expo — Booth QR Code,0.9,False,False,"Met her at the Retail Asia Expo booth, scanned our QR code. Very interested, wants pricing call."
100235990,Francesca,Pham,Francesca Pham,first_last,,Yap Ventures Retail Group,yap,f.pham@yapventures.biz,+31658868480,Netherlands,Closed Won,,Direct Traffic,Grace Osei,2026-04-03T00:00:00Z,2026-04-11T00:00:00Z,,Website,Book a Demo page,0.9,False,False,Filled out the form on the book-a-demo page.
100235991,Seo-yeon,Iyer,Seo-yeon Iyer,first_last,,Kowalski Ventures,kowalski,seo-yeon.i@kowalski.co,+48559462543,Poland,Connected,Other,Other Campaigns,Diego Alvarez,2025-10-11T00:00:00Z,,,Event,London Tech Week — Booth,0.9,False,False,"Met at the booth during London Tech Week, said they'd follow up over email."
100235992,Rin,Kone,Rin Kone,first_last,,Jung Studio Freight Solutions,jung,rink@jungstudio.com.au,+923809413799,Pakistan,Contacted,Other,Organic Search,Rohan Mehta,2026-01-25T00:00:00Z,2026-02-03T00:00:00Z,,Organic Search,Google organic → Pricing page,0.75,False,False,"Found us through organic google search then landed on the pricing page. Left voicemail, will retry."
100235993,Ethan,Rossi,Ethan Rossi,first_last,,Hansen Digital Ventures,hansen,ethanr@hansendigital.sg,+821082508873,South Korea,Opportunity,Opportunity,,Wei Chen,2026-04-07T00:00:00Z,,,Event,Web Summit 2026 — Booth,0.9,False,False,"Spoke with them at our Web Summit 2026 booth, no QR scan logged. Very interested, wants pricing call."
100235994,Mei Ling,Meyer,Mei Ling Meyer,first_last,,Koh & Sons Partners,koh,m.meyer@kohsons.io,+491706821001,Germany,Closed Won,,Other Campaigns,Grace Osei,2026-05-04T00:00:00Z,,,Event,Web Summit 2026 — Booth,0.9,False,False,"Spoke with them at our Web Summit 2026 booth, no QR scan logged."
100235995,Mei Ling,Meyer,Mei Ling Meyer,first_last,,Koh & Sons Robotics,koh,m.meyer@kohsons.io,+491706821001,Germany,Closed Won,,Other Campaigns,Grace Osei,2026-05-04T00:00:00Z,,,Event,Web Summit 2026 — Booth,0.9,False,True,"Spoke with them at our Web Summit 2026 booth, no QR scan logged. possible duplicate — verify before contacting."
100235996,Priya,Appiah,Priya Appiah,first_last,Operations Lead,Kowalski Group,kowalski,p.appiah@kowalski.sg,+971577641633,UAE,Connected,Lead,,Marcus Wong,2026-04-01T00:00:00Z,2026-06-11T00:00:00Z,,LinkedIn,LinkedIn post engagement,0.9,False,False,Connected on LinkedIn after commenting on our post. Qualifying now.
100235997,Siti,Iyer,Siti Iyer,first_last,,Costa Trading & Co,costa,sitii@costatrading.com.au,+79738643936,Russia,Contacted,Other,,Wei Chen,2025-10-07T00:00:00Z,2025-12-29T00:00:00Z,74,Organic Search,Google organic → Case study page,0.75,False,False,Googled us and ended up on the case study page before booking a demo. Not interested for now.
100235998,Farah,Sharma,Farah Sharma,first_last,Operations Lead,GreenLeaf Trading Co,greenleaf,farahs@greenleaf.com,+61417187231,Australia,Closed Lost,Lead,,Fatima Rahman,2026-01-04T00:00:00Z,2026-01-11T00:00:00Z,,Manual/Sales,Cold outreach call,0.9,False,False,Manually added by sales after a phone call from a cold outreach list.
100235999,Aisha,Papadopoulos,Aisha Papadopoulos,first_last,Finance Manager,Popescu Co.,popescu,aisha.p@popescu.io,+491764317311,Germany,Connected,Opportunity,,Hana Kobayashi,2025-09-11T00:00:00Z,2025-09-11T00:00:00Z,,Referral,Referred by Francesca Teo,0.9,False,False,"Referred by Francesca Teo, warm intro."
100236000,Xiu Ying,Frimpong,Xiu Ying Frimpong,first_last,Head of Growth,Yoon Retail Consulting,yoon,xiuying.frimpong@yoonretail.co,+393607644932,Italy,Closed Lost,Other,,Noah Bennett,2025-11-08T00:00:00Z,,,Event,Money20/20 Asia — Booth QR Code,0.9,False,False,Scanned the QR code at our Money20/20 Asia booth. No response yet.
100236001,Noah,Reyes,Noah Reyes,first_last,Head of Growth,Hansen Digital Freight,hansen,n.reyes@hansendigital.net,+6286061332577,Indonesia,Closed Won,Lead,,Elena Popescu,2025-12-04T00:00:00Z,2025-12-04T00:00:00Z,,Website,Case study page,0.9,False,False,"Filled out the form on the case study page. Connected, sending proposal."
100236002,Liam,Aina,Liam Aina,first_last,,Ang Analytics Robotics,ang,l.aina@anganalytics.com.au,+46701583456,Sweden,Closed Lost,,,Fatima Rahman,2025-11-28T00:00:00Z,2025-12-21T00:00:00Z,,Website,Comparison vs HubSpot page,0.9,False,False,Filled out the form on the comparison-vs-hubspot page.
100236003,Liam,Aina,Liam Aina,first_last,,Ang Analytics Ltd,ang,liam.aina@anganalytics.com.au,+46701583456,Sweden,Closed Lost,,,Fatima Rahman,2025-11-28T00:00:00Z,2025-12-21T00:00:00Z,,Website,Comparison vs HubSpot page,0.9,False,False,Filled out the form on the comparison-vs-hubspot page.
100236004,Salma,Lau,Salma Lau,first_last,Finance Manager,Reyes Retail Group,reyes,s.lau@reyes.io,+4524621121,Denmark,Opportunity,Customer,,Marcus Wong,2025-10-29T00:00:00Z,,,Website,Blog — lead scoring,0.9,False,False,"Filled out the form on the blog post on lead scoring. Great fit, prioritizing."
100236005,Rachel,Ong,Rachel Ong,first_last,Head of Growth,Teo Consulting Group,teo,r.ong@teoconsulting.net,+817334691424,Japan,Closed Won,Marketing Qualified Lead,Organic Search,Elena Popescu,2025-10-15T00:00:00Z,,,Organic Search,Google organic → Book a Demo page,0.75,False,False,Found us through organic google search then landed on the book-a-demo page.
100236006,Michael,Sy,Michael Sy,first_last,VP Sales,Chen Digital Group,chen,michaels@chendigital.net,+8801492222701,Bangladesh,Closed Won,Customer,,Marcus Wong,2025-09-19T00:00:00Z,2025-10-24T00:00:00Z,,Manual/Sales,Cold outreach call,0.9,False,False,"Manually added by sales after a phone call from a cold outreach list. Very interested, wants pricing call."
100236007,Meera,Pham,Meera Pham,first_last,Head of Growth,Rossi SRL Ltd,rossi,m.pham@rossisrl.com,+66692938850,Thailand,Connected,Lead,Other Campaigns,Grace Osei,2025-09-16T00:00:00Z,2025-09-16T00:00:00Z,,Manual/Sales,Cold outreach call,0.9,False,False,"Manually added by sales after a phone call from a cold outreach list. Left voicemail, will retry."
100236008,Antoine,Ricci,Antoine Ricci,first_last,Finance Manager,Kowalski Freight Solutions,kowalski,antoiner@kowalski.io,+212629381958,Morocco,Closed Won,Other,Offline Sources,Fatima Rahman,2025-10-31T00:00:00Z,,,Event,Dubai FinTech Week — Booth,0.9,False,False,"Met at the booth during Dubai FinTech Week, said they'd follow up over email."
100236009,Olivia,Reyes,Olivia Reyes,first_last,Founder,Lotus Finance Digital,lotus,olivia.reyes@lotusfinance.com,+34686722387,Spain,Qualified,Customer,Direct Traffic,Noah Bennett,2026-03-23T00:00:00Z,,83,Website,Homepage,0.9,False,False,"Filled out the form on the homepage. Left voicemail, will retry."
100236010,Anjali,Dubois,Anjali Dubois,first_last,,Kim Trading Co.,kim,a.dubois@kimtrading.io,+61448320964,Australia,New,,Social Media,Noah Bennett,2026-02-20T00:00:00Z,,,LinkedIn,LinkedIn DM,0.9,False,False,Linkedin dm inbound asking about pricing. Qualifying now.
100236011,Bruno,Johnson,Bruno Johnson,first_last,Founder,Yang Freight Partners,yang,brunoj@yangfreight.co,+34650991215,Spain,Contacted,Customer,Direct Traffic,Marcus Wong,2026-04-04T00:00:00Z,2026-05-01T00:00:00Z,,Website,Homepage,0.9,False,False,"Filled out the form on the homepage. Very interested, wants pricing call."
100236012,Aisha,Lim,Aisha Lim,first_last,Operations Lead,Bennett & Co,bennett,aishal@bennett.sg,+971556316098,UAE,Qualified,Opportunity,Other Campaigns,Diego Alvarez,2026-05-23T00:00:00Z,2026-06-07T00:00:00Z,,Other,General info@ inbox,0.3,True,False,Other - reached out via our general info@ inbox.
100236013,Farid,Bakker,Farid Bakker,first_last,,Bennett Ventures,bennett,farid.bakker@bennett.co,+5511926942817,Brazil,Closed Lost,,Social Media,Diego Alvarez,2026-01-08T00:00:00Z,2026-04-12T00:00:00Z,,LinkedIn,from Original Source: Social Media,0.55,True,False,"Saw our post about replacing hubspot and commented. Connected, sending proposal."
100236014,Benjamin,Lau,Benjamin Lau,first_last,Head of Growth,Ang Analytics Co,ang,benjamin.lau@anganalytics.sg,+393614475417,Italy,Qualified,Sales Qualified Lead,Other Campaigns,Diego Alvarez,2025-11-29T00:00:00Z,,,Other,General info@ inbox,0.3,True,False,"Other - reached out via our general info@ inbox. Great fit, prioritizing."
100236015,Ananya,Sun,Ananya Sun,first_last,Founder,Han Imports Holdings,han,ananyas@hanimports.co,+34696520906,Spain,Qualified,Lead,Offline Sources,Priya Nair,2025-12-28T00:00:00Z,2026-01-19T00:00:00Z,,Event,APAC Logistics Summit — Booth QR Code,0.9,False,False,He scanned our QR code at the APAC Logistics Summit booth.
100236016,Astrid,Jung,Astrid Jung,first_last,VP Sales,Johnson Ventures,johnson,astridj@johnson.io,+84994328388,Vietnam,New,,,Elena Popescu,2025-12-09T00:00:00Z,2026-06-10T00:00:00Z,,Referral,Referred by Daniel Meyer,0.9,False,False,"Referred by Daniel Meyer, warm intro."
100236017,Salma,Sun,Salma Sun,first_last,Finance Manager,Ivanova Analytics,ivanova,salma.s@ivanova.sg,+639118077880,Philippines,Contacted,,Organic Search,Hana Kobayashi,2026-02-17T00:00:00Z,2026-05-01T00:00:00Z,,Organic Search,Google organic → Book a Demo page,0.75,False,False,Googled us and ended up on the book-a-demo page before booking a demo. Qualifying now.
100236018,Ahmed,Ferrari,Ahmed Ferrari,first_last,,Patel Fintech Holdings,patel,ahmed.ferrari@patelfintech.io,+6585242095,Singapore,Closed Lost,Opportunity,,Fatima Rahman,2026-01-17T00:00:00Z,2026-06-14T00:00:00Z,,Manual/Sales,Inbound phone call,0.9,False,False,Manual - added after inbound phone call. Qualifying now.
100236019,Matteo,Wong,Matteo Wong,first_last,,Yang Freight,yang,matteo.wong@yangfreight.net,+84915551209,Vietnam,Qualified,Customer,,Marcus Wong,2025-11-04T00:00:00Z,2026-04-12T00:00:00Z,54,Organic Search,Google organic → Case study page,0.75,False,False,Googled us and ended up on the case study page before booking a demo.
100236020,Youssef,Mensah,Youssef Mensah,first_last,,Sharma Enterprises Robotics,sharma,y.mensah@sharmaenterprises.io,+61471273790,Australia,Opportunity,,Social Media,Hana Kobayashi,2026-03-03T00:00:00Z,2026-05-26T00:00:00Z,,LinkedIn,from Original Source: Social Media,0.55,True,False,"Saw our post about replacing hubspot and commented. Left voicemail, will retry."
100236021,Youssef,Mensah,Youssef Mensah,first_last,,Sharma Enterprises Inc.,sharma,youssef.mensah@sharmaenterprises.io,+61471273790,Australia,Opportunity,,Social Media,Hana Kobayashi,2026-03-03T00:00:00Z,2026-05-26T00:00:00Z,,LinkedIn,from Original Source: Social Media,0.55,True,False,"Saw our post about replacing hubspot and commented. Left voicemail, will retry."
100236022,George,Mensah,George Mensah,first_last,Founder,Sharma Enterprises Robotics,sharma,georgem@sharmaenterprises.io,+33658932023,France,Opportunity,,Referrals,Rohan Mehta,2026-01-02T00:00:00Z,2026-01-02T00:00:00Z,,Referral,Referred by Tariq Mehta,0.9,False,False,"Referred by Tariq Mehta, warm intro. Connected, sending proposal."
100236023,Antoine,Marino,Antoine Marino,first_last,Founder,Acme Solutions,acme,antoine.marino@acme.com.au,+918116141752,India,Contacted,Sales Qualified Lead,Referrals,Marcus Wong,2025-11-20T00:00:00Z,,,Referral,Referred by Thanh Goh,0.9,False,False,"Referred by Thanh Goh, warm intro. Very interested, wants pricing call."
100236024,Olivia,Yoon,Olivia Yoon,first_last,,Asante Retail Group,asante,olivia.y@asanteretail.co,+6286260377594,Indonesia,Closed Won,,Other Campaigns,Rohan Mehta,2025-11-08T00:00:00Z,,,Manual/Sales,Cold outreach call,0.9,False,False,Manually added by sales after a phone call from a cold outreach list. Not interested for now.
100236025,Ana,Becker,Ana Becker,first_last,VP Sales,Ferrari Consulting Freight Solutions,ferrari,ana.b@ferrariconsulting.net,+13685550104,United States,Qualified,,,Priya Nair,2026-05-22T00:00:00Z,2026-06-07T00:00:00Z,,Organic Search,Google organic → Homepage,0.75,False,False,"Googled us and ended up on the homepage before booking a demo. Connected, sending proposal."
100236026,Xiu Ying,Schmidt,Xiu Ying Schmidt,first_last,Founder,Athens Retail Inc.,athens,xiuying.s@athensretail.sg,+40766793382,Romania,New,,,Elena Popescu,2026-05-20T00:00:00Z,2026-05-23T00:00:00Z,,Other,,0.3,True,False,Saw our post about replacing hubspot and commented. Not interested for now.
100236027,Xiu Ying,Schmidt,Xiu Ying Schmidt,first_last,Founder,Athens Retail Co.,athens,xiuyingschmidt@athensretail.sg,+40766793382,Romania,New,,,Elena Popescu,2026-05-20T00:00:00Z,2026-05-23T00:00:00Z,,Other,,0.3,True,False,Saw our post about replacing hubspot and commented. Not interested for now.
100236028,Astrid,Han,Astrid Han,first_last,Finance Manager,Wong Legal Studio,wong,astrid.han@wonglegal.biz,+212643155839,Morocco,Connected,Lead,,Noah Bennett,2026-05-22T00:00:00Z,2026-06-11T00:00:00Z,,Event,Dubai FinTech Week — Booth,0.9,False,False,"Spoke with them at our Dubai FinTech Week booth, no QR scan logged. Not interested for now."
100236029,Ethan,Fischer,Ethan Fischer,first_last,VP Sales,Gupta Textiles Robotics,gupta,e.fischer@guptatextiles.sg,+85266048118,Hong Kong,Contacted,Marketing Qualified Lead,Other Campaigns,Diego Alvarez,2025-11-06T00:00:00Z,2025-11-06T00:00:00Z,,Other,General info@ inbox,0.3,True,False,Other - reached out via our general info@ inbox.
100236030,Farid,Seo,Farid Seo,first_last,VP Sales,Boateng Digital Freight Solutions,boateng,farid.seo@boatengdigital.sg,+6592454401,Singapore,Connected,Lead,,Fatima Rahman,2026-04-17T00:00:00Z,2026-04-17T00:00:00Z,,Event,SaaStr Annual — Booth,0.9,False,False,"Met at the booth during SaaStr Annual, said they'd follow up over email."
100236031,David,Xu,David Xu,first_last,VP Sales,Ng Freight Digital,ng,davidx@ngfreight.com,+818578977318,Japan,Opportunity,Lead,,Noah Bennett,2026-01-30T00:00:00Z,,,Organic Search,Google organic → Homepage,0.75,False,False,Found us through organic google search then landed on the homepage. Not interested for now.
100236032,Sophia,Koch,Sophia Koch,first_last,,Ang Analytics Consulting,ang,s.koch@anganalytics.com.au,+33626778137,France,Closed Lost,,Referrals,Elena Popescu,2025-09-20T00:00:00Z,2026-05-11T00:00:00Z,,Referral,Referred by Sigrid Pereira,0.9,False,False,"Referred by Sigrid Pereira, warm intro. Left voicemail, will retry."
100236033,Natasha,Nguyen,Natasha Nguyen,first_last,Founder,Patel Fintech Pte Ltd,patel,natasha.n@patelfintech.sg,+79936366191,Russia,Closed Lost,,Other Campaigns,Priya Nair,2026-03-26T00:00:00Z,,,Other,General info@ inbox,0.3,True,False,"Other - reached out via our general info@ inbox. Very interested, wants pricing call."
100236034,Rachel,Lee,Rachel Lee,first_last,,Lau Holdings,lau,rachell@lau.io,+919806671564,India,Qualified,Marketing Qualified Lead,,Wei Chen,2025-10-23T00:00:00Z,2026-03-16T00:00:00Z,,Website,Blog — lead scoring,0.9,False,False,"Filled out the form on the blog post on lead scoring. Connected, sending proposal."
100236035,Min-jun,Verma,Min-jun Verma,first_last,Founder,Lotus Finance Trading Co,lotus,min-junv@lotusfinance.net,+85255811953,Hong Kong,Opportunity,Opportunity,Other Campaigns,Fatima Rahman,2025-09-17T00:00:00Z,2025-09-17T00:00:00Z,,Manual/Sales,Cold outreach call,0.9,False,False,Manually added by sales after a phone call from a cold outreach list.
100236036,Diego,Lim,Diego Lim,first_last,Head of Growth,Hansen Digital Co.,hansen,diego.l@hansendigital.co,+491684587423,Germany,Opportunity,Lead,,Noah Bennett,2026-03-20T00:00:00Z,,,Event,Money20/20 Asia — Booth QR Code,0.9,False,False,"Met her at the Money20/20 Asia booth, scanned our QR code."
100236037,Sanjay,Mehta,Sanjay Mehta,first_last,,Ferrari Consulting Digital,ferrari,s.mehta@ferrariconsulting.net,+233284656948,Ghana,Closed Lost,Sales Qualified Lead,Direct Traffic,Marcus Wong,2026-05-06T00:00:00Z,2026-05-09T00:00:00Z,,Website,Pricing page,0.9,False,False,Filled out the form on the pricing page. Not interested for now.
100236038,S.,Mehta,S. Mehta,full_name,,Ferrari Consulting Ventures,ferrari,s.mehta@ferrariconsulting.net,+233284656948,Ghana,Closed Lost,Sales Qualified Lead,Direct Traffic,Marcus Wong,2026-05-06T00:00:00Z,2026-05-09T00:00:00Z,,Website,Pricing page,0.9,False,False,Filled out the form on the pricing page. Not interested for now.
100236039,Sanjay,Mehta,Sanjay Mehta,first_last,,Ferrari Consulting Pte. Ltd.,ferrari,sanjaym@ferrariconsulting.net,+233284656948,Ghana,Closed Lost,Sales Qualified Lead,Direct Traffic,Marcus Wong,2026-05-06T00:00:00Z,,,Website,Pricing page,0.9,False,False,Filled out the form on the pricing page. Not interested for now.
100236040,Ravi,Colombo,Ravi Colombo,first_last,,BluePeak Labs,bluepeak,r.colombo@bluepeak.com.au,+971543515325,UAE,Connected,Lead,Organic Search,Elena Popescu,2026-03-26T00:00:00Z,2026-06-13T00:00:00Z,,Organic Search,Google organic → Pricing page,0.75,False,False,Googled us and ended up on the pricing page before booking a demo. No response yet.
100236041,Aiko,Lim,Aiko Lim,first_last,,Martinez & Co,martinez,aikol@martinez.co,+525576466406,Mexico,Contacted,Lead,,Wei Chen,2025-10-23T00:00:00Z,2026-01-30T00:00:00Z,,Event,SaaStr Annual — Booth QR Code,0.9,False,False,He scanned our QR code at the SaaStr Annual booth.
100236042,Ava,Andersen,Ava Andersen,first_last,VP Sales,Johnson Digital,johnson,ava.a@johnson.co,+79842259420,Russia,Qualified,Lead,,Wei Chen,2025-11-30T00:00:00Z,2025-11-30T00:00:00Z,,Organic Search,Google organic → Blog — lead scoring,0.75,False,False,Googled us and ended up on the blog post on lead scoring before booking a demo. No response yet.
100236043,Ji-woo,Almeida,Ji-woo Almeida,first_last,,Kang Holdings Co.,kang,ji-wooa@kangholdings.io,+821099097815,South Korea,Closed Lost,Other,Organic Search,Noah Bennett,2025-09-01T00:00:00Z,2025-09-01T00:00:00Z,,Organic Search,Google organic → Case study page,0.75,False,False,Googled us and ended up on the case study page before booking a demo.
100236044,Ji-woo,Almeida,Ji-woo Almeida,first_last,,Kang Holdings Trading,kang,ji-wooalmeida@kangholdings.io,+821099097815,South Korea,Closed Lost,Other,Organic Search,Noah Bennett,2025-09-01T00:00:00Z,2025-09-01T00:00:00Z,,Organic Search,Google organic → Case study page,0.75,False,False,Googled us and ended up on the case study page before booking a demo.
100236045,Laura,Chua,Laura Chua,first_last,Operations Lead,Rossi SRL Retail Group,rossi,laurac@rossisrl.net,+639554442979,Philippines,Opportunity,Lead,Social Media,Elena Popescu,2025-12-23T00:00:00Z,2026-05-19T00:00:00Z,,LinkedIn,LinkedIn DM,0.9,False,False,"Linkedin dm inbound asking about pricing. Great fit, prioritizing."
100236046,Leila,Bakar,Leila Bakar,first_last,,Teo Consulting Freight Solutions,teo,leila.b@teoconsulting.com,+66746044400,Thailand,Closed Won,Marketing Qualified Lead,,Marcus Wong,2025-12-09T00:00:00Z,2026-03-09T00:00:00Z,,Event,Web Summit 2026 — Booth,0.9,False,False,"Met at the booth during Web Summit 2026, said they'd follow up over email. Connected, sending proposal."
100236047,Kwame,Chen,Kwame Chen,first_last,Operations Lead,Sharma Enterprises & Co,sharma,kwame.chen@sharmaenterprises.com.au,+48602208169,Poland,Closed Lost,Marketing Qualified Lead,,Noah Bennett,2025-11-07T00:00:00Z,2026-04-22T00:00:00Z,,Organic Search,Google organic → Pricing page,0.75,False,False,Googled us and ended up on the pricing page before booking a demo.
100236048,Kwame,Chen,Kwame Chen,full_name,Operations Lead,Sharma Enterprises & Robotics,sharma,k.chen@sharmaenterprises.com.au,+48602208169,Poland,Closed Lost,Marketing Qualified Lead,,Noah Bennett,2025-11-07T00:00:00Z,,,Organic Search,Google organic → Pricing page,0.75,False,False,Googled us and ended up on the pricing page before booking a demo.
100236049,Pedro,Christensen,Pedro Christensen,first_last,Operations Lead,Choi Logistics Inc.,choi,pedro.c@choilogistics.com,+917724725076,India,Closed Won,Sales Qualified Lead,Other Campaigns,Grace Osei,2026-04-09T00:00:00Z,2026-06-12T00:00:00Z,,Manual/Sales,Cold outreach call,0.9,False,False,Manually added by sales after a phone call from a cold outreach list. Qualifying now.
100236050,P.,Christensen,P. Christensen,full_name,Operations Lead,Choi Logistics Pte. Ltd.,choi,p.christensen@choilogistics.com,+917724725076,India,Closed Won,Sales Qualified Lead,Other Campaigns,Grace Osei,2026-04-09T00:00:00Z,2026-06-12T00:00:00Z,,Manual/Sales,Cold outreach call,0.9,False,True,Manually added by sales after a phone call from a cold outreach list. Qualifying now. possible duplicate — verify before contacting.
100236051,Isabelle,Ferreira,Isabelle Ferreira,first_last,Marketing Director,Huang Analytics Freight Solutions,huang,isabelle.f@huanganalytics.com.au,+8613416244868,China,Connected,Opportunity,,Elena Popescu,2026-02-14T00:00:00Z,2026-04-27T00:00:00Z,,Website,Pricing page,0.9,False,False,Filled out the form on the pricing page.
100236052,Chidi,Rossi,Chidi Rossi,first_last,Founder,Jung Studio & Co,jung,chidir@jungstudio.biz,+639723643320,Philippines,Opportunity,Sales Qualified Lead,,Marcus Wong,2026-02-04T00:00:00Z,2026-02-04T00:00:00Z,,Referral,Referred by Aisha Rao,0.9,False,False,"Referred by Aisha Rao, warm intro. Not interested for now."
100236053,Hui Fang,Yap,Hui Fang Yap,first_last,Marketing Director,Nimbus Trading,nimbus,huifangy@nimbus.net,+2348036377567,Nigeria,New,Opportunity,,Diego Alvarez,2026-03-12T00:00:00Z,2026-04-21T00:00:00Z,,Referral,Referred by David Popescu,0.9,False,False,"Referred by David Popescu, warm intro."
100236054,Pooja,Almeida,Pooja Almeida,first_last,,Patel Fintech Trading,patel,pooja.a@patelfintech.com.au,+233202277485,Ghana,Connected,Opportunity,,Wei Chen,2026-05-13T00:00:00Z,2026-05-31T00:00:00Z,,Event,Money20/20 Asia — Booth QR Code,0.9,False,False,Scanned the QR code at our Money20/20 Asia booth.
100236055,Jonathan,Almeida,Jonathan Almeida,first_last,,Zahra Ventures,zahra,jonathana@zahra.net,+48516563284,Poland,New,Sales Qualified Lead,Referrals,Priya Nair,2026-02-21T00:00:00Z,2026-02-22T00:00:00Z,,Referral,Referred by Chloe Appiah,0.9,False,False,"Referred by Chloe Appiah, warm intro."
100236056,Ibrahim,Kowalski,Ibrahim Kowalski,first_last,,Gupta Textiles Freight Solutions,gupta,ibrahim.kowalski@guptatextiles.com,+66754375229,Thailand,Closed Lost,Marketing Qualified Lead,Organic Search,Marcus Wong,2026-01-20T00:00:00Z,,,Organic Search,Google organic → Pricing page,0.75,False,False,"Googled us and ended up on the pricing page before booking a demo. Connected, sending proposal."
100236057,Ibrahim,Al-Farsi,Ibrahim Al-Farsi,first_last,Operations Lead,Larsen AS Trading Co,larsen,i.al-farsi@larsenas.com.au,+12945550127,United States,Qualified,Customer,,Elena Popescu,2026-05-23T00:00:00Z,2026-05-23T00:00:00Z,,Event,Singapore FinTech Festival 2026 — Booth QR Code,0.9,False,False,"Met her at the Singapore FinTech Festival 2026 booth, scanned our QR code. Qualifying now."
100236058,So-young,Camara,So-young Camara,first_last,Head of Growth,Sim Robotics Digital,sim,so-youngc@simrobotics.co,+821078324493,South Korea,Closed Won,Other,Other Campaigns,Diego Alvarez,2026-05-16T00:00:00Z,2026-06-19T00:00:00Z,,Event,Dubai FinTech Week — Booth,0.9,False,False,"Met at the booth during Dubai FinTech Week, said they'd follow up over email. Connected, sending proposal."
100236059,Nur,Appiah,Nur Appiah,first_last,Operations Lead,Nimbus & Co,nimbus,nura@nimbus.co,+351926679638,Portugal,Contacted,Customer,,Hana Kobayashi,2025-11-21T00:00:00Z,2025-11-21T00:00:00Z,,Organic Search,Google organic → Contact page,0.75,False,False,"Googled us and ended up on the contact page before booking a demo. Very interested, wants pricing call."
100236060,Anna,Patel,Anna Patel,first_last,Founder,Han Imports Holdings,han,anna.patel@hanimports.io,+61459668468,Australia,Opportunity,Marketing Qualified Lead,,Marcus Wong,2026-03-10T00:00:00Z,,,Event,Web Summit 2026 — Booth QR Code,0.9,False,False,"Met her at the Web Summit 2026 booth, scanned our QR code."
100236061,Ama,Foster,Ama Foster,first_last,Finance Manager,Malik Group,malik,a.foster@malik.co,+48578460824,Poland,Qualified,Sales Qualified Lead,Direct Traffic,Diego Alvarez,2025-12-14T00:00:00Z,,,Website,Product tour page,0.9,False,False,Filled out the form on the product tour page.
100236062,Thanh,Wong,Thanh Wong,first_last,VP Sales,GreenLeaf Pte. Ltd.,greenleaf,t.wong@greenleaf.biz,+46703314748,Sweden,Opportunity,Customer,Other Campaigns,Hana Kobayashi,2026-03-06T00:00:00Z,2026-05-14T00:00:00Z,,Manual/Sales,Inbound phone call,0.9,False,False,"Manual - added after inbound phone call. Great fit, prioritizing."
100236063,Priya,Sorensen,Priya Sorensen,first_last,Marketing Director,Kang Holdings Co.,kang,priya.s@kangholdings.sg,+17275550116,United States,Qualified,Sales Qualified Lead,Organic Search,Elena Popescu,2025-09-24T00:00:00Z,,,Organic Search,Google organic → Homepage,0.75,False,False,"Found us through organic google search then landed on the homepage. Left voicemail, will retry."
100236064,Priya,Sorensen,Priya Sorensen,full_name,Marketing Director,Kang Holdings Robotics,kang,p.sorensen@kangholdings.sg,+17275550116,United States,Qualified,Sales Qualified Lead,Organic Search,Elena Popescu,2025-09-24T00:00:00Z,,,Organic Search,Google organic → Homepage,0.75,False,True,"Found us through organic google search then landed on the homepage. Left voicemail, will retry. possible duplicate — verify before contacting."
100236065,Ahmed,Fischer,Ahmed Fischer,first_last,,Orchid Freight,orchid,ahmed.f@orchid.sg,+821036553533,South Korea,New,,,Wei Chen,2026-06-03T00:00:00Z,2026-06-03T00:00:00Z,,Referral,Referred by Ava Rasmussen,0.9,False,False,"Referred by Ava Rasmussen, warm intro. Great fit, prioritizing."
100236066,Meera,Fischer,Meera Fischer,first_last,VP Sales,Orchid Freight,orchid,meeraf@orchid.sg,+40771775506,Romania,New,Sales Qualified Lead,Offline Sources,Rohan Mehta,2026-02-28T00:00:00Z,2026-03-12T00:00:00Z,,Event,TechCrunch Disrupt — Booth,0.9,False,False,"Spoke with them at our TechCrunch Disrupt booth, no QR scan logged. No response yet."
100236067,Erik,Adjei,Erik Adjei,first_last,,Nord & Co,nord,erik.adjei@nord.io,+60178674850,Malaysia,Qualified,Customer,,Marcus Wong,2026-05-01T00:00:00Z,2026-05-02T00:00:00Z,,Organic Search,Google organic → Blog — lead scoring,0.75,False,False,"Googled us and ended up on the blog post on lead scoring before booking a demo. Great fit, prioritizing."
100236068,Kenji,Teo,Kenji Teo,first_last,Founder,Lumen & Co,lumen,k.teo@lumen.sg,+8613377194169,China,Closed Lost,Opportunity,,Grace Osei,2026-05-13T00:00:00Z,2026-06-07T00:00:00Z,,Other,,0.3,True,False,Saw our post about replacing hubspot and commented. Not interested for now.
100236069,Hui Fang,Lim,Hui Fang Lim,first_last,Finance Manager,Reddy Holdings Partners,reddy,huifangl@reddyholdings.com,+923609244136,Pakistan,Closed Won,Marketing Qualified Lead,,Fatima Rahman,2025-12-12T00:00:00Z,2025-12-15T00:00:00Z,,Manual/Sales,Inbound phone call,0.9,False,False,Manual - added after inbound phone call.
100236070,Sophia,Wagner,Sophia Wagner,first_last,Marketing Director,Costa Trading Solutions,costa,s.wagner@costatrading.com.au,+6284312092425,Indonesia,New,,Other Campaigns,Rohan Mehta,2026-03-21T00:00:00Z,2026-03-21T00:00:00Z,93,Other,General info@ inbox,0.3,True,False,Other - reached out via our general info@ inbox. Not interested for now.
100236071,Abena,Greco,Abena Greco,first_last,Operations Lead,Liu Trading,liu,a.greco@liutrading.sg,+639847917461,Philippines,New,Lead,,Wei Chen,2025-12-09T00:00:00Z,2026-03-29T00:00:00Z,,Organic Search,Google organic → Homepage,0.75,False,False,"Found us through organic google search then landed on the homepage. Great fit, prioritizing."
100236072,Tariq,Bianchi,Tariq Bianchi,first_last,,Yoon Retail Co,yoon,tariq.b@yoonretail.net,+212610252497,Morocco,Connected,Sales Qualified Lead,Other Campaigns,Elena Popescu,2025-10-20T00:00:00Z,2026-02-16T00:00:00Z,,Manual/Sales,Cold outreach call,0.9,False,False,"Manually added by sales after a phone call from a cold outreach list. Very interested, wants pricing call."
100236073,Grace,Carvalho,Grace Carvalho,first_last,Head of Growth,Kowalski Studio,kowalski,g.carvalho@kowalski.sg,+34674487590,Spain,Closed Won,,Other Campaigns,Elena Popescu,2026-01-29T00:00:00Z,2026-03-19T00:00:00Z,,Other,General info@ inbox,0.3,True,False,"Other - reached out via our general info@ inbox. Connected, sending proposal."
100236074,Ngozi,Wu,Ngozi Wu,first_last,Founder,Singh Logistics Ventures,singh,ngozi.w@singhlogistics.sg,+48658365938,Poland,Opportunity,Other,Paid Search,Diego Alvarez,2026-04-15T00:00:00Z,,,Website,Book a Demo page — Google Ads,0.85,False,False,"Booked a demo via the book-a-demo page after clicking a google ad. Connected, sending proposal."
100236075,Kai,Tan,Kai Tan,first_last,,Kim Trading & Co,kim,kai.t@kimtrading.biz,+4523928943,Denmark,Connected,Lead,Organic Search,Fatima Rahman,2026-04-14T00:00:00Z,,,Organic Search,Google organic → Pricing page,0.75,False,False,Googled us and ended up on the pricing page before booking a demo. No response yet.
100236076,Abena,Mehta,Abena Mehta,first_last,,Lindqvist AB Ventures,lindqvist,abenam@lindqvistab.com,+60183268513,Malaysia,Contacted,Lead,Direct Traffic,Diego Alvarez,2025-10-15T00:00:00Z,,,Website,Blog — lead scoring,0.9,False,False,"Filled out the form on the blog post on lead scoring. Connected, sending proposal."
100236077,Erik,Choi,Erik Choi,first_last,Marketing Director,Foster Group,foster,erik.c@foster.sg,+491708164562,Germany,Connected,Other,Organic Search,Noah Bennett,2026-04-10T00:00:00Z,2026-05-11T00:00:00Z,,Organic Search,Google organic → Homepage,0.75,False,False,Googled us and ended up on the homepage before booking a demo. Qualifying now.
100236078,Rachel,Ocampo,Rachel Ocampo,first_last,VP Sales,Koh & Sons Solutions,koh,rachel.ocampo@kohsons.sg,+233282126372,Ghana,New,Opportunity,,Diego Alvarez,2026-05-24T00:00:00Z,,,Other,,0.3,True,False,"Saw our post about replacing hubspot and commented. Left voicemail, will retry."
100236079,Amina,Sun,Amina Sun,first_last,Founder,Huang Analytics Solutions,huang,a.sun@huanganalytics.com.au,+393419276635,Italy,Closed Lost,,,Wei Chen,2026-03-29T00:00:00Z,2026-03-29T00:00:00Z,,Website,Pricing page,0.9,False,False,"Filled out the form on the pricing page. Great fit, prioritizing."
100236080,A.,Sun,A. Sun,full_name,Founder,Huang Analytics Co,huang,a.sun@huanganalytics.com.au,+393419276635,Italy,Closed Lost,,,Wei Chen,2026-03-29T00:00:00Z,2026-03-29T00:00:00Z,,Website,Pricing page,0.9,False,True,"Filled out the form on the pricing page. Great fit, prioritizing. possible duplicate — verify before contacting."
100236081,Charlotte,Jung,Charlotte Jung,first_last,,Rossi SRL & Co,rossi,charlotte.j@rossisrl.sg,+5511983051147,Brazil,Connected,Other,,Rohan Mehta,2025-09-06T00:00:00Z,2025-10-09T00:00:00Z,,Website,Contact page,0.9,False,False,Filled out the form on the contact page.
100236082,Sora,Costa,Sora Costa,first_last,,Costa Trading Pte Ltd,costa,sorac@costatrading.io,+525567558576,Mexico,Contacted,Opportunity,Direct Traffic,Grace Osei,2026-01-24T00:00:00Z,2026-01-25T00:00:00Z,,Website,Comparison vs HubSpot page,0.9,False,False,Filled out the form on the comparison-vs-hubspot page. Not interested for now.
100236083,Hana,Liu,Hana Liu,first_last,,Singh Logistics Ltd,singh,hana.l@singhlogistics.sg,+525563349234,Mexico,Closed Won,Sales Qualified Lead,Referrals,Diego Alvarez,2026-01-15T00:00:00Z,2026-06-05T00:00:00Z,,Referral,Referred by Ji-woo Yoon,0.9,False,False,"Referred by Ji-woo Yoon, warm intro. Left voicemail, will retry."
100236084,Haruto,Bakker,Haruto Bakker,first_last,,Singh Logistics Co,singh,haruto.bakker@singhlogistics.io,+821075897243,South Korea,Contacted,Marketing Qualified Lead,,Priya Nair,2025-11-24T00:00:00Z,2026-02-23T00:00:00Z,,Website,Contact page,0.9,False,False,"Filled out the form on the contact page. Connected, sending proposal."
100236085,H.,Bakker,H. Bakker,full_name,,Singh Logistics Solutions,singh,h.bakker@singhlogistics.io,+821075897243,South Korea,Contacted,Marketing Qualified Lead,,Priya Nair,2025-11-24T00:00:00Z,2026-02-23T00:00:00Z,,Website,Contact page,0.9,False,True,"Filled out the form on the contact page. Connected, sending proposal. possible duplicate — verify before contacting."
100236086,Miguel,Williams,Miguel Williams,first_last,Head of Growth,Huang Analytics Robotics,huang,miguel.w@huanganalytics.biz,+525530691908,Mexico,Connected,Customer,,Marcus Wong,2025-09-17T00:00:00Z,2025-10-15T00:00:00Z,,Website,Case study page,0.9,False,False,"Filled out the form on the case study page. Great fit, prioritizing."
100236087,Ibrahim,Sun,Ibrahim Sun,first_last,Head of Growth,Diallo Imports Holdings,diallo,ibrahims@dialloimports.biz,+447969970178,United Kingdom,New,Sales Qualified Lead,Direct Traffic,Marcus Wong,2026-06-02T00:00:00Z,2026-06-06T00:00:00Z,,Website,Blog — lead scoring,0.9,False,False,"Filled out the form on the blog post on lead scoring. Very interested, wants pricing call."
100236088,Catarina,Carvalho,Catarina Carvalho,first_last,Finance Manager,Liu Trading Ltd,liu,catarinac@liutrading.co,+639411549409,Philippines,New,Customer,,Noah Bennett,2026-02-16T00:00:00Z,2026-03-21T00:00:00Z,57,Website,Product tour page,0.9,False,False,Filled out the form on the product tour page.
100236089,Hana,Verma,Hana Verma,first_last,VP Sales,Sayed Trading Group,sayed,h.verma@sayedtrading.com,+393415547766,Italy,Opportunity,Sales Qualified Lead,,Grace Osei,2026-02-28T00:00:00Z,2026-06-10T00:00:00Z,,Website,Blog — lead scoring,0.9,False,False,Filled out the form on the blog post on lead scoring. No response yet.
100236090,Ingrid,Sorensen,Ingrid Sorensen,first_last,,Larsen AS & Co,larsen,i.sorensen@larsenas.co,+351938252924,Portugal,Contacted,Marketing Qualified Lead,,Rohan Mehta,2026-04-18T00:00:00Z,2026-04-18T00:00:00Z,27,Organic Search,Google organic → Blog — lead scoring,0.75,False,False,Googled us and ended up on the blog post on lead scoring before booking a demo. Qualifying now.
100236091,Bjorn,Wu,Bjorn Wu,first_last,Operations Lead,Ferrari Consulting Inc,ferrari,bjorn.w@ferrariconsulting.sg,+821042356585,South Korea,Closed Won,Opportunity,Referrals,Hana Kobayashi,2025-10-31T00:00:00Z,,,Referral,Referred by Xiu Ying,0.9,False,False,"Referred by Xiu Ying Nguyen, warm intro. Not interested for now."
100236092,Sarah,Pedersen,Sarah Pedersen,first_last,Head of Growth,Johnson Co.,johnson,sarah.pedersen@johnson.net,+31670262854,Netherlands,Closed Lost,Other,Direct Traffic,Fatima Rahman,2026-01-20T00:00:00Z,2026-01-20T00:00:00Z,,Website,Pricing page,0.9,False,False,Filled out the form on the pricing page. No response yet.
100236093,Diego,Bakker,Diego Bakker,first_last,Marketing Director,Lotus Finance Partners,lotus,d.bakker@lotusfinance.biz,+61457913773,Australia,Qualified,Other,Direct Traffic,Noah Bennett,2026-04-01T00:00:00Z,2026-06-11T00:00:00Z,,Website,Case study page,0.9,False,False,"Filled out the form on the case study page. Connected, sending proposal."
100236094,Min-jun,Ng,Min-jun Ng,first_last,Finance Manager,Delta Freight Solutions,delta,min-jun.n@delta.com.au,+14285550150,United States,Opportunity,Opportunity,,Priya Nair,2026-01-03T00:00:00Z,2026-04-20T00:00:00Z,,Event,Mobile World Congress — Booth QR Code,0.9,False,False,"He scanned our QR code at the Mobile World Congress booth. Great fit, prioritizing."
100236095,M.,Ng,M. Ng,full_name,Finance Manager,Delta Freight Co.,delta,m.ng@delta.com.au,+14285550150,United States,Opportunity,Opportunity,,Priya Nair,2026-01-03T00:00:00Z,,,Event,Mobile World Congress — Booth QR Code,0.9,False,True,"He scanned our QR code at the Mobile World Congress booth. Great fit, prioritizing. possible duplicate — verify before contacting."
100236096,Isabelle,Ong,Isabelle Ong,first_last,,Rossi SRL Freight,rossi,i.ong@rossisrl.biz,+5491183329499,Argentina,Contacted,Other,,Marcus Wong,2026-06-14T00:00:00Z,2026-06-15T00:00:00Z,,LinkedIn,LinkedIn DM,0.9,False,False,"Linkedin dm inbound asking about pricing. Great fit, prioritizing."
100236097,Adam,Ong,Adam Ong,first_last,Operations Lead,Rossi SRL Freight,rossi,adam.o@rossisrl.biz,+40775399592,Romania,Connected,Marketing Qualified Lead,,Noah Bennett,2026-02-05T00:00:00Z,2026-02-12T00:00:00Z,,Organic Search,Google organic → Blog — lead scoring,0.75,False,False,Found us through organic google search then landed on the blog post on lead scoring. Qualifying now.
100236098,Ravi,Sun,Ravi Sun,first_last,Finance Manager,Kang Holdings Co,kang,ravi.s@kangholdings.co,+525583052446,Mexico,Connected,Sales Qualified Lead,Referrals,Noah Bennett,2025-12-21T00:00:00Z,2026-05-15T00:00:00Z,,Referral,Referred by So-young Chen,0.9,False,False,"Referred by So-young Chen, warm intro. No response yet."
100236099,Siti,Fall,Siti Fall,first_last,Founder,Bennett Labs,bennett,siti.f@bennett.sg,+306991652994,Greece,Closed Lost,Customer,Other Campaigns,Wei Chen,2025-11-11T00:00:00Z,2026-06-01T00:00:00Z,,Event,Web Summit 2026 — Booth,0.9,False,False,"Spoke with them at our Web Summit 2026 booth, no QR scan logged. Great fit, prioritizing."
100236100,Sofia,Choi,Sofia Choi,first_last,Finance Manager,Ang Analytics Solutions,ang,sofiac@anganalytics.co,+2348093501843,Nigeria,Connected,,,Grace Osei,2026-02-15T00:00:00Z,2026-05-13T00:00:00Z,,Website,Case study page,0.9,False,False,"Filled out the form on the case study page. Very interested, wants pricing call."
100236101,Luca,Schulz,Luca Schulz,first_last,Head of Growth,Bennett & Co,bennett,lucas@bennett.com.au,+61463329269,Australia,Qualified,Lead,Other Campaigns,Grace Osei,2026-03-30T00:00:00Z,2026-03-30T00:00:00Z,,Other,General info@ inbox,0.3,True,False,"Other - reached out via our general info@ inbox. Left voicemail, will retry."
100236102,Bashir,Williams,Bashir Williams,first_last,,Zhang Holdings,zhang,bashir.williams@zhang.com,+525566951355,Mexico,Closed Won,Sales Qualified Lead,Organic Search,Noah Bennett,2026-03-11T00:00:00Z,2026-04-10T00:00:00Z,,Organic Search,Google organic → Case study page,0.75,False,False,"Found us through organic google search then landed on the case study page. Connected, sending proposal."
100236103,Francesca,Dubois,Francesca Dubois,first_last,,Reddy Holdings Inc.,reddy,f.dubois@reddyholdings.io,+8613075891664,China,Closed Lost,,Offline Sources,Rohan Mehta,2025-10-10T00:00:00Z,2026-02-12T00:00:00Z,,Event,Retail Asia Expo — Booth QR Code,0.9,False,False,"Met her at the Retail Asia Expo booth, scanned our QR code. Qualifying now."
100236104,Ryan,Danso,Ryan Danso,first_last,Founder,Toure Consulting Solutions,toure,r.danso@toureconsulting.com,+34688735539,Spain,New,Lead,,Diego Alvarez,2025-12-20T00:00:00Z,,,Website,Pricing page,0.9,False,False,Filled out the form on the pricing page.
100236105,Elena,Tanaka,Elena Tanaka,first_last,Founder,Johnson Labs,johnson,elenat@johnson.sg,+393913058535,Italy,New,Sales Qualified Lead,,Hana Kobayashi,2026-01-01T00:00:00Z,2026-02-09T00:00:00Z,,Event,SaaStr Annual — Booth QR Code,0.9,False,False,"Met her at the SaaStr Annual booth, scanned our QR code."
100236106,Oluwaseun,Toure,Oluwaseun Toure,first_last,Finance Manager,Bakker Pte Ltd,bakker,o.toure@bakker.sg,+33668515253,France,Contacted,Opportunity,Organic Search,Hana Kobayashi,2025-11-11T00:00:00Z,2026-05-02T00:00:00Z,,Organic Search,Google organic → Product tour page,0.75,False,False,Found us through organic google search then landed on the product tour page. Not interested for now.
100236107,Jonathan,Owusu,Jonathan Owusu,first_last,Marketing Director,Cruz & Partners Ltd,cruz,jonathan.owusu@cruzpartners.net,+923109766934,Pakistan,New,,,Noah Bennett,2026-04-21T00:00:00Z,2026-05-29T00:00:00Z,,Organic Search,Google organic → Homepage,0.75,False,False,"Found us through organic google search then landed on the homepage. Left voicemail, will retry."
100236108,Natasha,Hoffmann,Natasha Hoffmann,first_last,Finance Manager,Bakker Pte. Ltd.,bakker,natashah@bakker.sg,+85269812773,Hong Kong,Closed Lost,Customer,,Fatima Rahman,2025-09-17T00:00:00Z,,,Event,TechCrunch Disrupt — Booth,0.9,False,False,"Spoke with them at our TechCrunch Disrupt booth, no QR scan logged. Great fit, prioritizing."
100236109,Natasha,Hoffmann,Natasha Hoffmann,first_last,Finance Manager,Bakker Inc,bakker,natashah@bakker.sg,+85269812773,Hong Kong,Closed Lost,Customer,,Fatima Rahman,2025-09-17T00:00:00Z,2025-09-17T00:00:00Z,,Event,TechCrunch Disrupt — Booth,0.9,False,False,"Spoke with them at our TechCrunch Disrupt booth, no QR scan logged. Great fit, prioritizing."
100236110,Ismail,Park,Ismail Park,first_last,,Rao Ventures Pte Ltd,rao,ismail.p@raoventures.co,+351964094170,Portugal,Qualified,Other,,Priya Nair,2025-09-02T00:00:00Z,,,Website,Book a Demo page,0.9,False,False,"Filled out the form on the book-a-demo page. Connected, sending proposal."
100236111,Arjun,Martinez,Arjun Martinez,first_last,,Asante Retail Holdings,asante,a.martinez@asanteretail.biz,+14175550180,United States,Closed Won,Customer,,Hana Kobayashi,2025-10-18T00:00:00Z,2026-05-21T00:00:00Z,,Website,Case study page,0.9,False,False,"Filled out the form on the case study page. Great fit, prioritizing."
100236112,Thanh,Pham,Thanh Pham,first_last,,Lindqvist AB Freight,lindqvist,thanhp@lindqvistab.co,+66999814099,Thailand,Contacted,Other,,Marcus Wong,2026-05-08T00:00:00Z,2026-06-01T00:00:00Z,,Organic Search,Google organic → Product tour page,0.75,False,False,"Found us through organic google search then landed on the product tour page. Connected, sending proposal."
100236113,Bashir,Bruno,Bashir Bruno,first_last,Marketing Director,Orchid Solutions,orchid,bashir.b@orchid.net,+351916905275,Portugal,Qualified,Marketing Qualified Lead,,Priya Nair,2026-04-29T00:00:00Z,2026-06-09T00:00:00Z,,Organic Search,Google organic → Homepage,0.75,False,False,Found us through organic google search then landed on the homepage.
100236114,Fatima,Ferrari,Fatima Ferrari,first_last,,Ang Analytics Pte Ltd,ang,fatima.ferrari@anganalytics.biz,+60145461052,Malaysia,Opportunity,Other,,Marcus Wong,2026-01-21T00:00:00Z,,,Website,Book a Demo page,0.9,False,False,Filled out the form on the book-a-demo page.
100236115,Tiago,Greco,Tiago Greco,first_last,Finance Manager,Ng Freight Solutions,ng,tiago.g@ngfreight.net,+84913848604,Vietnam,Contacted,Other,Other Campaigns,Noah Bennett,2026-05-18T00:00:00Z,,,Manual/Sales,Walk-in,0.9,False,False,Other - walked into our office without an appointment. Qualifying now.
100236116,Seo-yeon,Camara,Seo-yeon Camara,first_last,Marketing Director,Johnson Labs,johnson,seo-yeon.camara@johnson.biz,+8801452138712,Bangladesh,Connected,,,Marcus Wong,2025-12-14T00:00:00Z,2026-02-13T00:00:00Z,,Website,Product tour page,0.9,False,False,"Filled out the form on the product tour page. Great fit, prioritizing."
100236117,Valentina,Camara,Valentina Camara,first_last,VP Sales,Yap Ventures Partners,yap,valentina.camara@yapventures.io,+2348083689349,Nigeria,Qualified,Sales Qualified Lead,,Hana Kobayashi,2026-04-19T00:00:00Z,2026-05-12T00:00:00Z,,Website,Case study page,0.9,False,False,"Filled out the form on the case study page. Left voicemail, will retry."
100236118,Arjun,Sy,Arjun Sy,first_last,,Weber Analytics Trading Co,weber,arjun.sy@weberanalytics.biz,+918250174343,India,New,Customer,Organic Search,Marcus Wong,2026-06-19T00:00:00Z,,,Organic Search,Google organic → Blog — lead scoring,0.75,False,False,Found us through organic google search then landed on the blog post on lead scoring.
100236119,Luca,Ba,Luca Ba,first_last,,Wong Legal Holdings,wong,lucab@wonglegal.net,+923603880053,Pakistan,New,Marketing Qualified Lead,Organic Search,Elena Popescu,2026-01-20T00:00:00Z,2026-05-25T00:00:00Z,,Organic Search,Google organic → Book a Demo page,0.75,False,False,"Found us through organic google search then landed on the book-a-demo page. Great fit, prioritizing."
100236120,Mia,Osei,Mia Osei,first_last,,BluePeak Digital,bluepeak,mia.o@bluepeak.com.au,+393971085002,Italy,Opportunity,Other,,Diego Alvarez,2026-04-13T00:00:00Z,2026-04-20T00:00:00Z,,Organic Search,Google organic → Product tour page,0.75,False,False,Googled us and ended up on the product tour page before booking a demo. Qualifying now.
100236121,Benjamin,Pham,Benjamin Pham,first_last,Finance Manager,Yang Freight Solutions,yang,benjamin.pham@yangfreight.co,+919948870218,India,Contacted,Lead,,Elena Popescu,2026-01-18T00:00:00Z,2026-03-07T00:00:00Z,,Website,Book a Demo page — Google Ads,0.85,False,False,Booked a demo via the book-a-demo page after clicking a google ad. Not interested for now.
100236122,Mei Ling,Almeida,Mei Ling Almeida,first_last,Founder,Yap Ventures Holdings,yap,meiling.a@yapventures.com,+491575573235,Germany,Connected,,,Marcus Wong,2025-10-01T00:00:00Z,2025-11-04T00:00:00Z,,Event,Web Summit 2026 — Booth QR Code,0.9,False,False,Scanned the QR code at our Web Summit 2026 booth. Qualifying now.
100236123,Sara,Becker,Sara Becker,first_last,Finance Manager,Yoon Retail Studio,yoon,sara.becker@yoonretail.biz,+61429880967,Australia,Closed Won,Other,Organic Search,Elena Popescu,2026-01-04T00:00:00Z,2026-03-27T00:00:00Z,,Organic Search,Google organic → Comparison vs HubSpot page,0.75,False,False,Found us through organic google search then landed on the comparison-vs-hubspot page.
100236124,Wei Chen,Diop,Wei Chen Diop,first_last,,Ivanova Holdings,ivanova,weichend@ivanova.co,+306931033914,Greece,New,,Paid Search,Fatima Rahman,2026-02-22T00:00:00Z,2026-06-03T00:00:00Z,,Website,Book a Demo page — Google Ads,0.85,False,False,Booked a demo via the book-a-demo page after clicking a google ad.
100236125,Xiu Ying,Zhao,Xiu Ying Zhao,first_last,Head of Growth,Ng Freight Pte. Ltd.,ng,xiuying.zhao@ngfreight.biz,+306919155093,Greece,Opportunity,Customer,Offline Sources,Marcus Wong,2025-09-27T00:00:00Z,2026-03-29T00:00:00Z,,Event,SaaStr Annual — Booth QR Code,0.9,False,False,Scanned the QR code at our SaaStr Annual booth.
100236126,Ana,Cruz,Ana Cruz,first_last,Finance Manager,Rossi SRL Holdings,rossi,anac@rossisrl.sg,+66854202996,Thailand,Contacted,Marketing Qualified Lead,Other Campaigns,Fatima Rahman,2026-04-11T00:00:00Z,2026-04-12T00:00:00Z,,Event,Retail Asia Expo — Booth,0.9,False,False,"Met at the booth during Retail Asia Expo, said they'd follow up over email. Very interested, wants pricing call."
100236127,Ravi,Ang,Ravi Ang,first_last,Marketing Director,Saigon Labs,saigon,ravi.ang@saigon.net,+8613436215429,China,Opportunity,Lead,,Diego Alvarez,2025-10-27T00:00:00Z,,,Event,London Tech Week — Booth QR Code,0.9,False,False,"Scanned the QR code at our London Tech Week booth. Very interested, wants pricing call."
100236128,R.,Ang,R. Ang,full_name,Marketing Director,Saigon Analytics,saigon,ravi.ang@saigon.net,+8613436215429,China,Opportunity,Lead,,Diego Alvarez,2025-10-27T00:00:00Z,2026-05-07T00:00:00Z,,Event,London Tech Week — Booth QR Code,0.9,False,True,"Scanned the QR code at our London Tech Week booth. Very interested, wants pricing call. possible duplicate — verify before contacting."
100236129,Adaeze,Sow,Adaeze Sow,first_last,,Han Imports Partners,han,a.sow@hanimports.com,+212633862541,Morocco,Closed Lost,Opportunity,,Hana Kobayashi,2026-02-15T00:00:00Z,2026-06-16T00:00:00Z,,Event,APAC Logistics Summit — Booth QR Code,0.9,False,False,Scanned the QR code at our APAC Logistics Summit booth. Qualifying now.
100236130,A.,Sow,A. Sow,full_name,,Han Imports Holdings,han,a.sow@hanimports.com,+212633862541,Morocco,Closed Lost,Opportunity,,Hana Kobayashi,2026-02-15T00:00:00Z,2026-06-16T00:00:00Z,,Event,APAC Logistics Summit — Booth QR Code,0.9,False,False,Scanned the QR code at our APAC Logistics Summit booth. Qualifying now.
100236131,Sarah,Yang,Sarah Yang,first_last,Operations Lead,Johnson Trading,johnson,sarah.yang@johnson.sg,+447780110514,United Kingdom,Contacted,Sales Qualified Lead,,Fatima Rahman,2026-01-08T00:00:00Z,2026-05-25T00:00:00Z,37,LinkedIn,LinkedIn post engagement,0.9,False,False,Connected on LinkedIn after commenting on our post. Not interested for now.
100236132,Musa,Schmidt,Musa Schmidt,first_last,Finance Manager,Rossi SRL Group,rossi,musa.s@rossisrl.com,+2348031761650,Nigeria,Qualified,Other,,Grace Osei,2025-12-01T00:00:00Z,2026-05-26T00:00:00Z,,Event,SaaStr Annual — Booth QR Code,0.9,False,False,"Met her at the SaaStr Annual booth, scanned our QR code."
100236133,Elena,Nkrumah,Elena Nkrumah,first_last,,Malik Trading Co,malik,elenan@malik.co,+6286597134397,Indonesia,Opportunity,Marketing Qualified Lead,Referrals,Hana Kobayashi,2026-04-11T00:00:00Z,2026-05-10T00:00:00Z,,Referral,Referred by Seo-yeon Ong,0.75,False,False,"Referred by Seo-yeon Ong, warm intro. Great fit, prioritizing."
100236134,Elin,Koch,Elin Koch,first_last,,Ang Analytics Solutions,ang,elin.koch@anganalytics.biz,+491554896493,Germany,Connected,Opportunity,Paid Search,Fatima Rahman,2025-10-11T00:00:00Z,2026-03-14T00:00:00Z,,Website,Book a Demo page — Google Ads,0.85,False,False,Booked a demo via the book-a-demo page after clicking a google ad.
100236135,Mei Ling,Larsen,Mei Ling Larsen,first_last,,Lindqvist AB Retail Group,lindqvist,meiling.l@lindqvistab.com,+233251065874,Ghana,Opportunity,Sales Qualified Lead,,Elena Popescu,2026-03-24T00:00:00Z,2026-05-07T00:00:00Z,,Other,,0.3,True,False,"Saw our post about replacing hubspot and commented. Very interested, wants pricing call."
100236136,Yasmin,Gupta,Yasmin Gupta,first_last,,Verma Consulting Co,verma,yasming@vermaconsulting.co,+393463004095,Italy,Closed Lost,Lead,Referrals,Grace Osei,2025-10-05T00:00:00Z,2025-11-23T00:00:00Z,,Referral,Referred by Ethan Diallo,0.9,False,False,"Referred by Ethan Diallo, warm intro."
100236137,Siti,Danso,Siti Danso,first_last,,Singh Logistics & Co,singh,siti.d@singhlogistics.com,+447954249277,United Kingdom,Contacted,Marketing Qualified Lead,,Diego Alvarez,2025-11-08T00:00:00Z,,,Other,,0.3,True,False,Saw our post about replacing hubspot and commented.
100236138,Siti,Danso,Siti Danso,full_name,,Singh Logistics & Partners,singh,s.danso@singhlogistics.com,+447954249277,United Kingdom,Contacted,Marketing Qualified Lead,,Diego Alvarez,2025-11-08T00:00:00Z,2026-05-06T00:00:00Z,,Other,,0.3,True,False,Saw our post about replacing hubspot and commented.
100236139,Zainab,Liu,Zainab Liu,first_last,Finance Manager,Rao Ventures Solutions,rao,z.liu@raoventures.net,+6282160104372,Indonesia,Contacted,Lead,Other Campaigns,Priya Nair,2026-06-01T00:00:00Z,2026-06-06T00:00:00Z,,Manual/Sales,Walk-in,0.9,False,False,"Other - walked into our office without an appointment. Very interested, wants pricing call."
100236140,Ismail,Iyer,Ismail Iyer,first_last,Head of Growth,Yap Ventures Consulting,yap,ismail.iyer@yapventures.biz,+639152322109,Philippines,Opportunity,Marketing Qualified Lead,Referrals,Diego Alvarez,2025-10-09T00:00:00Z,2025-10-15T00:00:00Z,,Referral,Referred by Nils Zhang,0.9,False,False,"Referred by Nils Zhang, warm intro. Great fit, prioritizing."
100236141,Luca,Rahman,Luca Rahman,first_last,Head of Growth,Osei Inc.,osei,lucar@osei.com,+85277809119,Hong Kong,Connected,Marketing Qualified Lead,Offline Sources,Fatima Rahman,2026-02-05T00:00:00Z,,,Event,Retail Asia Expo — Booth QR Code,0.9,False,False,"Met her at the Retail Asia Expo booth, scanned our QR code."
100236142,Sven,Mehta,Sven Mehta,first_last,Marketing Director,Patel Fintech Analytics,patel,s.mehta@patelfintech.sg,+821048016854,South Korea,Qualified,,Paid Search,Hana Kobayashi,2025-11-06T00:00:00Z,2026-03-11T00:00:00Z,,Website,Book a Demo page — Google Ads,0.85,False,False,"Booked a demo via the book-a-demo page after clicking a google ad. Great fit, prioritizing."
100236143,Bashir,Ho,Bashir Ho,first_last,Founder,Osei Solutions,osei,bashir.ho@osei.sg,+821044919798,South Korea,New,Customer,,Elena Popescu,2025-12-24T00:00:00Z,2026-06-06T00:00:00Z,,Referral,Referred by Wei Chen,0.9,False,False,"Referred by Wei Chen Cruz, warm intro. Great fit, prioritizing."
100236144,Sven,Han,Sven Han,first_last,VP Sales,Tanaka Partners,tanaka,sven.han@tanaka.com.au,+2348078976106,Nigeria,Closed Lost,Other,,Priya Nair,2026-01-05T00:00:00Z,2026-02-01T00:00:00Z,,Website,Book a Demo page — Google Ads,0.85,False,False,Booked a demo via the book-a-demo page after clicking a google ad. No response yet.
100236145,Rohan,Joshi,Rohan Joshi,first_last,Founder,Kang Holdings Robotics,kang,r.joshi@kangholdings.io,+971517906180,UAE,Connected,Lead,Direct Traffic,Noah Bennett,2025-12-26T00:00:00Z,,,Website,Pricing page,0.9,False,False,Filled out the form on the pricing page.
100236146,Jun Wei,Agyemang,Jun Wei Agyemang,first_last,,Verma Consulting Freight,verma,junweia@vermaconsulting.co,+31615908375,Netherlands,Closed Won,Customer,Direct Traffic,Elena Popescu,2026-03-31T00:00:00Z,,,Website,Homepage,0.9,False,False,Filled out the form on the homepage.
100236147,Michael,Bakker,Michael Bakker,first_last,Founder,Mensah Trading Group,mensah,michael.bakker@mensahtrading.sg,+971557849057,UAE,Opportunity,Other,,Priya Nair,2026-01-22T00:00:00Z,2026-01-22T00:00:00Z,,Website,Comparison vs HubSpot page,0.9,False,False,"Filled out the form on the comparison-vs-hubspot page. Very interested, wants pricing call."
100236148,Kenji,Becker,Kenji Becker,first_last,,Ng Freight Inc,ng,kenji.becker@ngfreight.net,+818685888638,Japan,Closed Won,Lead,,Fatima Rahman,2026-01-03T00:00:00Z,2026-05-01T00:00:00Z,,Website,Comparison vs HubSpot page,0.9,False,False,"Filled out the form on the comparison-vs-hubspot page. Left voicemail, will retry."
100236149,Arjun,Kang,Arjun Kang,first_last,Head of Growth,Wang Manufacturing Pte. Ltd.,wang,a.kang@wangmanufacturing.co,+5511926568602,Brazil,Qualified,Customer,,Elena Popescu,2026-05-15T00:00:00Z,2026-05-24T00:00:00Z,,Organic Search,Google organic → Homepage,0.75,False,False,Googled us and ended up on the homepage before booking a demo.
100236150,Daniel,Wu,Daniel Wu,first_last,Head of Growth,Ferrari Consulting Freight Solutions,ferrari,danielw@ferrariconsulting.sg,+8613830433720,China,Qualified,Sales Qualified Lead,Offline Sources,Elena Popescu,2025-10-12T00:00:00Z,2026-02-10T00:00:00Z,,Event,SaaStr Annual — Booth QR Code,0.9,False,False,Scanned the QR code at our SaaStr Annual booth. Not interested for now.
100236151,Joon,Jung,Joon Jung,first_last,Operations Lead,Williams Holdings,williams,j.jung@williams.com,+61425174941,Australia,Connected,Sales Qualified Lead,Direct Traffic,Marcus Wong,2025-10-05T00:00:00Z,,33,Website,Pricing page,0.9,False,False,Filled out the form on the pricing page.
100236152,Sanjay,Wu,Sanjay Wu,first_last,Marketing Director,Saigon Trading Co,saigon,sanjay.w@saigon.net,+447887955954,United Kingdom,Contacted,Customer,,Diego Alvarez,2025-11-09T00:00:00Z,,,Event,APAC Logistics Summit — Booth QR Code,0.9,False,False,"Met her at the APAC Logistics Summit booth, scanned our QR code. No response yet."
100236153,Ji-woo,Jung,Ji-woo Jung,first_last,,Kilat Retail Robotics,kilat,j.jung@kilatretail.co,+40787230837,Romania,Closed Lost,Customer,Direct Traffic,Grace Osei,2025-10-01T00:00:00Z,,,Website,Comparison vs HubSpot page,0.9,False,False,Filled out the form on the comparison-vs-hubspot page.
100236154,So-young,Lim,So-young Lim,first_last,Head of Growth,Sim Robotics Pte Ltd,sim,so-young.lim@simrobotics.co,+2348061469144,Nigeria,Closed Lost,Other,Direct Traffic,Rohan Mehta,2025-10-16T00:00:00Z,2026-05-29T00:00:00Z,,Website,Product tour page,0.9,False,False,Filled out the form on the product tour page. No response yet.
100236155,Anjali,Kone,Anjali Kone,first_last,VP Sales,Bennett Labs,bennett,anjali.kone@bennett.io,+46705374616,Sweden,New,Opportunity,Other Campaigns,Priya Nair,2026-03-17T00:00:00Z,,,Other,General info@ inbox,0.3,True,False,"Other - reached out via our general info@ inbox. Connected, sending proposal."
100236156,Ahmed,Rao,Ahmed Rao,first_last,,Li Consulting Trading,li,ahmed.rao@liconsulting.com,+821029871362,South Korea,Closed Won,Sales Qualified Lead,,Priya Nair,2026-04-28T00:00:00Z,,,Organic Search,Google organic → Case study page,0.75,False,False,Found us through organic google search then landed on the case study page.
100236157,Sigrid,Nguyen,Sigrid Nguyen,first_last,,BluePeak Inc.,bluepeak,s.nguyen@bluepeak.sg,+351969132706,Portugal,Closed Lost,Opportunity,Paid Search,Diego Alvarez,2025-12-13T00:00:00Z,2025-12-13T00:00:00Z,,Website,Book a Demo page — Google Ads,0.85,False,False,"Booked a demo via the book-a-demo page after clicking a google ad. Left voicemail, will retry."
100236158,Catarina,Zhao,Catarina Zhao,first_last,VP Sales,Hansen Digital Inc.,hansen,catarinaz@hansendigital.sg,+919246841823,India,Qualified,Lead,,Hana Kobayashi,2026-01-14T00:00:00Z,2026-03-22T00:00:00Z,,Organic Search,Google organic → Comparison vs HubSpot page,0.75,False,False,Googled us and ended up on the comparison-vs-hubspot page before booking a demo. Not interested for now.
100236159,Lars,Tanaka,Lars Tanaka,first_last,Founder,Chua Textiles Inc.,chua,l.tanaka@chuatextiles.net,+491781397090,Germany,Contacted,Marketing Qualified Lead,,Elena Popescu,2025-12-16T00:00:00Z,,,Website,Product tour page,0.9,False,False,Filled out the form on the product tour page.
100236160,Leila,Bennett,Leila Bennett,first_last,Head of Growth,Lumen Partners,lumen,l.bennett@lumen.sg,+5511923013011,Brazil,New,Sales Qualified Lead,Offline Sources,Priya Nair,2025-11-09T00:00:00Z,2026-06-02T00:00:00Z,,Event,Mobile World Congress — Booth QR Code,0.9,False,False,"Met her at the Mobile World Congress booth, scanned our QR code. Not interested for now."
100236161,Farah,Jensen,Farah Jensen,first_last,Operations Lead,Goh Digital & Co,goh,f.jensen@gohdigital.io,+61450815371,Australia,Contacted,,Offline Sources,Fatima Rahman,2026-04-22T00:00:00Z,,,Event,Dubai FinTech Week — Booth QR Code,0.9,False,False,He scanned our QR code at the Dubai FinTech Week booth. Qualifying now.
100236162,Jia Hui,Pham,Jia Hui Pham,first_last,,Bennett Retail Group,bennett,jiahuip@bennett.biz,+525573137269,Mexico,Closed Won,,,Grace Osei,2025-12-20T00:00:00Z,,,Website,Book a Demo page — Google Ads,0.85,False,False,Booked a demo via the book-a-demo page after clicking a google ad. Not interested for now.
100236163,Tariq,Sato,Tariq Sato,first_last,Finance Manager,Goh Digital Co.,goh,t.sato@gohdigital.net,+212667392326,Morocco,Opportunity,Opportunity,Social Media,Fatima Rahman,2026-01-19T00:00:00Z,2026-04-08T00:00:00Z,,LinkedIn,LinkedIn post engagement,0.9,False,False,Connected on LinkedIn after commenting on our post. Not interested for now.
100236164,T.,Sato,T. Sato,full_name,Finance Manager,Goh Digital Pte Ltd,goh,tariqsato@gohdigital.net,+212667392326,Morocco,Opportunity,Opportunity,Social Media,Fatima Rahman,2026-01-19T00:00:00Z,,,LinkedIn,LinkedIn post engagement,0.9,False,False,Connected on LinkedIn after commenting on our post. Not interested for now.
100236165,Oluwaseun,Hossain,Oluwaseun Hossain,first_last,VP Sales,Patel Fintech Co.,patel,oluwaseunh@patelfintech.com,+525586116747,Mexico,New,Opportunity,,Grace Osei,2026-04-17T00:00:00Z,2026-04-20T00:00:00Z,75,Event,SaaStr Annual — Booth,0.9,False,False,"Met at the booth during SaaStr Annual, said they'd follow up over email. Great fit, prioritizing."
100236166,Mia,Aina,Mia Aina,first_last,Head of Growth,Nimbus Ventures,nimbus,mia.a@nimbus.biz,+2348066288939,Nigeria,Connected,Sales Qualified Lead,,Rohan Mehta,2026-02-21T00:00:00Z,2026-02-21T00:00:00Z,,Referral,Referred by Priscilla Mehta,0.9,False,False,"Referred by Priscilla Mehta, warm intro."
100236167,Wei Ming,Malik,Wei Ming Malik,first_last,,Yap Ventures Inc,yap,w.malik@yapventures.co,+639499124702,Philippines,Closed Lost,Customer,Other Campaigns,Diego Alvarez,2026-02-13T00:00:00Z,2026-05-11T00:00:00Z,,Other,General info@ inbox,0.3,True,False,"Other - reached out via our general info@ inbox. Very interested, wants pricing call."
100236168,Kofi,Romano,Kofi Romano,first_last,Operations Lead,Bennett Pte. Ltd.,bennett,kofi.r@bennett.sg,+5511968969731,Brazil,Connected,Opportunity,,Diego Alvarez,2025-10-09T00:00:00Z,2025-10-31T00:00:00Z,,Event,APAC Logistics Summit — Booth QR Code,0.9,False,False,Scanned the QR code at our APAC Logistics Summit booth.
100236169,Linh,Ng,Linh Ng,first_last,,Malik Co.,malik,linh.ng@malik.net,+79444649695,Russia,Opportunity,Customer,Referrals,Wei Chen,2026-01-11T00:00:00Z,2026-05-03T00:00:00Z,,Referral,Referred by Rin Russo,0.9,False,False,"Referred by Rin Russo, warm intro. Connected, sending proposal."
100236170,Elena,Dubois,Elena Dubois,first_last,,Diallo Imports Robotics,diallo,e.dubois@dialloimports.net,+8801780318463,Bangladesh,Connected,,,Hana Kobayashi,2025-10-31T00:00:00Z,2025-10-31T00:00:00Z,,Website,Book a Demo page — Google Ads,0.85,False,False,Booked a demo via the book-a-demo page after clicking a google ad.
100236171,Adam,Johnson,Adam Johnson,first_last,,Huang Analytics Co,huang,adam.j@huanganalytics.co,+48505107694,Poland,Opportunity,,Social Media,Priya Nair,2026-02-18T00:00:00Z,2026-06-01T00:00:00Z,,LinkedIn,LinkedIn DM,0.9,False,False,"Linkedin dm inbound asking about pricing. Left voicemail, will retry."
100236172,Min-jun,Ferrari,Min-jun Ferrari,first_last,,Singh Logistics Partners,singh,min-jun.f@singhlogistics.co,+971508549164,UAE,Closed Won,Lead,,Noah Bennett,2025-09-23T00:00:00Z,2025-09-23T00:00:00Z,,Organic Search,Google organic → Contact page,0.75,False,False,"Found us through organic google search then landed on the contact page. Left voicemail, will retry."
100236173,Divya,Kim,Divya Kim,first_last,Finance Manager,Williams Digital,williams,divya.k@williams.com,+447957836660,United Kingdom,Qualified,Opportunity,,Wei Chen,2025-10-11T00:00:00Z,2026-05-27T00:00:00Z,,LinkedIn,LinkedIn DM,0.9,False,False,Linkedin dm inbound asking about pricing.
100236174,Kai,Jensen,Kai Jensen,first_last,,Sim Robotics & Co,sim,kai.jensen@simrobotics.biz,+33623877474,France,Qualified,Marketing Qualified Lead,Referrals,Noah Bennett,2025-12-16T00:00:00Z,,,Referral,Referred by Daniel Goh,0.9,False,False,"Referred by Daniel Goh, warm intro. Left voicemail, will retry."
100236175,David,Greco,David Greco,first_last,Operations Lead,Huang Analytics Inc,huang,d.greco@huanganalytics.io,+6598355474,Singapore,Opportunity,Sales Qualified Lead,,Grace Osei,2026-04-03T00:00:00Z,,,Event,TechCrunch Disrupt — Booth QR Code,0.9,False,False,"Met her at the TechCrunch Disrupt booth, scanned our QR code. Not interested for now."
100236176,David,Greco,David Greco,first_last,Operations Lead,Huang Analytics Robotics,huang,davidg@huanganalytics.io,+6598355474,Singapore,Opportunity,Sales Qualified Lead,,Grace Osei,2026-04-03T00:00:00Z,2026-06-03T00:00:00Z,,Event,TechCrunch Disrupt — Booth QR Code,0.9,False,False,"Met her at the TechCrunch Disrupt booth, scanned our QR code. Not interested for now."
100236177,Kwame,Fischer,Kwame Fischer,first_last,Finance Manager,Muller GmbH Solutions,muller,kwame.fischer@mullergmbh.sg,+34626108612,Spain,Closed Lost,Other,Organic Search,Grace Osei,2025-11-11T00:00:00Z,2026-01-29T00:00:00Z,93,Organic Search,Google organic → Case study page,0.75,False,False,Found us through organic google search then landed on the case study page. Not interested for now.
100236178,Anjali,Johnson,Anjali Johnson,first_last,Operations Lead,Saigon Trading Co,saigon,anjalij@saigon.com,+639637213788,Philippines,Opportunity,,Referrals,Rohan Mehta,2026-04-28T00:00:00Z,,,Referral,Referred by Erik Sharma,0.9,False,False,"Referred by Erik Sharma, warm intro."
100236179,Hana,Chen,Hana Chen,first_last,VP Sales,Zhang Ltd,zhang,h.chen@zhang.com.au,+447823960668,United Kingdom,New,Lead,,Marcus Wong,2025-10-28T00:00:00Z,2026-03-07T00:00:00Z,,Organic Search,Google organic → Pricing page,0.75,False,False,"Googled us and ended up on the pricing page before booking a demo. Connected, sending proposal."
100236180,Hana,Chen,Hana Chen,full_name,VP Sales,Zhang & Co,zhang,hanachen@zhang.com.au,+447823960668,United Kingdom,New,Lead,,Marcus Wong,2025-10-28T00:00:00Z,2026-03-07T00:00:00Z,,Organic Search,Google organic → Pricing page,0.75,False,True,"Googled us and ended up on the pricing page before booking a demo. Connected, sending proposal. possible duplicate — verify before contacting."
100236181,Rachel,Li,Rachel Li,first_last,Founder,Zahra Trading,zahra,rachel.l@zahra.sg,+447804947129,United Kingdom,Closed Won,Customer,,Elena Popescu,2026-03-01T00:00:00Z,2026-06-04T00:00:00Z,,Other,,0.3,True,False,Saw our post about replacing hubspot and commented.
100236182,Erik,Silva,Erik Silva,first_last,Marketing Director,Bennett Trading Co,bennett,eriks@bennett.com.au,+233268203754,Ghana,Opportunity,Marketing Qualified Lead,Social Media,Noah Bennett,2026-06-02T00:00:00Z,,,LinkedIn,LinkedIn DM,0.9,False,False,Linkedin dm inbound asking about pricing. Not interested for now.
100236183,Antoine,Silva,Antoine Silva,first_last,,Bennett Trading Co,bennett,antoines@bennett.com.au,+6586528441,Singapore,Contacted,Lead,Paid Search,Wei Chen,2025-11-03T00:00:00Z,2026-05-27T00:00:00Z,,Website,Book a Demo page — Google Ads,0.85,False,False,Booked a demo via the book-a-demo page after clicking a google ad. Qualifying now.
100236184,Layla,Nair,Layla Nair,first_last,,GreenLeaf Trading,greenleaf,layla.n@greenleaf.co,+306947474863,Greece,Opportunity,Marketing Qualified Lead,Offline Sources,Grace Osei,2025-09-19T00:00:00Z,2026-02-13T00:00:00Z,,Event,Web Summit 2026 — Booth,0.9,False,False,"Spoke with them at our Web Summit 2026 booth, no QR scan logged. No response yet."
100236185,Divya,Ho,Divya Ho,first_last,,Chen Digital Co,chen,d.ho@chendigital.com,+31696705874,Netherlands,Contacted,,,Grace Osei,2025-09-26T00:00:00Z,2026-04-02T00:00:00Z,,Event,Mobile World Congress — Booth QR Code,0.9,False,False,"Met her at the Mobile World Congress booth, scanned our QR code. Left voicemail, will retry."
100236186,Liam,Lau,Liam Lau,first_last,Founder,Orchid Studio,orchid,liam.l@orchid.com,+233217853849,Ghana,Contacted,Other,,Grace Osei,2026-01-02T00:00:00Z,2026-02-04T00:00:00Z,,Website,Product tour page,0.9,False,False,"Filled out the form on the product tour page. Left voicemail, will retry."
100236187,Hassan,Verma,Hassan Verma,first_last,Founder,Ng Freight Inc,ng,hassan.v@ngfreight.io,+306972086563,Greece,Closed Lost,Marketing Qualified Lead,,Elena Popescu,2025-12-21T00:00:00Z,,,Website,Homepage,0.9,False,False,Filled out the form on the homepage.
100236188,Mia,Chen,Mia Chen,first_last,Marketing Director,Park Biotech Trading Co,park,mia.c@parkbiotech.io,+5491164159261,Argentina,Contacted,Sales Qualified Lead,Direct Traffic,Hana Kobayashi,2026-05-01T00:00:00Z,2026-06-15T00:00:00Z,,Website,Book a Demo page,0.9,False,False,Filled out the form on the book-a-demo page. Qualifying now.
100236189,Tariq,Mensah,Tariq Mensah,first_last,Head of Growth,Cruz & Partners Ltd,cruz,t.mensah@cruzpartners.co,+66679044063,Thailand,Contacted,Lead,Offline Sources,Noah Bennett,2026-02-14T00:00:00Z,2026-02-19T00:00:00Z,,Event,TechCrunch Disrupt — Booth QR Code,0.9,False,False,"Scanned the QR code at our TechCrunch Disrupt booth. Very interested, wants pricing call."
100236190,Sarah,Ng,Sarah Ng,first_last,Finance Manager,Yang Freight Solutions,yang,sarah.ng@yangfreight.com,+212690293166,Morocco,Qualified,Other,,Rohan Mehta,2026-01-01T00:00:00Z,2026-04-29T00:00:00Z,,Other,,0.3,True,False,"Saw our post about replacing hubspot and commented. Great fit, prioritizing."
100236191,Sarah,Ng,Sarah Ng,full_name,Finance Manager,Yang Freight Pte. Ltd.,yang,sarahng@yangfreight.com,+212690293166,Morocco,Qualified,Other,,Rohan Mehta,2026-01-01T00:00:00Z,2026-04-29T00:00:00Z,,Other,,0.3,True,True,"Saw our post about replacing hubspot and commented. Great fit, prioritizing. possible duplicate — verify before contacting."
100236192,Luca,Teo,Luca Teo,first_last,Head of Growth,Kim Trading Group,kim,luca.teo@kimtrading.sg,+447848387538,United Kingdom,Closed Won,Opportunity,,Fatima Rahman,2025-12-22T00:00:00Z,2026-03-05T00:00:00Z,,Website,Case study page,0.9,False,False,"Filled out the form on the case study page. Great fit, prioritizing."
100236193,Michael,Costa,Michael Costa,first_last,,Popescu Analytics,popescu,michael.c@popescu.net,+40792790495,Romania,Connected,Other,Organic Search,Elena Popescu,2026-03-04T00:00:00Z,2026-04-25T00:00:00Z,,Organic Search,Google organic → Contact page,0.75,False,False,"Found us through organic google search then landed on the contact page. Left voicemail, will retry."
100236194,Michael,Costa,Michael Costa,first_last,,Popescu Co,popescu,m.costa@popescu.net,+40792790495,Romania,Connected,Other,Organic Search,Elena Popescu,2026-03-04T00:00:00Z,2026-04-25T00:00:00Z,,Organic Search,Google organic → Contact page,0.75,False,False,"Found us through organic google search then landed on the contact page. Left voicemail, will retry."
100236195,Oluwaseun,Zhang,Oluwaseun Zhang,first_last,VP Sales,Malik Group,malik,oluwaseun.z@malik.io,+46703191733,Sweden,Opportunity,,Direct Traffic,Hana Kobayashi,2025-09-24T00:00:00Z,2026-01-14T00:00:00Z,,Website,Homepage,0.9,False,False,Filled out the form on the homepage. Qualifying now.
100236196,Bashir,Lim,Bashir Lim,first_last,,Delta Freight,delta,bashirl@delta.biz,+40737670366,Romania,New,Opportunity,Other Campaigns,Noah Bennett,2026-02-16T00:00:00Z,,,Other,General info@ inbox,0.3,True,False,"Other - reached out via our general info@ inbox. Great fit, prioritizing."
100236197,Priya,Kapoor,Priya Kapoor,first_last,,Martinez Trading Co,martinez,priya.k@martinez.sg,+46708048138,Sweden,Qualified,Other,Social Media,Priya Nair,2026-06-17T00:00:00Z,2026-06-17T00:00:00Z,,LinkedIn,from Original Source: Social Media,0.55,True,False,Saw our post about replacing hubspot and commented. No response yet.
100236198,Sarah,Jung,Sarah Jung,first_last,,Boateng Digital Robotics,boateng,sarahj@boatengdigital.io,+971525995014,UAE,Closed Lost,Sales Qualified Lead,,Noah Bennett,2026-06-04T00:00:00Z,2026-06-09T00:00:00Z,,LinkedIn,LinkedIn post engagement,0.9,False,False,Connected on LinkedIn after commenting on our post. Not interested for now.
100236199,S.,Jung,S. Jung,full_name,,Boateng Digital Group,boateng,sarahjung@boatengdigital.io,+971525995014,UAE,Closed Lost,Sales Qualified Lead,,Noah Bennett,2026-06-04T00:00:00Z,2026-06-09T00:00:00Z,,LinkedIn,LinkedIn post engagement,0.9,False,True,Connected on LinkedIn after commenting on our post. Not interested for now. possible duplicate — verify before contacting.
100236200,Kai,Sun,Kai Sun,first_last,VP Sales,Costa Trading Studio,costa,kai.sun@costatrading.co,+447884187435,United Kingdom,Opportunity,Opportunity,Organic Search,Elena Popescu,2026-02-13T00:00:00Z,,,Organic Search,Google organic → Comparison vs HubSpot page,0.75,False,False,"Googled us and ended up on the comparison-vs-hubspot page before booking a demo. Great fit, prioritizing."
100236201,Marco,Hoffmann,Marco Hoffmann,first_last,,Jung Studio Inc.,jung,m.hoffmann@jungstudio.biz,+2348087165058,Nigeria,Closed Lost,Customer,Other Campaigns,Rohan Mehta,2025-09-02T00:00:00Z,,,Manual/Sales,Cold outreach call,0.9,False,False,Manually added by sales after a phone call from a cold outreach list.
100236202,Lucas,Koh,Lucas Koh,first_last,VP Sales,Larsen AS & Co,larsen,lucas.k@larsenas.net,+61496168398,Australia,Closed Won,Lead,Social Media,Elena Popescu,2026-06-11T00:00:00Z,2026-06-13T00:00:00Z,,LinkedIn,LinkedIn post engagement,0.9,False,False,Connected on LinkedIn after commenting on our post.
100236203,Sven,Nielsen,Sven Nielsen,first_last,Head of Growth,Wang Manufacturing Trading,wang,sven.nielsen@wangmanufacturing.com.au,+6588062723,Singapore,Closed Lost,Customer,Direct Traffic,Marcus Wong,2026-04-26T00:00:00Z,2026-05-17T00:00:00Z,,Website,Blog — lead scoring,0.9,False,False,"Filled out the form on the blog post on lead scoring. Connected, sending proposal."
100236204,S.,Nielsen,S. Nielsen,full_name,Head of Growth,Wang Manufacturing Ventures,wang,svenn@wangmanufacturing.com.au,+6588062723,Singapore,Closed Lost,Customer,Direct Traffic,Marcus Wong,2026-04-26T00:00:00Z,,,Website,Blog — lead scoring,0.9,False,True,"Filled out the form on the blog post on lead scoring. Connected, sending proposal. possible duplicate — verify before contacting."
100236205,Grace,Huang,Grace Huang,first_last,Marketing Director,Zhang Studio,zhang,grace.huang@zhang.io,+5491143115637,Argentina,Closed Lost,Other,Offline Sources,Elena Popescu,2025-10-29T00:00:00Z,2025-12-20T00:00:00Z,,Event,APAC Logistics Summit — Booth,0.9,False,False,"Met at the booth during APAC Logistics Summit, said they'd follow up over email. No response yet."
100236206,Wei Chen,Camara,Wei Chen Camara,first_last,Operations Lead,Ho Bros Pte. Ltd.,ho,weichen.camara@hobros.io,+13145550112,United States,Qualified,Opportunity,Social Media,Elena Popescu,2026-02-25T00:00:00Z,,,LinkedIn,from Original Source: Social Media,0.55,True,False,Saw our post about replacing hubspot and commented.
100236207,Sigrid,Martins,Sigrid Martins,first_last,,Sayed Trading Inc.,sayed,sigrid.martins@sayedtrading.com.au,+923502608107,Pakistan,Connected,Marketing Qualified Lead,Social Media,Rohan Mehta,2026-03-23T00:00:00Z,,93,LinkedIn,LinkedIn post engagement,0.9,False,False,Connected on LinkedIn after commenting on our post.
100236208,David,Camara,David Camara,first_last,,Mensah Trading Ltd,mensah,davidc@mensahtrading.com.au,+6281766151450,Indonesia,Qualified,Sales Qualified Lead,,Grace Osei,2025-09-02T00:00:00Z,2026-05-16T00:00:00Z,,Organic Search,Google organic → Comparison vs HubSpot page,0.75,False,False,Googled us and ended up on the comparison-vs-hubspot page before booking a demo. Not interested for now.
100236209,Ingrid,Muller,Ingrid Muller,first_last,,Malik Group,malik,ingrid.muller@malik.net,+393996224805,Italy,Connected,Sales Qualified Lead,,Priya Nair,2025-10-14T00:00:00Z,,,LinkedIn,LinkedIn DM,0.9,False,False,"Linkedin dm inbound asking about pricing. Left voicemail, will retry."
100236210,Marcus,Ho,Marcus Ho,first_last,Founder,Asante Retail & Co,asante,marcus.h@asanteretail.com,+85286461508,Hong Kong,New,Customer,Organic Search,Elena Popescu,2025-09-21T00:00:00Z,,,Organic Search,Google organic → Contact page,0.75,False,False,Googled us and ended up on the contact page before booking a demo.
100236211,Marcus,Ho,Marcus Ho,full_name,Founder,Asante Retail & Labs,asante,marcush@asanteretail.com,+85286461508,Hong Kong,New,Customer,Organic Search,Elena Popescu,2025-09-21T00:00:00Z,,,Organic Search,Google organic → Contact page,0.75,False,False,Googled us and ended up on the contact page before booking a demo.
100236212,Hana,Patel,Hana Patel,first_last,Finance Manager,BluePeak Freight,bluepeak,hana.patel@bluepeak.com.au,+46707494879,Sweden,Closed Lost,Lead,Offline Sources,Fatima Rahman,2026-06-05T00:00:00Z,,,Event,Singapore FinTech Festival 2026 — Booth QR Code,0.9,False,False,"Met her at the Singapore FinTech Festival 2026 booth, scanned our QR code. Connected, sending proposal."
100236213,Femi,Nguyen,Femi Nguyen,first_last,,Delta Pte. Ltd.,delta,f.nguyen@delta.com.au,+8613779166020,China,Connected,Lead,Offline Sources,Hana Kobayashi,2026-04-27T00:00:00Z,,,Event,Web Summit 2026 — Booth QR Code,0.9,False,False,"He scanned our QR code at the Web Summit 2026 booth. Great fit, prioritizing."
100236214,Valentina,Nair,Valentina Nair,first_last,Marketing Director,Zhang Consulting,zhang,v.nair@zhang.biz,+5491153879587,Argentina,Opportunity,Customer,Social Media,Hana Kobayashi,2025-12-30T00:00:00Z,2026-05-07T00:00:00Z,,LinkedIn,LinkedIn DM,0.9,False,False,Linkedin dm inbound asking about pricing. Qualifying now.
100236215,Youssef,Rasmussen,Youssef Rasmussen,first_last,Marketing Director,Johnson Trading Co,johnson,youssefr@johnson.io,+48573646392,Poland,Connected,Marketing Qualified Lead,Organic Search,Hana Kobayashi,2026-01-06T00:00:00Z,2026-03-06T00:00:00Z,90,Organic Search,Google organic → Contact page,0.75,False,False,"Googled us and ended up on the contact page before booking a demo. Left voicemail, will retry."
100236216,Nadia,Kapoor,Nadia Kapoor,first_last,Operations Lead,Weber Analytics Trading,weber,n.kapoor@weberanalytics.biz,+84915207948,Vietnam,Contacted,Marketing Qualified Lead,Other Campaigns,Diego Alvarez,2025-10-01T00:00:00Z,2025-10-01T00:00:00Z,,Manual/Sales,Cold outreach call,0.9,False,False,Manually added by sales after a phone call from a cold outreach list. No response yet.
100236217,Farah,Sim,Farah Sim,first_last,,Fischer Trading Co.,fischer,farah.s@fischertrading.co,+639463825363,Philippines,Connected,Sales Qualified Lead,Other Campaigns,Marcus Wong,2026-02-04T00:00:00Z,2026-04-19T00:00:00Z,,Manual/Sales,Walk-in,0.9,False,False,Other - walked into our office without an appointment.
100236218,Miguel,Iyer,Miguel Iyer,first_last,,Koh & Sons Retail Group,koh,migueli@kohsons.net,+48560617212,Poland,Connected,Lead,,Wei Chen,2025-10-27T00:00:00Z,2025-10-27T00:00:00Z,,Website,Comparison vs HubSpot page,0.9,False,False,Filled out the form on the comparison-vs-hubspot page. Qualifying now.
100236219,Ava,Gomes,Ava Gomes,first_last,Marketing Director,Fischer Trading Consulting,fischer,ava.gomes@fischertrading.net,+351929741034,Portugal,New,Opportunity,,Grace Osei,2025-11-01T00:00:00Z,2026-04-16T00:00:00Z,,Event,London Tech Week — Booth QR Code,0.9,False,False,"Met her at the London Tech Week booth, scanned our QR code. Not interested for now."
100236220,Benjamin,Aina,Benjamin Aina,first_last,,Gupta Textiles Ltd,gupta,benjamina@guptatextiles.io,+40758344860,Romania,Qualified,Customer,,Noah Bennett,2025-11-26T00:00:00Z,2026-06-04T00:00:00Z,,Event,Money20/20 Asia — Booth QR Code,0.9,False,False,"Scanned the QR code at our Money20/20 Asia booth. Very interested, wants pricing call."
100236221,Sanjay,Malik,Sanjay Malik,first_last,Marketing Director,Fischer Trading Inc.,fischer,sanjay.malik@fischertrading.net,+525590451605,Mexico,Qualified,Sales Qualified Lead,Direct Traffic,Priya Nair,2026-04-06T00:00:00Z,,33,Website,Product tour page,0.9,False,False,Filled out the form on the product tour page. No response yet.
100236222,Sanjay,Malik,Sanjay Malik,first_last,Marketing Director,Fischer Trading Pte. Ltd.,fischer,s.malik@fischertrading.net,+525590451605,Mexico,Qualified,Sales Qualified Lead,Direct Traffic,Priya Nair,2026-04-06T00:00:00Z,2026-04-06T00:00:00Z,33,Website,Product tour page,0.9,False,True,Filled out the form on the product tour page. No response yet. possible duplicate — verify before contacting.
100236223,Zara,Reyes,Zara Reyes,first_last,,Kim Trading Ltd,kim,zarar@kimtrading.co,+918218714808,India,Closed Won,Opportunity,,Elena Popescu,2026-03-22T00:00:00Z,2026-06-09T00:00:00Z,,Referral,Referred by Ingrid Petersen,0.9,False,False,"Referred by Ingrid Petersen, warm intro."
100236224,Kai,Chen,Kai Chen,first_last,VP Sales,Huang Analytics Partners,huang,kai.chen@huanganalytics.sg,+34684477273,Spain,Opportunity,Other,,Grace Osei,2026-01-18T00:00:00Z,2026-04-10T00:00:00Z,,Referral,Referred by Freya Kang,0.9,False,False,"Referred by Freya Kang, warm intro. Qualifying now."
100236225,Ama,Bianchi,Ama Bianchi,first_last,Operations Lead,Kilat Retail Solutions,kilat,ama.bianchi@kilatretail.co,+639577004578,Philippines,Opportunity,Sales Qualified Lead,Organic Search,Rohan Mehta,2025-10-23T00:00:00Z,2026-05-08T00:00:00Z,,Organic Search,Google organic → Blog — lead scoring,0.75,False,False,Found us through organic google search then landed on the blog post on lead scoring. No response yet.
100236226,Farah,Bianchi,Farah Bianchi,first_last,Head of Growth,Kilat Retail Solutions,kilat,farahb@kilatretail.co,+2348069652341,Nigeria,Closed Won,Marketing Qualified Lead,Organic Search,Marcus Wong,2025-09-30T00:00:00Z,2025-09-30T00:00:00Z,,Organic Search,Google organic → Contact page,0.75,False,False,"Found us through organic google search then landed on the contact page. Very interested, wants pricing call."
100236227,Arjun,Rasmussen,Arjun Rasmussen,first_last,Operations Lead,Kowalski Studio,kowalski,a.rasmussen@kowalski.biz,+4526574053,Denmark,Contacted,,Direct Traffic,Diego Alvarez,2026-01-04T00:00:00Z,2026-04-30T00:00:00Z,,Website,Case study page,0.9,False,False,Filled out the form on the case study page. Not interested for now.
100236228,Ahmed,Chen,Ahmed Chen,first_last,,Bakker Co,bakker,ahmedc@bakker.io,+31678698503,Netherlands,Closed Won,Customer,,Priya Nair,2025-10-13T00:00:00Z,,,Organic Search,Google organic → Homepage,0.75,False,False,Found us through organic google search then landed on the homepage. Qualifying now.
100236229,Hana,Sato,Hana Sato,first_last,Operations Lead,Reyes & Co,reyes,hanas@reyes.biz,+491518342660,Germany,New,Lead,,Rohan Mehta,2026-01-13T00:00:00Z,2026-04-10T00:00:00Z,,Referral,Referred by Daniel Kowalski,0.9,False,False,"Referred by Daniel Kowalski, warm intro."
100236230,Chiara,Fall,Chiara Fall,first_last,,Huang Analytics Holdings,huang,chiaraf@huanganalytics.io,+306924193143,Greece,Closed Lost,Opportunity,Paid Search,Wei Chen,2025-09-12T00:00:00Z,2026-05-31T00:00:00Z,,Website,Book a Demo page — Google Ads,0.85,False,False,"Booked a demo via the book-a-demo page after clicking a google ad. Very interested, wants pricing call."
100236231,Jun Wei,Chua,Jun Wei Chua,first_last,VP Sales,Liu Trading Freight Solutions,liu,junwei.chua@liutrading.com.au,+31626772080,Netherlands,Qualified,Lead,Other Campaigns,Noah Bennett,2025-09-25T00:00:00Z,2026-01-06T00:00:00Z,,Manual/Sales,Walk-in,0.9,False,False,Other - walked into our office without an appointment.
100236232,J.,Chua,J. Chua,full_name,VP Sales,Liu Trading Freight Pte Ltd,liu,j.chua@liutrading.com.au,+31626772080,Netherlands,Qualified,Lead,Other Campaigns,Noah Bennett,2025-09-25T00:00:00Z,,,Manual/Sales,Walk-in,0.9,False,False,Other - walked into our office without an appointment.
100236233,Oluwaseun,Sorensen,Oluwaseun Sorensen,first_last,,Hansen Digital,hansen,o.sorensen@hansendigital.sg,+306968838473,Greece,Qualified,Sales Qualified Lead,,Grace Osei,2026-02-26T00:00:00Z,2026-05-16T00:00:00Z,,Website,Blog — lead scoring,0.9,False,False,"Filled out the form on the blog post on lead scoring. Great fit, prioritizing."
100236234,O.,Sorensen,O. Sorensen,full_name,,Hansen Digital Co.,hansen,oluwaseuns@hansendigital.sg,+306968838473,Greece,Qualified,Sales Qualified Lead,,Grace Osei,2026-02-26T00:00:00Z,2026-05-16T00:00:00Z,,Website,Blog — lead scoring,0.9,False,True,"Filled out the form on the blog post on lead scoring. Great fit, prioritizing. possible duplicate — verify before contacting."
100236235,Michael,Kapoor,Michael Kapoor,first_last,Head of Growth,Costa Trading Ventures,costa,michaelk@costatrading.co,+60181233347,Malaysia,Qualified,Sales Qualified Lead,,Priya Nair,2026-04-10T00:00:00Z,2026-04-10T00:00:00Z,,Website,Pricing page,0.9,False,False,Filled out the form on the pricing page. Not interested for now.
100236236,Farah,Verma,Farah Verma,first_last,,Park Biotech & Co,park,farahv@parkbiotech.biz,+821084248431,South Korea,Contacted,Lead,,Wei Chen,2026-01-23T00:00:00Z,2026-01-23T00:00:00Z,,Referral,Referred by Luca Lim,0.9,False,False,"Referred by Luca Lim, warm intro."
100236237,Ines,Wu,Ines Wu,first_last,Head of Growth,Chua Textiles Robotics,chua,ines.wu@chuatextiles.com.au,+46709508755,Sweden,New,Opportunity,,Grace Osei,2025-10-05T00:00:00Z,2026-02-23T00:00:00Z,,Organic Search,Google organic → Contact page,0.75,False,False,"Googled us and ended up on the contact page before booking a demo. Very interested, wants pricing call."
100236238,Tiago,Fall,Tiago Fall,first_last,Founder,Teo Consulting,teo,tiagof@teoconsulting.co,+2348019062132,Nigeria,Opportunity,Customer,,Hana Kobayashi,2026-05-08T00:00:00Z,,,Website,Book a Demo page,0.9,False,False,"Filled out the form on the book-a-demo page. Very interested, wants pricing call."
100236239,Wei,Kowalski,Wei Kowalski,first_last,,Rossi SRL Freight Solutions,rossi,wei.kowalski@rossisrl.com,+46707821969,Sweden,Qualified,Other,,Priya Nair,2026-05-12T00:00:00Z,2026-06-08T00:00:00Z,,Event,SaaStr Annual — Booth QR Code,0.9,False,False,"Met her at the SaaStr Annual booth, scanned our QR code."
100236240,Amir,Nielsen,Amir Nielsen,first_last,Finance Manager,Kowalski Retail Group,kowalski,a.nielsen@kowalski.io,+821075479026,South Korea,Closed Lost,Customer,,Grace Osei,2025-10-17T00:00:00Z,2026-04-09T00:00:00Z,,Event,APAC Logistics Summit — Booth QR Code,0.9,False,False,He scanned our QR code at the APAC Logistics Summit booth.
100236241,Ravi,Zhang,Ravi Zhang,first_last,Marketing Director,Park Biotech Trading Co,park,r.zhang@parkbiotech.biz,+48564517754,Poland,New,Sales Qualified Lead,Social Media,Elena Popescu,2026-03-09T00:00:00Z,,,LinkedIn,LinkedIn post engagement,0.9,False,False,"Connected on LinkedIn after commenting on our post. Left voicemail, will retry."
100236242,Adaeze,Pham,Adaeze Pham,first_last,Operations Lead,Jung Studio Ltd,jung,adaeze.p@jungstudio.io,+971546717354,UAE,Opportunity,Opportunity,Referrals,Rohan Mehta,2026-02-03T00:00:00Z,,,Referral,Referred by Tunde Kim,0.9,False,False,"Referred by Tunde Kim, warm intro. Qualifying now."
100236243,Layla,Sim,Layla Sim,first_last,,Rao Ventures Labs,rao,layla.sim@raoventures.biz,+79422364010,Russia,New,Marketing Qualified Lead,Offline Sources,Hana Kobayashi,2026-01-23T00:00:00Z,,,Event,APAC Logistics Summit — Booth QR Code,0.9,False,False,"Met her at the APAC Logistics Summit booth, scanned our QR code. Qualifying now."
100236244,Elijah,Kone,Elijah Kone,first_last,Marketing Director,Acme Inc.,acme,e.kone@acme.io,+6592936706,Singapore,Qualified,Opportunity,,Fatima Rahman,2026-02-28T00:00:00Z,2026-04-16T00:00:00Z,,Website,Book a Demo page — Google Ads,0.85,False,False,Booked a demo via the book-a-demo page after clicking a google ad.
100236245,Olivia,Bakar,Olivia Bakar,first_last,VP Sales,Osei Inc.,osei,o.bakar@osei.co,+971549857241,UAE,Contacted,Other,Direct Traffic,Grace Osei,2025-11-05T00:00:00Z,,,Website,Contact page,0.9,False,False,Filled out the form on the contact page.
100236246,Joon,Petersen,Joon Petersen,first_last,Operations Lead,Liu Trading Co,liu,joon.petersen@liutrading.io,+393527652049,Italy,Closed Lost,Lead,Social Media,Marcus Wong,2025-11-23T00:00:00Z,2025-12-13T00:00:00Z,,LinkedIn,from Original Source: Social Media,0.55,True,False,"Saw our post about replacing hubspot and commented. Left voicemail, will retry."
100236247,Ha-eun,Costa,Ha-eun Costa,first_last,Finance Manager,Malik Pte Ltd,malik,h.costa@malik.io,+2348018343834,Nigeria,Closed Lost,Other,,Elena Popescu,2026-01-21T00:00:00Z,2026-01-28T00:00:00Z,,Website,Product tour page,0.9,False,False,"Filled out the form on the product tour page. Left voicemail, will retry."
100236248,Joon,Becker,Joon Becker,first_last,,Cruz & Partners Inc,cruz,joonb@cruzpartners.com.au,+84931557048,Vietnam,Qualified,Customer,,Hana Kobayashi,2026-06-12T00:00:00Z,2026-06-12T00:00:00Z,,Website,Homepage,0.9,False,False,Filled out the form on the homepage. No response yet.
100236249,Manon,Rasmussen,Manon Rasmussen,first_last,Finance Manager,Weber Analytics Pte Ltd,weber,manon.rasmussen@weberanalytics.biz,+4521458569,Denmark,Qualified,Opportunity,Paid Search,Noah Bennett,2026-01-16T00:00:00Z,,,Website,Book a Demo page — Google Ads,0.85,False,False,"Booked a demo via the book-a-demo page after clicking a google ad. Very interested, wants pricing call."
100236250,Hassan,Asante,Hassan Asante,first_last,Operations Lead,Li Consulting Freight Solutions,li,hassan.asante@liconsulting.com.au,+821059955317,South Korea,Opportunity,,,Diego Alvarez,2025-12-07T00:00:00Z,2026-06-15T00:00:00Z,,Website,Case study page,0.9,False,False,Filled out the form on the case study page. Not interested for now.
100236251,Hassan,Asante,Hassan Asante,first_last,Operations Lead,Li Consulting Freight Pte. Ltd.,li,hassan.asante@liconsulting.com.au,+821059955317,South Korea,Opportunity,,,Diego Alvarez,2025-12-07T00:00:00Z,,,Website,Case study page,0.9,False,False,Filled out the form on the case study page. Not interested for now.
100236252,Leila,Chua,Leila Chua,first_last,,Williams Pte Ltd,williams,leilac@williams.com,+66785311502,Thailand,Qualified,Opportunity,,Marcus Wong,2026-06-15T00:00:00Z,2026-06-16T00:00:00Z,,Other,,0.3,True,False,"Saw our post about replacing hubspot and commented. Great fit, prioritizing."
100236253,Omar,Pham,Omar Pham,first_last,Operations Lead,Ho Bros Robotics,ho,omar.p@hobros.com.au,+40781538325,Romania,Qualified,Marketing Qualified Lead,,Priya Nair,2025-12-12T00:00:00Z,2026-02-07T00:00:00Z,,Organic Search,Google organic → Comparison vs HubSpot page,0.75,False,False,Found us through organic google search then landed on the comparison-vs-hubspot page. No response yet.
100236254,Mateo,Meyer,Mateo Meyer,first_last,VP Sales,Teo Consulting Pte. Ltd.,teo,mateom@teoconsulting.co,+40777306715,Romania,Contacted,Lead,,Noah Bennett,2026-01-07T00:00:00Z,2026-01-08T00:00:00Z,,Referral,Referred by Xiu Ying,0.9,False,False,"Referred by Xiu Ying Sun, warm intro. Great fit, prioritizing."
100236255,Mateo,Meyer,Mateo Meyer,first_last,VP Sales,Teo Consulting,teo,m.meyer@teoconsulting.co,+40777306715,Romania,Contacted,Lead,,Noah Bennett,2026-01-07T00:00:00Z,2026-01-08T00:00:00Z,,Referral,Referred by Xiu Ying,0.9,False,True,"Referred by Xiu Ying Sun, warm intro. Great fit, prioritizing. possible duplicate — verify before contacting."
100236256,Grace,Asante,Grace Asante,first_last,,Ang Analytics Group,ang,grace.asante@anganalytics.com,+31673253001,Netherlands,Closed Won,Sales Qualified Lead,,Elena Popescu,2026-04-28T00:00:00Z,2026-04-28T00:00:00Z,,Event,Money20/20 Asia — Booth QR Code,0.9,False,False,He scanned our QR code at the Money20/20 Asia booth.
100236257,Youssef,Fischer,Youssef Fischer,first_last,,Verma Consulting & Co,verma,youssef.fischer@vermaconsulting.net,+491534534420,Germany,New,Customer,Social Media,Rohan Mehta,2026-02-10T00:00:00Z,2026-05-17T00:00:00Z,,LinkedIn,from Original Source: Social Media,0.55,True,False,Saw our post about replacing hubspot and commented.
100236258,Charlotte,Lau,Charlotte Lau,first_last,Marketing Director,Costa Trading Labs,costa,charlotte.lau@costatrading.biz,+85277155918,Hong Kong,Closed Won,Other,,Priya Nair,2026-01-29T00:00:00Z,,,Event,Web Summit 2026 — Booth QR Code,0.9,False,False,Scanned the QR code at our Web Summit 2026 booth. Not interested for now.
100236259,Farah,Bruno,Farah Bruno,first_last,VP Sales,Williams Trading Co,williams,farah.b@williams.com,+8801836705278,Bangladesh,Connected,,,Marcus Wong,2025-12-13T00:00:00Z,2026-03-02T00:00:00Z,,Event,SaaStr Annual — Booth QR Code,0.9,False,False,He scanned our QR code at the SaaStr Annual booth. Not interested for now.
100236260,Olivia,Romano,Olivia Romano,first_last,,Huang Analytics Co,huang,olivia.r@huanganalytics.sg,+447961274948,United Kingdom,New,Opportunity,Offline Sources,Marcus Wong,2026-02-26T00:00:00Z,2026-05-08T00:00:00Z,80,Event,Retail Asia Expo — Booth QR Code,0.9,False,False,"Met her at the Retail Asia Expo booth, scanned our QR code. Left voicemail, will retry."
100236261,Carlos,Lim,Carlos Lim,first_last,VP Sales,Schmidt AG Pte. Ltd.,schmidt ag,carlos.l@schmidtag.io,+4527441455,Denmark,Opportunity,Customer,,Wei Chen,2025-12-31T00:00:00Z,2026-01-03T00:00:00Z,,Organic Search,Google organic → Pricing page,0.75,False,False,Googled us and ended up on the pricing page before booking a demo. Not interested for now.
100236262,Sigrid,Ho,Sigrid Ho,first_last,Head of Growth,Ivanova Trading,ivanova,sigrid.h@ivanova.co,+233248146955,Ghana,New,Other,,Diego Alvarez,2026-02-09T00:00:00Z,,,Website,Case study page,0.9,False,False,"Filled out the form on the case study page. Connected, sending proposal."
100236263,Camille,Martinez,Camille Martinez,first_last,,Boateng Digital Consulting,boateng,camille.martinez@boatengdigital.com,+818080908804,Japan,Contacted,,,Fatima Rahman,2026-06-06T00:00:00Z,,,Organic Search,Google organic → Contact page,0.75,False,False,Googled us and ended up on the contact page before booking a demo. Not interested for now.
100236264,Ethan,Pham,Ethan Pham,first_last,,Muller GmbH & Co,muller,ethan.p@mullergmbh.co,+4520327250,Denmark,Opportunity,Opportunity,,Priya Nair,2026-01-06T00:00:00Z,2026-03-23T00:00:00Z,,Website,Case study page,0.9,False,False,"Filled out the form on the case study page. Left voicemail, will retry."
100236265,Wei Ming,Ivanova,Wei Ming Ivanova,first_last,,Athens Retail Holdings,athens,weiming.i@athensretail.biz,+525531867593,Mexico,Contacted,Customer,Direct Traffic,Rohan Mehta,2025-09-04T00:00:00Z,2025-12-16T00:00:00Z,,Website,Comparison vs HubSpot page,0.9,False,False,Filled out the form on the comparison-vs-hubspot page. Not interested for now.
100236266,Bjorn,Yang,Bjorn Yang,first_last,VP Sales,Goh Digital Analytics,goh,b.yang@gohdigital.net,+61490580125,Australia,Contacted,Other,Social Media,Rohan Mehta,2026-02-24T00:00:00Z,,,LinkedIn,LinkedIn DM,0.9,False,False,"Linkedin dm inbound asking about pricing. Very interested, wants pricing call."
100236267,Zara,Han,Zara Han,first_last,Marketing Director,Reyes Robotics,reyes,zara.han@reyes.biz,+40743456346,Romania,Closed Lost,Customer,Organic Search,Diego Alvarez,2025-10-19T00:00:00Z,2026-01-19T00:00:00Z,,Organic Search,Google organic → Case study page,0.75,False,False,"Googled us and ended up on the case study page before booking a demo. Great fit, prioritizing."
100236268,Elijah,Nguyen,Elijah Nguyen,first_last,,Foster Co,foster,e.nguyen@foster.com.au,+79702955195,Russia,Connected,,,Elena Popescu,2025-09-05T00:00:00Z,,,Referral,Referred by Sara Sy,0.9,False,False,"Referred by Sara Sy, warm intro. Not interested for now."
100236269,Arjun,Carvalho,Arjun Carvalho,first_last,VP Sales,Lotus Finance Partners,lotus,arjunc@lotusfinance.sg,+48574740315,Poland,Connected,Opportunity,,Noah Bennett,2025-09-26T00:00:00Z,,,Organic Search,Google organic → Homepage,0.75,False,False,Googled us and ended up on the homepage before booking a demo.
100236270,Youssef,Bakar,Youssef Bakar,first_last,Marketing Director,Toure Consulting Group,toure,youssef.bakar@toureconsulting.sg,+8613735837457,China,Contacted,Customer,,Priya Nair,2025-12-30T00:00:00Z,2026-04-12T00:00:00Z,,Organic Search,Google organic → Pricing page,0.75,False,False,"Googled us and ended up on the pricing page before booking a demo. Connected, sending proposal."
100236271,Priscilla,Reyes,Priscilla Reyes,first_last,Marketing Director,Sharma Enterprises Freight Solutions,sharma,priscilla.r@sharmaenterprises.com,+306948877149,Greece,Qualified,Marketing Qualified Lead,,Wei Chen,2026-05-27T00:00:00Z,,,Organic Search,Google organic → Comparison vs HubSpot page,0.75,False,False,Found us through organic google search then landed on the comparison-vs-hubspot page. Not interested for now.
100236272,Pedro,Kapoor,Pedro Kapoor,first_last,VP Sales,Chua Textiles Ltd,chua,pedro.k@chuatextiles.com,+306918571985,Greece,Contacted,,,Noah Bennett,2025-09-04T00:00:00Z,,,Referral,Referred by Astrid Wu,0.9,False,False,"Referred by Astrid Wu, warm intro. Left voicemail, will retry."
100236273,Nur,Becker,Nur Becker,first_last,Head of Growth,Williams Solutions,williams,nurb@williams.com.au,+4527382819,Denmark,Qualified,Sales Qualified Lead,Other Campaigns,Priya Nair,2025-11-30T00:00:00Z,2026-02-08T00:00:00Z,,Event,SaaStr Annual — Booth,0.9,False,False,"Met at the booth during SaaStr Annual, said they'd follow up over email. Connected, sending proposal."
100236274,Kai,Liu,Kai Liu,first_last,Marketing Director,Liu Trading Pte Ltd,liu,kai.liu@liutrading.co,+79655552242,Russia,Opportunity,Sales Qualified Lead,,Fatima Rahman,2025-12-23T00:00:00Z,2026-01-23T00:00:00Z,,LinkedIn,LinkedIn post engagement,0.9,False,False,Connected on LinkedIn after commenting on our post. Not interested for now.
100236275,Amir,Ng,Amir Ng,first_last,,Acme Co,acme,amir.ng@acme.com.au,+34693285148,Spain,Opportunity,Customer,Social Media,Grace Osei,2025-11-11T00:00:00Z,,,LinkedIn,LinkedIn DM,0.9,False,False,Linkedin dm inbound asking about pricing.
100236276,Carlos,Gupta,Carlos Gupta,first_last,Operations Lead,Verma Consulting Studio,verma,c.gupta@vermaconsulting.com,+31649091887,Netherlands,Contacted,,,Wei Chen,2026-03-07T00:00:00Z,2026-03-07T00:00:00Z,,Website,Product tour page,0.9,False,False,Filled out the form on the product tour page. Qualifying now.
100236277,Adam,Pedersen,Adam Pedersen,first_last,Head of Growth,Wang Manufacturing Consulting,wang,a.pedersen@wangmanufacturing.co,+491546978769,Germany,Closed Lost,Customer,,Priya Nair,2025-12-07T00:00:00Z,2025-12-13T00:00:00Z,,Other,,0.3,True,False,Saw our post about replacing hubspot and commented.
100236278,Rin,Santos,Rin Santos,first_last,Founder,Muller GmbH Freight,muller,rins@mullergmbh.com,+60162203052,Malaysia,Contacted,Opportunity,,Hana Kobayashi,2025-11-27T00:00:00Z,2025-11-27T00:00:00Z,,Referral,Referred by Chiara Yang,0.9,False,False,"Referred by Chiara Yang, warm intro. Connected, sending proposal."
100236279,Rin,Santos,Rin Santos,full_name,Founder,Muller GmbH & Co,muller,rins@mullergmbh.com,+60162203052,Malaysia,Contacted,Opportunity,,Hana Kobayashi,2025-11-27T00:00:00Z,2025-11-27T00:00:00Z,,Referral,Referred by Chiara Yang,0.9,False,False,"Referred by Chiara Yang, warm intro. Connected, sending proposal."
100236280,R.,Santos,R. Santos,full_name,Founder,Muller GmbH Trading,muller,rinsantos@mullergmbh.com,+60162203052,Malaysia,Contacted,Opportunity,,Hana Kobayashi,2025-11-27T00:00:00Z,2025-11-27T00:00:00Z,,Referral,Referred by Chiara Yang,0.9,False,True,"Referred by Chiara Yang, warm intro. Connected, sending proposal. possible duplicate — verify before contacting."
100236281,Sara,Lee,Sara Lee,first_last,,Ivanova Ventures,ivanova,s.lee@ivanova.com.au,+5511935206825,Brazil,Closed Won,,Referrals,Wei Chen,2026-06-01T00:00:00Z,2026-06-19T00:00:00Z,,Referral,Referred by Mei Ling,0.9,False,False,"Referred by Mei Ling Joshi, warm intro. Qualifying now."
100236282,Erik,Hoffmann,Erik Hoffmann,first_last,,Kim Trading Partners,kim,e.hoffmann@kimtrading.com,+8613642167559,China,Qualified,Customer,Direct Traffic,Marcus Wong,2026-04-24T00:00:00Z,,,Website,Book a Demo page,0.9,False,False,Filled out the form on the book-a-demo page. No response yet.
100236283,Yasmin,Hoffmann,Yasmin Hoffmann,first_last,Marketing Director,Kim Trading Partners,kim,yasmin.h@kimtrading.com,+639767699803,Philippines,Connected,Marketing Qualified Lead,Organic Search,Wei Chen,2026-06-14T00:00:00Z,2026-06-15T00:00:00Z,,Organic Search,Google organic → Pricing page,0.75,False,False,"Found us through organic google search then landed on the pricing page. Connected, sending proposal."
100236284,Ingrid,Greco,Ingrid Greco,first_last,,Nimbus Robotics,nimbus,ingrid.greco@nimbus.com.au,+306986462111,Greece,Opportunity,Sales Qualified Lead,,Grace Osei,2026-03-19T00:00:00Z,2026-05-01T00:00:00Z,,Referral,Referred by Ingrid Seo,0.75,False,False,"Referred by Ingrid Seo, warm intro."
100236285,Haruto,Pereira,Haruto Pereira,first_last,,Muller GmbH Pte Ltd,muller,haruto.pereira@mullergmbh.co,+2348065395553,Nigeria,Contacted,Lead,,Hana Kobayashi,2025-11-22T00:00:00Z,2026-05-16T00:00:00Z,,Other,,0.3,True,False,Saw our post about replacing hubspot and commented. Not interested for now.
100236286,Michael,Zahra,Michael Zahra,first_last,,GreenLeaf Partners,greenleaf,michaelz@greenleaf.net,+971588317874,UAE,Qualified,Lead,Other Campaigns,Wei Chen,2026-03-17T00:00:00Z,2026-05-17T00:00:00Z,,Manual/Sales,Cold outreach call,0.9,False,False,Manually added by sales after a phone call from a cold outreach list. Qualifying now.
100236287,Sofia,Weber,Sofia Weber,first_last,Operations Lead,GreenLeaf Ventures,greenleaf,sofia.weber@greenleaf.co,+34696673897,Spain,Connected,Sales Qualified Lead,Other Campaigns,Fatima Rahman,2026-04-27T00:00:00Z,2026-04-30T00:00:00Z,,Manual/Sales,Inbound phone call,0.9,False,False,Manual - added after inbound phone call. Not interested for now.
100236288,Hana,Al-Farsi,Hana Al-Farsi,first_last,Marketing Director,Malik Group,malik,hana.al-farsi@malik.com,+84941378283,Vietnam,Connected,Opportunity,Offline Sources,Priya Nair,2025-11-16T00:00:00Z,2025-12-17T00:00:00Z,,Event,APAC Logistics Summit — Booth QR Code,0.9,False,False,Scanned the QR code at our APAC Logistics Summit booth. Not interested for now.
100236289,Sven,Choi,Sven Choi,first_last,Finance Manager,Singh Logistics & Co,singh,sven.c@singhlogistics.com.au,+919936459130,India,New,,,Elena Popescu,2026-05-04T00:00:00Z,2026-05-30T00:00:00Z,,LinkedIn,LinkedIn DM,0.9,False,False,Linkedin dm inbound asking about pricing. Not interested for now.
100236290,Arjun,Boateng,Arjun Boateng,first_last,Head of Growth,Ivanova Labs,ivanova,a.boateng@ivanova.biz,+34692831704,Spain,New,,Organic Search,Noah Bennett,2026-05-12T00:00:00Z,2026-06-16T00:00:00Z,,Organic Search,Google organic → Contact page,0.75,False,False,Found us through organic google search then landed on the contact page. Not interested for now.
100236291,Arjun,Boateng,Arjun Boateng,full_name,Head of Growth,Ivanova Inc,ivanova,arjunboateng@ivanova.biz,+34692831704,Spain,New,,Organic Search,Noah Bennett,2026-05-12T00:00:00Z,,,Organic Search,Google organic → Contact page,0.75,False,True,Found us through organic google search then landed on the contact page. Not interested for now. possible duplicate — verify before contacting.
100236292,Sigrid,Malik,Sigrid Malik,first_last,VP Sales,BluePeak Co.,bluepeak,sigridm@bluepeak.biz,+6599945843,Singapore,Contacted,Other,Direct Traffic,Hana Kobayashi,2025-11-20T00:00:00Z,2026-04-24T00:00:00Z,,Website,Comparison vs HubSpot page,0.9,False,False,"Filled out the form on the comparison-vs-hubspot page. Great fit, prioritizing."
100236293,Jun Wei,Kapoor,Jun Wei Kapoor,first_last,,Al-Farsi Ltd,al farsi,j.kapoor@al-farsi.sg,+6285093606062,Indonesia,Qualified,Sales Qualified Lead,,Hana Kobayashi,2025-11-04T00:00:00Z,2025-11-17T00:00:00Z,,Website,Contact page,0.9,False,False,"Filled out the form on the contact page. Great fit, prioritizing."
100236294,Diego,Muller,Diego Muller,first_last,Finance Manager,Rossi SRL & Co,rossi,diego.muller@rossisrl.co,+233231953212,Ghana,Contacted,,,Priya Nair,2026-04-10T00:00:00Z,2026-06-04T00:00:00Z,,LinkedIn,LinkedIn DM,0.9,False,False,Linkedin dm inbound asking about pricing.
100236295,Elijah,Teo,Elijah Teo,first_last,Operations Lead,Hansen Digital Ventures,hansen,elijah.t@hansendigital.biz,+6286911976991,Indonesia,Opportunity,Lead,Organic Search,Fatima Rahman,2026-05-24T00:00:00Z,2026-05-24T00:00:00Z,,Organic Search,Google organic → Blog — lead scoring,0.75,False,False,"Found us through organic google search then landed on the blog post on lead scoring. Left voicemail, will retry."
100236296,Yuki,Mensah,Yuki Mensah,first_last,,Sato Digital,sato,yukim@sato.com,+351941086966,Portugal,Contacted,Customer,,Grace Osei,2025-09-19T00:00:00Z,2026-06-18T00:00:00Z,,LinkedIn,LinkedIn DM,0.9,False,False,Linkedin dm inbound asking about pricing.
100236297,Seo-yeon,Schmidt,Seo-yeon Schmidt,first_last,Marketing Director,Jung Studio Trading,jung,seo-yeons@jungstudio.io,+79131355992,Russia,Contacted,Sales Qualified Lead,,Grace Osei,2025-10-03T00:00:00Z,2026-06-07T00:00:00Z,,Website,Product tour page,0.9,False,False,Filled out the form on the product tour page.
100236298,Salma,Danso,Salma Danso,first_last,Operations Lead,Chua Textiles Pte Ltd,chua,salma.danso@chuatextiles.biz,+2348078043613,Nigeria,New,Marketing Qualified Lead,,Diego Alvarez,2026-04-02T00:00:00Z,2026-05-22T00:00:00Z,,Organic Search,Google organic → Contact page,0.75,False,False,Found us through organic google search then landed on the contact page.
100236299,Pedro,Al-Farsi,Pedro Al-Farsi,first_last,VP Sales,Lindqvist AB Pte Ltd,lindqvist,pedroa@lindqvistab.com,+525527713749,Mexico,Opportunity,Other,,Hana Kobayashi,2025-10-08T00:00:00Z,2026-02-22T00:00:00Z,,Organic Search,Google organic → Comparison vs HubSpot page,0.75,False,False,"Found us through organic google search then landed on the comparison-vs-hubspot page. Connected, sending proposal."
100236300,Karim,Rahman,Karim Rahman,first_last,,Gupta Textiles Ventures,gupta,karim.rahman@guptatextiles.net,+4528798587,Denmark,Closed Won,Lead,Offline Sources,Grace Osei,2026-05-19T00:00:00Z,,,Event,Singapore FinTech Festival 2026 — Booth QR Code,0.9,False,False,"Met her at the Singapore FinTech Festival 2026 booth, scanned our QR code. Connected, sending proposal."
100236301,Mia,Frimpong,Mia Frimpong,first_last,,Santos Ltda Ventures,santos ltda,mia.f@santosltda.biz,+639912882731,Philippines,Closed Won,Marketing Qualified Lead,Referrals,Marcus Wong,2025-10-20T00:00:00Z,2026-02-03T00:00:00Z,,Referral,Referred by Farah Ocampo,0.9,False,False,"Referred by Farah Ocampo, warm intro."
100236302,Mia,Frimpong,Mia Frimpong,first_last,,Santos Ltda Robotics,santos ltda,miaf@santosltda.biz,+639912882731,Philippines,Closed Won,Marketing Qualified Lead,Referrals,Marcus Wong,2025-10-20T00:00:00Z,2026-02-03T00:00:00Z,,Referral,Referred by Farah Ocampo,0.9,False,False,"Referred by Farah Ocampo, warm intro."
100236303,Min-jun,Ivanova,Min-jun Ivanova,first_last,Finance Manager,Toure Consulting Trading,toure,m.ivanova@toureconsulting.com,+6583292294,Singapore,Closed Lost,,,Diego Alvarez,2026-04-10T00:00:00Z,2026-05-25T00:00:00Z,,LinkedIn,LinkedIn post engagement,0.9,False,False,"Connected on LinkedIn after commenting on our post. Very interested, wants pricing call."
100236304,Julien,Schmidt,Julien Schmidt,first_last,,Tanaka Inc,tanaka,juliens@tanaka.sg,+34615641494,Spain,Contacted,Other,Offline Sources,Elena Popescu,2026-02-13T00:00:00Z,2026-06-06T00:00:00Z,,Event,Web Summit 2026 — Booth QR Code,0.9,False,False,"Met her at the Web Summit 2026 booth, scanned our QR code. Not interested for now."
100236305,Leila,Camara,Leila Camara,first_last,,Teo Consulting Holdings,teo,leila.c@teoconsulting.com.au,+818612186290,Japan,Closed Won,Customer,,Fatima Rahman,2026-01-04T00:00:00Z,,,LinkedIn,LinkedIn DM,0.9,False,False,"Linkedin dm inbound asking about pricing. Connected, sending proposal."
100236306,Kwame,Ba,Kwame Ba,first_last,Head of Growth,Williams Co.,williams,kwameb@williams.io,+306935698136,Greece,Closed Lost,Marketing Qualified Lead,,Wei Chen,2026-01-01T00:00:00Z,2026-03-02T00:00:00Z,,Event,Web Summit 2026 — Booth QR Code,0.9,False,False,"Scanned the QR code at our Web Summit 2026 booth. Left voicemail, will retry."
100236307,Grace,Goh,Grace Goh,first_last,Marketing Director,Rossi SRL Inc.,rossi,grace.goh@rossisrl.com.au,+66991452321,Thailand,Closed Lost,Lead,Direct Traffic,Noah Bennett,2025-11-06T00:00:00Z,2026-02-06T00:00:00Z,,Website,Pricing page,0.9,False,False,"Filled out the form on the pricing page. Very interested, wants pricing call."
100236308,Linh,Nguyen,Linh Nguyen,first_last,,Singh Logistics Co,singh,linh.nguyen@singhlogistics.io,+525580647995,Mexico,Qualified,,,Elena Popescu,2025-09-26T00:00:00Z,,,Referral,Referred by Hana Larsen,0.9,False,False,"Referred by Hana Larsen, warm intro."
100236309,Zara,Muller,Zara Muller,first_last,,Orchid Ltd,orchid,zara.m@orchid.biz,+233279046665,Ghana,Closed Lost,Marketing Qualified Lead,Organic Search,Fatima Rahman,2026-01-23T00:00:00Z,2026-01-23T00:00:00Z,,Organic Search,Google organic → Blog — lead scoring,0.75,False,False,"Found us through organic google search then landed on the blog post on lead scoring. Connected, sending proposal."
100236310,Hassan,Almeida,Hassan Almeida,first_last,VP Sales,Chua Textiles Consulting,chua,hassan.almeida@chuatextiles.io,+8613496236062,China,Qualified,Lead,,Fatima Rahman,2026-03-13T00:00:00Z,2026-04-11T00:00:00Z,,Referral,Referred by Chidi Rodrigues,0.9,False,False,"Referred by Chidi Rodrigues, warm intro. Great fit, prioritizing."
100236311,Karim,Ndiaye,Karim Ndiaye,first_last,Operations Lead,Liu Trading Studio,liu,karim.n@liutrading.co,+233204925004,Ghana,Closed Lost,Customer,,Wei Chen,2026-05-28T00:00:00Z,2026-06-01T00:00:00Z,,Referral,Referred by Haruto Nair,0.9,False,False,"Referred by Haruto Nair, warm intro. Connected, sending proposal."
100236312,Michael,Almeida,Michael Almeida,first_last,,Adeyemi Logistics Labs,adeyemi,michael.a@adeyemilogistics.com.au,+61463864180,Australia,Closed Won,Marketing Qualified Lead,Direct Traffic,Elena Popescu,2026-02-14T00:00:00Z,2026-03-23T00:00:00Z,,Website,Case study page,0.9,False,False,Filled out the form on the case study page.
100236313,Antoine,Nielsen,Antoine Nielsen,first_last,,Park Biotech Inc.,park,a.nielsen@parkbiotech.sg,+5511972106784,Brazil,Connected,,,Elena Popescu,2026-05-11T00:00:00Z,2026-06-16T00:00:00Z,90,Event,Dubai FinTech Week — Booth QR Code,0.9,False,False,He scanned our QR code at the Dubai FinTech Week booth.
100236314,Emily,Schmidt,Emily Schmidt,first_last,,Koh & Sons Ltd,koh,emily.s@kohsons.co,+4529532342,Denmark,Closed Won,Customer,,Priya Nair,2026-06-17T00:00:00Z,2026-06-18T00:00:00Z,,Event,Singapore FinTech Festival 2026 — Booth QR Code,0.9,False,False,He scanned our QR code at the Singapore FinTech Festival 2026 booth.
100236315,Suresh,Muller,Suresh Muller,first_last,,Lotus Finance Freight Solutions,lotus,s.muller@lotusfinance.biz,+46709357635,Sweden,Closed Won,Lead,,Grace Osei,2025-10-29T00:00:00Z,,,Other,,0.3,True,False,Saw our post about replacing hubspot and commented.
100236316,Nils,Pedersen,Nils Pedersen,first_last,Head of Growth,Teo Consulting Co.,teo,n.pedersen@teoconsulting.co,+48696442644,Poland,Closed Won,Opportunity,,Grace Osei,2025-09-25T00:00:00Z,,81,Event,Mobile World Congress — Booth QR Code,0.9,False,False,Scanned the QR code at our Mobile World Congress booth.
100236317,Farid,Pedersen,Farid Pedersen,first_last,Finance Manager,Toure Consulting Trading,toure,farid.p@toureconsulting.sg,+2348055853483,Nigeria,Closed Won,,Other Campaigns,Marcus Wong,2026-04-24T00:00:00Z,,,Other,General info@ inbox,0.3,True,False,"Other - reached out via our general info@ inbox. Left voicemail, will retry."
100236318,Amina,Johnson,Amina Johnson,first_last,Marketing Director,Fischer Trading Holdings,fischer,amina.j@fischertrading.com.au,+48625311427,Poland,Closed Lost,Lead,,Hana Kobayashi,2026-06-14T00:00:00Z,2026-06-19T00:00:00Z,,Event,Dubai FinTech Week — Booth QR Code,0.9,False,False,"Met her at the Dubai FinTech Week booth, scanned our QR code. Left voicemail, will retry."
100236319,Kenji,Choi,Kenji Choi,first_last,,Li Consulting Freight,li,kenji.choi@liconsulting.io,+40742981551,Romania,Connected,Opportunity,,Diego Alvarez,2026-01-09T00:00:00Z,,,Referral,Referred by Sofia Agyemang,0.9,False,False,"Referred by Sofia Agyemang, warm intro. Very interested, wants pricing call."
100236320,Benjamin,Kone,Benjamin Kone,first_last,Finance Manager,Bennett Digital,bennett,benjamin.k@bennett.com.au,+84949599215,Vietnam,New,Lead,,Fatima Rahman,2026-03-06T00:00:00Z,2026-06-10T00:00:00Z,,Event,Dubai FinTech Week — Booth,0.9,False,False,"Met at the booth during Dubai FinTech Week, said they'd follow up over email. Very interested, wants pricing call."
100236321,Arjun,Danso,Arjun Danso,first_last,Marketing Director,Silva Ventures,silva,arjun.danso@silva.com.au,+233212867294,Ghana,Opportunity,,Referrals,Elena Popescu,2025-10-20T00:00:00Z,2026-04-18T00:00:00Z,,Referral,Referred by Luca Rahman,0.9,False,False,"Referred by Luca Rahman, warm intro."
100236322,Marcus,Ho,Marcus Ho,first_last,Finance Manager,Al-Farsi Robotics,al farsi,marcush@al-farsi.com.au,+6285691878897,Indonesia,New,Other,Other Campaigns,Wei Chen,2025-10-05T00:00:00Z,2026-01-01T00:00:00Z,,Manual/Sales,Inbound phone call,0.9,False,False,Manual - added after inbound phone call. Qualifying now.
100236323,Tariq,Silva,Tariq Silva,first_last,VP Sales,Yang Freight Holdings,yang,tariq.s@yangfreight.com.au,+60172991094,Malaysia,Closed Won,Other,Other Campaigns,Wei Chen,2025-11-15T00:00:00Z,2026-05-16T00:00:00Z,,Event,SaaStr Annual — Booth,0.9,False,False,"Met at the booth during SaaStr Annual, said they'd follow up over email."
100236324,Marcus,Wagner,Marcus Wagner,first_last,,Chua Textiles Group,chua,marcus.w@chuatextiles.net,+491635646961,Germany,Closed Lost,Sales Qualified Lead,Direct Traffic,Grace Osei,2025-09-18T00:00:00Z,2025-12-04T00:00:00Z,,Website,Blog — lead scoring,0.9,False,False,Filled out the form on the blog post on lead scoring.
100236325,Jun Wei,Aina,Jun Wei Aina,first_last,Founder,Verma Consulting Holdings,verma,junwei.aina@vermaconsulting.com.au,+6596421172,Singapore,New,Lead,,Rohan Mehta,2026-06-12T00:00:00Z,2026-06-18T00:00:00Z,,LinkedIn,LinkedIn DM,0.9,False,False,"Linkedin dm inbound asking about pricing. Connected, sending proposal."
100236326,Suresh,Kone,Suresh Kone,first_last,Operations Lead,Rao Ventures & Co,rao,s.kone@raoventures.io,+46709366666,Sweden,Connected,Other,Other Campaigns,Elena Popescu,2026-03-29T00:00:00Z,,,Manual/Sales,Walk-in,0.9,False,False,Other - walked into our office without an appointment.
100236327,Camille,Liu,Camille Liu,first_last,Operations Lead,Tanaka Holdings,tanaka,camillel@tanaka.com,+8801418729445,Bangladesh,Connected,Lead,,Grace Osei,2025-09-02T00:00:00Z,2025-11-07T00:00:00Z,,Website,Pricing page,0.9,False,False,Filled out the form on the pricing page. Qualifying now.
100236328,Camille,Liu,Camille Liu,first_last,Operations Lead,Tanaka Robotics,tanaka,camillel@tanaka.com,+8801418729445,Bangladesh,Connected,Lead,,Grace Osei,2025-09-02T00:00:00Z,2025-11-07T00:00:00Z,,Website,Pricing page,0.9,False,False,Filled out the form on the pricing page. Qualifying now.
100236329,Tiago,Adjei,Tiago Adjei,first_last,Marketing Director,Ang Analytics Group,ang,tiagoa@anganalytics.com.au,+351942195009,Portugal,New,,,Elena Popescu,2026-06-02T00:00:00Z,2026-06-10T00:00:00Z,,Organic Search,Google organic → Contact page,0.75,False,False,"Found us through organic google search then landed on the contact page. Left voicemail, will retry."
100236330,Ana,Ricci,Ana Ricci,first_last,,BluePeak Trading,bluepeak,ana.ricci@bluepeak.net,+66964417116,Thailand,Qualified,Customer,,Rohan Mehta,2025-12-23T00:00:00Z,2025-12-23T00:00:00Z,,Event,Mobile World Congress — Booth,0.9,False,False,"Met at the booth during Mobile World Congress, said they'd follow up over email."
100236331,Michael,Han,Michael Han,first_last,,Malik Co,malik,michael.h@malik.co,+821086892689,South Korea,Contacted,Marketing Qualified Lead,,Elena Popescu,2025-12-29T00:00:00Z,2026-01-12T00:00:00Z,,Website,Contact page,0.9,False,False,"Filled out the form on the contact page. Left voicemail, will retry."
100236332,Chidi,Ng,Chidi Ng,first_last,,Sim Robotics Analytics,sim,chidi.ng@simrobotics.biz,+40720637601,Romania,Opportunity,Opportunity,Other Campaigns,Grace Osei,2026-04-29T00:00:00Z,2026-06-03T00:00:00Z,80,Event,Dubai FinTech Week — Booth,0.9,False,False,"Met at the booth during Dubai FinTech Week, said they'd follow up over email. Very interested, wants pricing call."
100236333,Camille,Rasmussen,Camille Rasmussen,first_last,,Boateng Digital Holdings,boateng,camille.rasmussen@boatengdigital.com,+31655456960,Netherlands,Closed Lost,Lead,Other Campaigns,Hana Kobayashi,2025-11-11T00:00:00Z,2025-12-21T00:00:00Z,,Manual/Sales,Walk-in,0.9,False,False,Other - walked into our office without an appointment.
100236334,Nadia,Bakar,Nadia Bakar,first_last,VP Sales,Bakker Group,bakker,nadia.bakar@bakker.biz,+34664611223,Spain,New,Opportunity,,Hana Kobayashi,2026-02-11T00:00:00Z,2026-06-04T00:00:00Z,,Event,Retail Asia Expo — Booth,0.9,False,False,"Met at the booth during Retail Asia Expo, said they'd follow up over email. Qualifying now."
100236335,Jonathan,Sow,Jonathan Sow,first_last,,Foster Trading,foster,jonathan.s@foster.co,+918433278363,India,Contacted,,Social Media,Elena Popescu,2026-03-09T00:00:00Z,2026-03-09T00:00:00Z,,LinkedIn,from Original Source: Social Media,0.55,True,False,Saw our post about replacing hubspot and commented. No response yet.
100236336,Ingrid,Nguyen,Ingrid Nguyen,first_last,,Asante Retail Co,asante,ingridn@asanteretail.sg,+16605550172,United States,Closed Won,Customer,Referrals,Wei Chen,2025-10-28T00:00:00Z,2026-05-01T00:00:00Z,,Referral,Referred by Sanjay Osei,0.9,False,False,"Referred by Sanjay Osei, warm intro. Not interested for now."
100236337,Kenji,Rasmussen,Kenji Rasmussen,first_last,Finance Manager,Foster Trading Co,foster,kenji.rasmussen@foster.net,+79662653578,Russia,Qualified,Opportunity,,Grace Osei,2026-03-31T00:00:00Z,2026-03-31T00:00:00Z,,Website,Book a Demo page — Google Ads,0.85,False,False,Booked a demo via the book-a-demo page after clicking a google ad. No response yet.
100236338,Astrid,Pedersen,Astrid Pedersen,first_last,,Weber Analytics Inc.,weber,astrid.pedersen@weberanalytics.co,+31616403930,Netherlands,Connected,Other,,Rohan Mehta,2026-05-16T00:00:00Z,,,Referral,Referred by Seo-yeon Asante,0.75,False,False,"Referred by Seo-yeon Asante, warm intro."
100236339,A.,Pedersen,A. Pedersen,full_name,,Weber Analytics Inc,weber,astrid.pedersen@weberanalytics.co,+31616403930,Netherlands,Connected,Other,,Rohan Mehta,2026-05-16T00:00:00Z,,,Referral,Referred by Seo-yeon Asante,0.75,False,True,"Referred by Seo-yeon Asante, warm intro. possible duplicate — verify before contacting."
100236340,George,Koch,George Koch,first_last,,Rao Ventures Inc,rao,georgek@raoventures.com,+351964918155,Portugal,New,Marketing Qualified Lead,Other Campaigns,Diego Alvarez,2025-09-09T00:00:00Z,2026-04-22T00:00:00Z,,Manual/Sales,Inbound phone call,0.9,False,False,Manual - added after inbound phone call.
100236341,Farid,Diop,Farid Diop,first_last,,Athens Retail Group,athens,f.diop@athensretail.com.au,+393677646706,Italy,Closed Lost,Other,Direct Traffic,Rohan Mehta,2025-09-21T00:00:00Z,2026-01-14T00:00:00Z,,Website,Contact page,0.9,False,False,"Filled out the form on the contact page. Great fit, prioritizing."
100236342,Mia,Wang,Mia Wang,first_last,Head of Growth,Kowalski Robotics,kowalski,miaw@kowalski.net,+923405565868,Pakistan,Closed Lost,Other,Other Campaigns,Elena Popescu,2026-03-28T00:00:00Z,2026-04-28T00:00:00Z,,Manual/Sales,Cold outreach call,0.9,False,False,Manually added by sales after a phone call from a cold outreach list.
100236343,Ismail,Christensen,Ismail Christensen,first_last,Operations Lead,Han Imports Holdings,han,ismailc@hanimports.com,+6592128168,Singapore,New,Customer,,Elena Popescu,2026-05-16T00:00:00Z,,,Event,Singapore FinTech Festival 2026 — Booth QR Code,0.9,False,False,He scanned our QR code at the Singapore FinTech Festival 2026 booth.
100236344,Hassan,Sim,Hassan Sim,first_last,,Kim Trading Consulting,kim,hassan.sim@kimtrading.com,+48564433367,Poland,Qualified,Opportunity,Other Campaigns,Wei Chen,2026-03-09T00:00:00Z,2026-03-23T00:00:00Z,,Event,Retail Asia Expo — Booth,0.9,False,False,"Met at the booth during Retail Asia Expo, said they'd follow up over email."
100236345,Sanjay,Jensen,Sanjay Jensen,first_last,,Malik Pte. Ltd.,malik,sanjay.jensen@malik.com.au,+5511983942961,Brazil,Qualified,Marketing Qualified Lead,Social Media,Fatima Rahman,2025-10-16T00:00:00Z,2026-05-02T00:00:00Z,,LinkedIn,LinkedIn DM,0.9,False,False,"Linkedin dm inbound asking about pricing. Connected, sending proposal."
100236346,Aiko,Malik,Aiko Malik,first_last,Marketing Director,Popescu Trading Co,popescu,aikom@popescu.co,+34697775612,Spain,Closed Lost,Other,,Wei Chen,2026-04-01T00:00:00Z,,,Manual/Sales,Inbound phone call,0.9,False,False,Manual - added after inbound phone call.
100236347,Musa,Popescu,Musa Popescu,first_last,,Orchid Co.,orchid,m.popescu@orchid.net,+971537087425,UAE,Connected,Other,,Wei Chen,2026-02-07T00:00:00Z,2026-06-08T00:00:00Z,,Manual/Sales,Cold outreach call,0.9,False,False,"Manually added by sales after a phone call from a cold outreach list. Connected, sending proposal."
100236348,Ha-eun,Diallo,Ha-eun Diallo,first_last,,Kowalski Ltd,kowalski,h.diallo@kowalski.com.au,+919677966392,India,Closed Lost,Marketing Qualified Lead,,Marcus Wong,2025-12-16T00:00:00Z,2026-01-16T00:00:00Z,,Website,Case study page,0.9,False,False,Filled out the form on the case study page.
100236349,Bruno,Rasmussen,Bruno Rasmussen,first_last,VP Sales,Wang Manufacturing Ventures,wang,b.rasmussen@wangmanufacturing.co,+6592608713,Singapore,New,Marketing Qualified Lead,Other Campaigns,Noah Bennett,2025-12-06T00:00:00Z,,,Manual/Sales,Cold outreach call,0.9,False,False,Manually added by sales after a phone call from a cold outreach list. Not interested for now.
100236350,Nils,Romano,Nils Romano,first_last,Marketing Director,Ferrari Consulting Trading Co,ferrari,nilsr@ferrariconsulting.sg,+79884437475,Russia,Closed Won,Lead,Other Campaigns,Elena Popescu,2026-01-28T00:00:00Z,,,Other,General info@ inbox,0.3,True,False,"Other - reached out via our general info@ inbox. Connected, sending proposal."
100236351,Antoine,Ng,Antoine Ng,first_last,,Adeyemi Logistics Analytics,adeyemi,antoine.n@adeyemilogistics.net,+306993661074,Greece,Closed Lost,Sales Qualified Lead,Referrals,Fatima Rahman,2026-03-27T00:00:00Z,2026-05-22T00:00:00Z,,Referral,Referred by Ethan Ong,0.9,False,False,"Referred by Ethan Ong, warm intro. Left voicemail, will retry."
100236352,Ethan,Rodrigues,Ethan Rodrigues,first_last,,Lau Co.,lau,ethanr@lau.com,+8613812572726,China,Qualified,Opportunity,Organic Search,Diego Alvarez,2026-06-04T00:00:00Z,2026-06-09T00:00:00Z,,Organic Search,Google organic → Homepage,0.75,False,False,Found us through organic google search then landed on the homepage. Qualifying now.
100236353,Rania,Pedersen,Rania Pedersen,first_last,VP Sales,Yap Ventures Inc,yap,rania.p@yapventures.co,+447833948423,United Kingdom,New,,,Grace Osei,2025-10-14T00:00:00Z,,,Website,Book a Demo page — Google Ads,0.85,False,False,Booked a demo via the book-a-demo page after clicking a google ad.
100236354,Zara,Johnson,Zara Johnson,first_last,Finance Manager,Athens Retail Solutions,athens,z.johnson@athensretail.com.au,+918103923731,India,Closed Lost,,Other Campaigns,Rohan Mehta,2025-11-14T00:00:00Z,2026-03-03T00:00:00Z,73,Manual/Sales,Walk-in,0.9,False,False,"Other - walked into our office without an appointment. Left voicemail, will retry."
100236355,Aisha,Schmidt,Aisha Schmidt,first_last,,Reyes Studio,reyes,aisha.schmidt@reyes.com.au,+639827268825,Philippines,Closed Lost,Sales Qualified Lead,Other Campaigns,Wei Chen,2026-04-05T00:00:00Z,,,Manual/Sales,Walk-in,0.9,False,False,"Other - walked into our office without an appointment. Great fit, prioritizing."
100236356,Elijah,Larsen,Elijah Larsen,first_last,Founder,Lindqvist AB Pte. Ltd.,lindqvist,elijah.l@lindqvistab.com.au,+66842381293,Thailand,Contacted,Customer,,Priya Nair,2025-11-19T00:00:00Z,2025-11-19T00:00:00Z,42,Event,APAC Logistics Summit — Booth QR Code,0.9,False,False,"Met her at the APAC Logistics Summit booth, scanned our QR code."
100236357,Catarina,Lim,Catarina Lim,first_last,Head of Growth,Mekong Co,mekong,c.lim@mekong.sg,+5491129206409,Argentina,Contacted,Marketing Qualified Lead,Social Media,Elena Popescu,2025-12-16T00:00:00Z,2026-05-12T00:00:00Z,57,LinkedIn,from Original Source: Social Media,0.55,True,False,Saw our post about replacing hubspot and commented. No response yet.
100236358,Nadia,Osei,Nadia Osei,first_last,Operations Lead,Sim Robotics Trading,sim,nadiao@simrobotics.net,+351953748446,Portugal,Opportunity,Lead,Offline Sources,Priya Nair,2026-05-02T00:00:00Z,2026-06-07T00:00:00Z,,Event,TechCrunch Disrupt — Booth,0.9,False,False,"Spoke with them at our TechCrunch Disrupt booth, no QR scan logged. Very interested, wants pricing call."
100236359,Nadia,Osei,Nadia Osei,first_last,Operations Lead,Sim Robotics Holdings,sim,n.osei@simrobotics.net,+351953748446,Portugal,Opportunity,Lead,Offline Sources,Priya Nair,2026-05-02T00:00:00Z,2026-06-07T00:00:00Z,,Event,TechCrunch Disrupt — Booth,0.9,False,True,"Spoke with them at our TechCrunch Disrupt booth, no QR scan logged. Very interested, wants pricing call. possible duplicate — verify before contacting."
100236360,Sarah,Al-Farsi,Sarah Al-Farsi,first_last,,Han Imports Ltd,han,s.al-farsi@hanimports.net,+351958239197,Portugal,New,Sales Qualified Lead,,Fatima Rahman,2025-12-17T00:00:00Z,2026-03-22T00:00:00Z,59,Manual/Sales,Inbound phone call,0.9,False,False,Manual - added after inbound phone call.
100236361,Freya,Teo,Freya Teo,first_last,,Lindqvist AB Trading,lindqvist,f.teo@lindqvistab.com,+6285955273137,Indonesia,Closed Won,Opportunity,Offline Sources,Noah Bennett,2025-12-26T00:00:00Z,2026-04-02T00:00:00Z,80,Event,Singapore FinTech Festival 2026 — Booth QR Code,0.9,False,False,"He scanned our QR code at the Singapore FinTech Festival 2026 booth. Left voicemail, will retry."
100236362,Yuki,Camara,Yuki Camara,first_last,Finance Manager,GreenLeaf Ltd,greenleaf,yuki.camara@greenleaf.com.au,+6595228224,Singapore,Closed Won,,Other Campaigns,Fatima Rahman,2026-03-03T00:00:00Z,2026-04-25T00:00:00Z,,Other,General info@ inbox,0.3,True,False,Other - reached out via our general info@ inbox. Qualifying now.
100236363,Tiago,Fall,Tiago Fall,first_last,,Goh Digital Inc,goh,tiago.f@gohdigital.com,+306968607937,Greece,New,Marketing Qualified Lead,,Diego Alvarez,2025-11-25T00:00:00Z,,,Website,Product tour page,0.9,False,False,"Filled out the form on the product tour page. Connected, sending proposal."
100236364,Antoine,Adjei,Antoine Adjei,first_last,,Saigon Inc,saigon,antoine.a@saigon.co,+525595862889,Mexico,Qualified,,Other Campaigns,Rohan Mehta,2026-01-06T00:00:00Z,2026-01-06T00:00:00Z,40,Other,General info@ inbox,0.3,True,False,Other - reached out via our general info@ inbox.
100236365,Lucas,Ivanova,Lucas Ivanova,first_last,,Ferrari Consulting Co.,ferrari,lucas.ivanova@ferrariconsulting.sg,+233241941008,Ghana,Closed Lost,Opportunity,,Noah Bennett,2026-02-12T00:00:00Z,2026-05-04T00:00:00Z,,Referral,Referred by Bruno Diallo,0.9,False,False,"Referred by Bruno Diallo, warm intro."
100236366,Olivia,Hossain,Olivia Hossain,first_last,Marketing Director,Sato Freight,sato,olivia.h@sato.io,+61478326977,Australia,New,Other,Other Campaigns,Rohan Mehta,2025-10-15T00:00:00Z,,,Other,General info@ inbox,0.3,True,False,Other - reached out via our general info@ inbox. Not interested for now.
100236367,Seo-yeon,Rao,Seo-yeon Rao,first_last,Head of Growth,Muller GmbH Robotics,muller,seo-yeon.rao@mullergmbh.sg,+971589393433,UAE,Closed Won,Sales Qualified Lead,Organic Search,Marcus Wong,2025-11-02T00:00:00Z,,,Organic Search,Google organic → Homepage,0.75,False,False,Googled us and ended up on the homepage before booking a demo.
100236368,Tom,Oh,Tom Oh,first_last,,Santos Ltda Pte. Ltd.,santos ltda,tom.o@santosltda.biz,+31630692200,Netherlands,Closed Won,Lead,,Noah Bennett,2026-05-20T00:00:00Z,2026-05-21T00:00:00Z,,Organic Search,Google organic → Case study page,0.75,False,False,Found us through organic google search then landed on the case study page. Qualifying now.
100236369,Adam,Bennett,Adam Bennett,first_last,Head of Growth,Hansen Digital Robotics,hansen,adamb@hansendigital.net,+4520651451,Denmark,Closed Lost,,Direct Traffic,Diego Alvarez,2025-10-23T00:00:00Z,,,Website,Product tour page,0.9,False,False,"Filled out the form on the product tour page. Left voicemail, will retry."
100236370,Wei,Pedersen,Wei Pedersen,first_last,Founder,Chua Textiles Labs,chua,weip@chuatextiles.net,+971561542826,UAE,Opportunity,,,Rohan Mehta,2025-12-26T00:00:00Z,2026-03-06T00:00:00Z,,Event,Retail Asia Expo — Booth QR Code,0.9,False,False,"He scanned our QR code at the Retail Asia Expo booth. Connected, sending proposal."
100236371,Luca,Lim,Luca Lim,first_last,,Delta Trading Co,delta,lucal@delta.com.au,+919739757554,India,Closed Won,Marketing Qualified Lead,Offline Sources,Marcus Wong,2026-05-06T00:00:00Z,2026-05-26T00:00:00Z,,Event,Singapore FinTech Festival 2026 — Booth QR Code,0.9,False,False,He scanned our QR code at the Singapore FinTech Festival 2026 booth. Not interested for now.
100236372,Luca,Lim,Luca Lim,first_last,,Delta Trading Co.,delta,luca.lim@delta.com.au,+919739757554,India,Closed Won,Marketing Qualified Lead,Offline Sources,Marcus Wong,2026-05-06T00:00:00Z,,,Event,Singapore FinTech Festival 2026 — Booth QR Code,0.9,False,False,He scanned our QR code at the Singapore FinTech Festival 2026 booth. Not interested for now.
100236373,Priya,Kone,Priya Kone,first_last,Marketing Director,Johnson Pte. Ltd.,johnson,p.kone@johnson.sg,+923402291254,Pakistan,Qualified,Other,,Marcus Wong,2025-10-17T00:00:00Z,,88,Organic Search,Google organic → Contact page,0.75,False,False,"Found us through organic google search then landed on the contact page. Great fit, prioritizing."
100236374,George,Marino,George Marino,first_last,VP Sales,Larsen AS Holdings,larsen,g.marino@larsenas.com.au,+919551030996,India,Contacted,Marketing Qualified Lead,Social Media,Marcus Wong,2025-12-04T00:00:00Z,2026-04-07T00:00:00Z,,LinkedIn,LinkedIn DM,0.9,False,False,"Linkedin dm inbound asking about pricing. Left voicemail, will retry."
100236375,Rohan,Yeo,Rohan Yeo,first_last,,Teo Consulting Freight Solutions,teo,r.yeo@teoconsulting.sg,+917660451359,India,Closed Lost,Opportunity,,Fatima Rahman,2026-05-09T00:00:00Z,,,Website,Book a Demo page,0.9,False,False,Filled out the form on the book-a-demo page.
100236376,Vikram,Johnson,Vikram Johnson,first_last,Marketing Director,Kowalski Freight,kowalski,v.johnson@kowalski.co,+393549901035,Italy,Closed Won,,,Elena Popescu,2026-03-06T00:00:00Z,2026-06-08T00:00:00Z,,Manual/Sales,Inbound phone call,0.9,False,False,Manual - added after inbound phone call. Qualifying now.
100236377,Zainab,Koh,Zainab Koh,first_last,,Patel Fintech Inc.,patel,z.koh@patelfintech.com,+4521239491,Denmark,New,Marketing Qualified Lead,,Fatima Rahman,2025-09-26T00:00:00Z,2025-09-26T00:00:00Z,,LinkedIn,LinkedIn post engagement,0.9,False,False,Connected on LinkedIn after commenting on our post.
100236378,Elena,Kowalski,Elena Kowalski,first_last,VP Sales,Koh & Sons Co,koh,elena.k@kohsons.com,+447968889167,United Kingdom,Connected,Other,,Hana Kobayashi,2025-10-01T00:00:00Z,,,Organic Search,Google organic → Book a Demo page,0.75,False,False,Found us through organic google search then landed on the book-a-demo page.
100236379,Zainab,Ong,Zainab Ong,first_last,,Reyes Retail Group,reyes,zainab.ong@reyes.com,+61467169481,Australia,New,Customer,Referrals,Fatima Rahman,2025-10-09T00:00:00Z,,,Referral,Referred by Rin Alves,0.9,False,False,"Referred by Rin Alves, warm intro. Great fit, prioritizing."
100236380,Z.,Ong,Z. Ong,full_name,,Reyes Retail Co.,reyes,zainabong@reyes.com,+61467169481,Australia,New,Customer,Referrals,Fatima Rahman,2025-10-09T00:00:00Z,2026-05-12T00:00:00Z,,Referral,Referred by Rin Alves,0.9,False,True,"Referred by Rin Alves, warm intro. Great fit, prioritizing. possible duplicate — verify before contacting."
100236381,Adam,Toure,Adam Toure,first_last,,Zahra Ventures,zahra,a.toure@zahra.com.au,+61443665840,Australia,New,Other,,Marcus Wong,2026-05-20T00:00:00Z,,,Referral,Referred by Amir Seo,0.75,False,False,"Referred by Amir Seo, warm intro."
100236382,Ahmed,Lim,Ahmed Lim,first_last,,Ng Freight Consulting,ng,ahmedl@ngfreight.sg,+8613548474544,China,Closed Lost,Lead,Other Campaigns,Hana Kobayashi,2025-09-09T00:00:00Z,2026-04-10T00:00:00Z,,Manual/Sales,Inbound phone call,0.9,False,False,"Manual - added after inbound phone call. Very interested, wants pricing call."
100236383,Ahmed,Lim,Ahmed Lim,first_last,,Ng Freight Holdings,ng,ahmedl@ngfreight.sg,+8613548474544,China,Closed Lost,Lead,Other Campaigns,Hana Kobayashi,2025-09-09T00:00:00Z,2026-04-10T00:00:00Z,,Manual/Sales,Inbound phone call,0.9,False,True,"Manual - added after inbound phone call. Very interested, wants pricing call. possible duplicate — verify before contacting."
100236384,Sigrid,Rahman,Sigrid Rahman,first_last,,Reddy Holdings Co.,reddy,s.rahman@reddyholdings.sg,+60171999822,Malaysia,Opportunity,Marketing Qualified Lead,,Priya Nair,2025-09-08T00:00:00Z,2026-03-16T00:00:00Z,,LinkedIn,LinkedIn post engagement,0.9,False,False,Connected on LinkedIn after commenting on our post.
100236385,Min-jun,Reyes,Min-jun Reyes,first_last,Finance Manager,Rao Ventures Holdings,rao,m.reyes@raoventures.net,+60168334585,Malaysia,Qualified,,Direct Traffic,Hana Kobayashi,2025-11-01T00:00:00Z,2025-11-01T00:00:00Z,,Website,Homepage,0.9,False,False,Filled out the form on the homepage. Qualifying now.
100236386,Min-jun,Reyes,Min-jun Reyes,first_last,Finance Manager,Rao Ventures Inc,rao,min-junreyes@raoventures.net,+60168334585,Malaysia,Qualified,,Direct Traffic,Hana Kobayashi,2025-11-01T00:00:00Z,2025-11-01T00:00:00Z,,Website,Homepage,0.9,False,False,Filled out the form on the homepage. Qualifying now.
100236387,Min-jun,Reyes,Min-jun Reyes,first_last,Finance Manager,Rao Ventures Ltd,rao,min-junreyes@raoventures.net,+60168334585,Malaysia,Qualified,,Direct Traffic,Hana Kobayashi,2025-11-01T00:00:00Z,2025-11-01T00:00:00Z,,Website,Homepage,0.9,False,False,Filled out the form on the homepage. Qualifying now.
100236388,Ha-eun,Hoffmann,Ha-eun Hoffmann,first_last,Head of Growth,Goh Digital & Co,goh,h.hoffmann@gohdigital.com,+84918467448,Vietnam,Closed Lost,Opportunity,Other Campaigns,Grace Osei,2026-01-03T00:00:00Z,,,Manual/Sales,Walk-in,0.9,False,False,"Other - walked into our office without an appointment. Left voicemail, will retry."
100236389,Linh,Huang,Linh Huang,first_last,Marketing Director,Mensah Trading & Co,mensah,linhh@mensahtrading.sg,+46706314210,Sweden,New,Lead,,Priya Nair,2026-01-29T00:00:00Z,2026-01-29T00:00:00Z,,Organic Search,Google organic → Contact page,0.75,False,False,"Googled us and ended up on the contact page before booking a demo. Connected, sending proposal."
100236390,Noah,Singh,Noah Singh,first_last,,Johnson Inc.,johnson,noah.s@johnson.co,+79171853477,Russia,New,Other,Other Campaigns,Hana Kobayashi,2026-02-17T00:00:00Z,2026-02-28T00:00:00Z,,Manual/Sales,Walk-in,0.9,False,False,Other - walked into our office without an appointment.
100236391,Rania,Tanaka,Rania Tanaka,first_last,,Bakker Pte Ltd,bakker,rania.tanaka@bakker.sg,+2348051728091,Nigeria,Closed Lost,Sales Qualified Lead,Paid Search,Hana Kobayashi,2026-05-06T00:00:00Z,2026-06-17T00:00:00Z,,Website,Book a Demo page — Google Ads,0.85,False,False,Booked a demo via the book-a-demo page after clicking a google ad.
100236392,R.,Tanaka,R. Tanaka,full_name,,Bakker Trading Co,bakker,rania.tanaka@bakker.sg,+2348051728091,Nigeria,Closed Lost,Sales Qualified Lead,Paid Search,Hana Kobayashi,2026-05-06T00:00:00Z,2026-06-17T00:00:00Z,,Website,Book a Demo page — Google Ads,0.85,False,True,Booked a demo via the book-a-demo page after clicking a google ad. possible duplicate — verify before contacting.
100236393,Daniel,Ferreira,Daniel Ferreira,first_last,Marketing Director,Lau Ventures,lau,daniel.ferreira@lau.net,+66782733080,Thailand,Connected,Other,,Diego Alvarez,2026-05-11T00:00:00Z,2026-06-18T00:00:00Z,,Website,Homepage,0.9,False,False,Filled out the form on the homepage. No response yet.
100236394,Daniel,Ferreira,Daniel Ferreira,full_name,Marketing Director,Lau Freight Solutions,lau,danielf@lau.net,+66782733080,Thailand,Connected,Other,,Diego Alvarez,2026-05-11T00:00:00Z,,,Website,Homepage,0.9,False,False,Filled out the form on the homepage. No response yet.
100236395,Julien,Christensen,Julien Christensen,first_last,,Kim Trading Retail Group,kim,j.christensen@kimtrading.sg,+233267828820,Ghana,Qualified,,Social Media,Diego Alvarez,2026-04-29T00:00:00Z,2026-05-27T00:00:00Z,,LinkedIn,LinkedIn DM,0.9,False,False,"Linkedin dm inbound asking about pricing. Connected, sending proposal."
100236396,Elin,Rossi,Elin Rossi,first_last,Marketing Director,Lotus Finance Trading,lotus,elin.rossi@lotusfinance.net,+66641086976,Thailand,Contacted,Opportunity,,Diego Alvarez,2025-11-04T00:00:00Z,2026-04-21T00:00:00Z,,Referral,Referred by Ethan Martinez,0.9,False,False,"Referred by Ethan Martinez, warm intro. Very interested, wants pricing call."
100236397,Elin,Rossi,Elin Rossi,first_last,Marketing Director,Lotus Finance Freight,lotus,elinrossi@lotusfinance.net,+66641086976,Thailand,Contacted,Opportunity,,Diego Alvarez,2025-11-04T00:00:00Z,2026-04-21T00:00:00Z,,Referral,Referred by Ethan Martinez,0.9,False,True,"Referred by Ethan Martinez, warm intro. Very interested, wants pricing call. possible duplicate — verify before contacting."
100236398,Luca,Pedersen,Luca Pedersen,first_last,Head of Growth,Ferrari Consulting Inc,ferrari,luca.pedersen@ferrariconsulting.co,+34667966967,Spain,Qualified,Lead,,Wei Chen,2026-03-06T00:00:00Z,2026-06-09T00:00:00Z,,Event,Money20/20 Asia — Booth QR Code,0.9,False,False,"Scanned the QR code at our Money20/20 Asia booth. Connected, sending proposal."
100236399,Lucas,Jensen,Lucas Jensen,first_last,,Bennett & Co,bennett,lucasj@bennett.biz,+34653850444,Spain,Closed Lost,Other,,Hana Kobayashi,2026-03-19T00:00:00Z,,62,LinkedIn,LinkedIn post engagement,0.9,False,False,"Connected on LinkedIn after commenting on our post. Connected, sending proposal."
100236400,Marco,Silva,Marco Silva,first_last,Operations Lead,Chua Textiles Freight Solutions,chua,m.silva@chuatextiles.biz,+233266856357,Ghana,Closed Lost,Customer,Other Campaigns,Rohan Mehta,2026-05-13T00:00:00Z,,72,Manual/Sales,Inbound phone call,0.9,False,False,"Manual - added after inbound phone call. Very interested, wants pricing call."
100236401,Pooja,Wu,Pooja Wu,first_last,Head of Growth,Yap Ventures Retail Group,yap,poojaw@yapventures.net,+85271471927,Hong Kong,Qualified,Customer,,Noah Bennett,2025-10-23T00:00:00Z,2025-12-19T00:00:00Z,,LinkedIn,LinkedIn DM,0.9,False,False,Linkedin dm inbound asking about pricing.
100236402,Marco,Yeo,Marco Yeo,first_last,,Kowalski Co,kowalski,marco.yeo@kowalski.co,+8613622116712,China,Qualified,Customer,Referrals,Hana Kobayashi,2026-05-30T00:00:00Z,2026-05-30T00:00:00Z,28,Referral,Referred by Noah Jung,0.9,False,False,"Referred by Noah Jung, warm intro. Not interested for now."
100236403,Adam,Ang,Adam Ang,first_last,Marketing Director,Diallo Imports Trading Co,diallo,a.ang@dialloimports.com.au,+491695721220,Germany,New,Customer,Referrals,Priya Nair,2025-10-17T00:00:00Z,2026-04-07T00:00:00Z,,Referral,Referred by Ahmed Zahra,0.9,False,False,"Referred by Ahmed Zahra, warm intro."
100236404,Aiko,Ferrari,Aiko Ferrari,first_last,Head of Growth,Ferrari Consulting Labs,ferrari,aiko.ferrari@ferrariconsulting.co,+66714504089,Thailand,Closed Won,Marketing Qualified Lead,Other Campaigns,Elena Popescu,2025-10-01T00:00:00Z,,,Other,General info@ inbox,0.3,True,False,Other - reached out via our general info@ inbox. Qualifying now.
100236405,Vikram,Ng,Vikram Ng,first_last,,Chua Textiles Group,chua,v.ng@chuatextiles.sg,+233273476021,Ghana,Closed Lost,Customer,,Grace Osei,2025-09-28T00:00:00Z,,,Website,Homepage,0.9,False,False,Filled out the form on the homepage. Not interested for now.
100236406,Vikram,Ng,Vikram Ng,first_last,,Chua Textiles Trading,chua,v.ng@chuatextiles.sg,+233273476021,Ghana,Closed Lost,Customer,,Grace Osei,2025-09-28T00:00:00Z,2025-10-02T00:00:00Z,,Website,Homepage,0.9,False,True,Filled out the form on the homepage. Not interested for now. possible duplicate — verify before contacting.
100236407,Chidi,Greco,Chidi Greco,first_last,Head of Growth,Rao Ventures Solutions,rao,c.greco@raoventures.com.au,+5511996265397,Brazil,Closed Won,Customer,,Marcus Wong,2025-11-27T00:00:00Z,2026-03-18T00:00:00Z,,Other,,0.3,True,False,Saw our post about replacing hubspot and commented. Not interested for now.
100236408,Kofi,Sy,Kofi Sy,first_last,,Athens Retail Analytics,athens,kofi.sy@athensretail.co,+4527381995,Denmark,Opportunity,Lead,Offline Sources,Wei Chen,2025-09-10T00:00:00Z,,,Event,Singapore FinTech Festival 2026 — Booth QR Code,0.9,False,False,Scanned the QR code at our Singapore FinTech Festival 2026 booth. Qualifying now.
100236409,Lars,Gomes,Lars Gomes,first_last,VP Sales,Ferrari Consulting Group,ferrari,lars.g@ferrariconsulting.com.au,+15665550140,United States,New,Lead,Other Campaigns,Elena Popescu,2025-12-17T00:00:00Z,,,Manual/Sales,Cold outreach call,0.9,False,False,Manually added by sales after a phone call from a cold outreach list. No response yet.
100236410,Lars,Gomes,Lars Gomes,full_name,VP Sales,Ferrari Consulting Analytics,ferrari,lars.gomes@ferrariconsulting.com.au,+15665550140,United States,New,Lead,Other Campaigns,Elena Popescu,2025-12-17T00:00:00Z,,,Manual/Sales,Cold outreach call,0.9,False,True,Manually added by sales after a phone call from a cold outreach list. No response yet. possible duplicate — verify before contacting.
100236411,Diego,Malik,Diego Malik,first_last,Marketing Director,Huang Analytics Freight Solutions,huang,diego.m@huanganalytics.net,+61468318341,Australia,Closed Won,Customer,Direct Traffic,Hana Kobayashi,2025-09-23T00:00:00Z,,,Website,Pricing page,0.9,False,False,"Filled out the form on the pricing page. Connected, sending proposal."
100236412,Kenji,Kumar,Kenji Kumar,first_last,Finance Manager,Lindqvist AB Trading Co,lindqvist,k.kumar@lindqvistab.com,+525572466482,Mexico,Connected,,Other Campaigns,Elena Popescu,2026-04-07T00:00:00Z,2026-04-13T00:00:00Z,,Event,Retail Asia Expo — Booth,0.9,False,False,"Met at the booth during Retail Asia Expo, said they'd follow up over email. Left voicemail, will retry."
100236413,Ravi,Agyemang,Ravi Agyemang,first_last,Marketing Director,Zhang Holdings,zhang,r.agyemang@zhang.biz,+6282463737659,Indonesia,New,,,Wei Chen,2026-05-05T00:00:00Z,2026-05-17T00:00:00Z,,Website,Comparison vs HubSpot page,0.9,False,False,Filled out the form on the comparison-vs-hubspot page. Not interested for now.
100236414,Rin,Agyemang,Rin Agyemang,first_last,Founder,Zhang Holdings,zhang,rin.agyemang@zhang.biz,+48651997369,Poland,Closed Lost,Other,Organic Search,Rohan Mehta,2026-04-01T00:00:00Z,2026-06-02T00:00:00Z,,Organic Search,Google organic → Comparison vs HubSpot page,0.75,False,False,Found us through organic google search then landed on the comparison-vs-hubspot page. Not interested for now.
100236415,Benjamin,Sorensen,Benjamin Sorensen,first_last,,Chen Digital Holdings,chen,benjamin.s@chendigital.co,+639812747578,Philippines,Qualified,Other,,Rohan Mehta,2026-03-15T00:00:00Z,2026-04-25T00:00:00Z,,Website,Comparison vs HubSpot page,0.9,False,False,"Filled out the form on the comparison-vs-hubspot page. Connected, sending proposal."
100236416,Aisha,Gomes,Aisha Gomes,first_last,Head of Growth,Yap Ventures Freight Solutions,yap,aisha.gomes@yapventures.co,+6285230294724,Indonesia,Qualified,Other,,Rohan Mehta,2026-04-01T00:00:00Z,,,LinkedIn,LinkedIn DM,0.9,False,False,Linkedin dm inbound asking about pricing.
100236417,Abena,Gomes,Abena Gomes,first_last,,Yap Ventures Freight Solutions,yap,abena.gomes@yapventures.co,+5491122745336,Argentina,Contacted,Opportunity,,Grace Osei,2026-04-30T00:00:00Z,2026-05-14T00:00:00Z,,Referral,Referred by Sigrid Muller,0.9,False,False,"Referred by Sigrid Muller, warm intro."
100236418,Elin,Adjei,Elin Adjei,first_last,Operations Lead,Rao Ventures Inc,rao,elin.adjei@raoventures.biz,+6595845102,Singapore,Contacted,Customer,,Diego Alvarez,2026-03-08T00:00:00Z,,,Event,APAC Logistics Summit — Booth QR Code,0.9,False,False,Scanned the QR code at our APAC Logistics Summit booth.
100236419,George,Zhao,George Zhao,first_last,VP Sales,Foster Retail Group,foster,g.zhao@foster.com.au,+818135958413,Japan,Contacted,Other,,Grace Osei,2026-05-07T00:00:00Z,2026-05-19T00:00:00Z,,LinkedIn,LinkedIn DM,0.9,False,False,Linkedin dm inbound asking about pricing.
100236420,Ngozi,Rodrigues,Ngozi Rodrigues,first_last,,Adeyemi Logistics Partners,adeyemi,ngozi.rodrigues@adeyemilogistics.com,+923206741868,Pakistan,Closed Won,Opportunity,,Wei Chen,2025-10-02T00:00:00Z,2026-05-02T00:00:00Z,,Event,Singapore FinTech Festival 2026 — Booth QR Code,0.9,False,False,He scanned our QR code at the Singapore FinTech Festival 2026 booth.
100236421,Rania,Marino,Rania Marino,first_last,VP Sales,Mekong Consulting,mekong,raniam@mekong.co,+8613530197413,China,Qualified,Opportunity,Other Campaigns,Marcus Wong,2026-04-12T00:00:00Z,,,Other,General info@ inbox,0.3,True,False,Other - reached out via our general info@ inbox. No response yet.
100236422,Kofi,Costa,Kofi Costa,first_last,Marketing Director,Teo Consulting Inc.,teo,kofi.costa@teoconsulting.net,+917582552759,India,Closed Won,Sales Qualified Lead,,Grace Osei,2025-09-24T00:00:00Z,2025-10-04T00:00:00Z,,Website,Book a Demo page — Google Ads,0.85,False,False,Booked a demo via the book-a-demo page after clicking a google ad.
100236423,Ines,Park,Ines Park,first_last,Head of Growth,Wang Manufacturing Group,wang,ines.park@wangmanufacturing.com,+84905477381,Vietnam,Connected,Customer,Direct Traffic,Diego Alvarez,2026-05-22T00:00:00Z,,,Website,Blog — lead scoring,0.9,False,False,Filled out the form on the blog post on lead scoring.
100236424,Camille,Hossain,Camille Hossain,first_last,Founder,Williams Labs,williams,c.hossain@williams.net,+233257381087,Ghana,Connected,Sales Qualified Lead,Direct Traffic,Hana Kobayashi,2025-09-27T00:00:00Z,2026-03-07T00:00:00Z,82,Website,Blog — lead scoring,0.9,False,False,"Filled out the form on the blog post on lead scoring. Connected, sending proposal."
100236425,Camille,Boateng,Camille Boateng,first_last,Head of Growth,Ferrari Consulting Pte. Ltd.,ferrari,camille.boateng@ferrariconsulting.net,+5491163709043,Argentina,Connected,Sales Qualified Lead,Direct Traffic,Hana Kobayashi,2025-12-17T00:00:00Z,2026-04-26T00:00:00Z,40,Website,Comparison vs HubSpot page,0.9,False,False,Filled out the form on the comparison-vs-hubspot page. Not interested for now.
100236426,Camille,Boateng,Camille Boateng,first_last,Head of Growth,Ferrari Consulting Labs,ferrari,camilleb@ferrariconsulting.net,+5491163709043,Argentina,Connected,Sales Qualified Lead,Direct Traffic,Hana Kobayashi,2025-12-17T00:00:00Z,,40,Website,Comparison vs HubSpot page,0.9,False,False,Filled out the form on the comparison-vs-hubspot page. Not interested for now.
100236427,Camille,Boateng,Camille Boateng,first_last,Head of Growth,Ferrari Consulting Ventures,ferrari,camilleb@ferrariconsulting.net,+5491163709043,Argentina,Connected,Sales Qualified Lead,Direct Traffic,Hana Kobayashi,2025-12-17T00:00:00Z,2026-04-26T00:00:00Z,40,Website,Comparison vs HubSpot page,0.9,False,True,Filled out the form on the comparison-vs-hubspot page. Not interested for now. possible duplicate — verify before contacting.
100236428,Kevin,Rao,Kevin Rao,first_last,,Nord Pte Ltd,nord,kevin.rao@nord.biz,+2348057471683,Nigeria,Connected,Other,,Grace Osei,2025-10-05T00:00:00Z,,,Organic Search,Google organic → Homepage,0.75,False,False,Googled us and ended up on the homepage before booking a demo. Qualifying now.
100236429,Isabelle,Nair,Isabelle Nair,first_last,Marketing Director,Chen Digital Co,chen,i.nair@chendigital.net,+84961527012,Vietnam,Qualified,Marketing Qualified Lead,,Noah Bennett,2025-09-24T00:00:00Z,,,Organic Search,Google organic → Book a Demo page,0.75,False,False,"Found us through organic google search then landed on the book-a-demo page. Left voicemail, will retry."
100236430,Vikram,Chua,Vikram Chua,first_last,Marketing Director,Kilat Retail Co.,kilat,vikramc@kilatretail.sg,+85257736017,Hong Kong,Closed Lost,Sales Qualified Lead,Referrals,Elena Popescu,2026-01-22T00:00:00Z,2026-05-09T00:00:00Z,,Referral,Referred by George Ndiaye,0.9,False,False,"Referred by George Ndiaye, warm intro. Great fit, prioritizing."
100236431,Luca,Wagner,Luca Wagner,first_last,Operations Lead,Mensah Trading & Co,mensah,luca.wagner@mensahtrading.biz,+821042511128,South Korea,Connected,Marketing Qualified Lead,Social Media,Fatima Rahman,2026-01-02T00:00:00Z,,38,LinkedIn,LinkedIn post engagement,0.9,False,False,Connected on LinkedIn after commenting on our post. Qualifying now.
100236432,Luca,Wagner,Luca Wagner,first_last,Operations Lead,Mensah Trading & Co,mensah,lucawagner@mensahtrading.biz,+821042511128,South Korea,Connected,Marketing Qualified Lead,Social Media,Fatima Rahman,2026-01-02T00:00:00Z,,38,LinkedIn,LinkedIn post engagement,0.9,False,True,Connected on LinkedIn after commenting on our post. Qualifying now. possible duplicate — verify before contacting.
100236433,L.,Wagner,L. Wagner,full_name,Operations Lead,Mensah Trading & Robotics,mensah,lucawagner@mensahtrading.biz,+821042511128,South Korea,Connected,Marketing Qualified Lead,Social Media,Fatima Rahman,2026-01-02T00:00:00Z,2026-05-14T00:00:00Z,38,LinkedIn,LinkedIn post engagement,0.9,False,False,Connected on LinkedIn after commenting on our post. Qualifying now.
100236434,Valentina,Zhang,Valentina Zhang,first_last,,Park Biotech Pte Ltd,park,v.zhang@parkbiotech.com,+31686049191,Netherlands,New,Other,Other Campaigns,Hana Kobayashi,2026-03-05T00:00:00Z,2026-03-05T00:00:00Z,,Manual/Sales,Inbound phone call,0.9,False,False,Manual - added after inbound phone call.
100236435,Zara,Petersen,Zara Petersen,first_last,,Li Consulting Ltd,li,zara.p@liconsulting.sg,+6584877536,Singapore,Closed Won,,Direct Traffic,Rohan Mehta,2026-05-27T00:00:00Z,2026-05-27T00:00:00Z,,Website,Product tour page,0.9,False,False,"Filled out the form on the product tour page. Connected, sending proposal."
100236436,Marcus,Verma,Marcus Verma,first_last,VP Sales,Nord Studio,nord,marcus.v@nord.com.au,+971503223020,UAE,New,Customer,,Priya Nair,2026-05-30T00:00:00Z,2026-06-16T00:00:00Z,,Manual/Sales,Inbound phone call,0.9,False,False,"Manual - added after inbound phone call. Connected, sending proposal."
100236437,Seo-yeon,Ferreira,Seo-yeon Ferreira,first_last,Finance Manager,Popescu Freight Solutions,popescu,s.ferreira@popescu.sg,+48515287202,Poland,Contacted,Lead,,Rohan Mehta,2025-09-16T00:00:00Z,2026-04-20T00:00:00Z,,Website,Contact page,0.9,False,False,Filled out the form on the contact page.
100236438,Ava,Ferreira,Ava Ferreira,first_last,Finance Manager,Popescu Freight Solutions,popescu,ava.ferreira@popescu.sg,+447924212108,United Kingdom,Contacted,Opportunity,Other Campaigns,Rohan Mehta,2026-05-29T00:00:00Z,2026-06-07T00:00:00Z,,Manual/Sales,Walk-in,0.9,False,False,Other - walked into our office without an appointment. No response yet.
100236439,George,Andersen,George Andersen,first_last,,Liu Trading,liu,georgea@liutrading.io,+233297165514,Ghana,Closed Lost,Sales Qualified Lead,Other Campaigns,Fatima Rahman,2025-12-10T00:00:00Z,,,Manual/Sales,Walk-in,0.9,False,False,Other - walked into our office without an appointment. Not interested for now.
100236440,Lars,Almeida,Lars Almeida,first_last,Finance Manager,Malik Trading,malik,lars.almeida@malik.co,+818082458356,Japan,Connected,Opportunity,,Noah Bennett,2025-11-11T00:00:00Z,2025-11-11T00:00:00Z,,Referral,Referred by Matteo Santos,0.9,False,False,"Referred by Matteo Santos, warm intro. Very interested, wants pricing call."
100236441,Amir,Patel,Amir Patel,first_last,VP Sales,Adeyemi Logistics Co,adeyemi,amir.p@adeyemilogistics.io,+233293771715,Ghana,Qualified,Other,,Priya Nair,2025-10-21T00:00:00Z,,,Organic Search,Google organic → Blog — lead scoring,0.75,False,False,"Found us through organic google search then landed on the blog post on lead scoring. Left voicemail, will retry."
100236442,Tiago,Kone,Tiago Kone,first_last,Head of Growth,Reyes Consulting,reyes,tiagok@reyes.biz,+79936136333,Russia,Opportunity,Opportunity,,Noah Bennett,2025-10-15T00:00:00Z,,,Website,Book a Demo page — Google Ads,0.85,False,False,Booked a demo via the book-a-demo page after clicking a google ad. Not interested for now.
100236443,Wei Chen,Wagner,Wei Chen Wagner,first_last,Head of Growth,Reyes & Co,reyes,weichenw@reyes.biz,+6591321856,Singapore,Closed Lost,Lead,,Wei Chen,2026-04-08T00:00:00Z,,,Website,Pricing page,0.9,False,False,Filled out the form on the pricing page.
100236444,Min-jun,Kapoor,Min-jun Kapoor,first_last,,Bakker Group,bakker,m.kapoor@bakker.biz,+639161988775,Philippines,Opportunity,,,Diego Alvarez,2026-03-24T00:00:00Z,2026-03-24T00:00:00Z,,Manual/Sales,Inbound phone call,0.9,False,False,Manual - added after inbound phone call.
100236445,Sophia,Patel,Sophia Patel,first_last,,Teo Consulting Co.,teo,sophia.patel@teoconsulting.io,+306974827551,Greece,Opportunity,Lead,,Priya Nair,2026-04-18T00:00:00Z,2026-04-18T00:00:00Z,,Other,,0.3,True,False,Saw our post about replacing hubspot and commented.
100236446,Elin,Hoffmann,Elin Hoffmann,first_last,Head of Growth,Rossi SRL & Co,rossi,elinh@rossisrl.io,+46708819562,Sweden,Connected,Marketing Qualified Lead,,Noah Bennett,2026-03-02T00:00:00Z,,72,Organic Search,Google organic → Blog — lead scoring,0.75,False,False,Googled us and ended up on the blog post on lead scoring before booking a demo. Not interested for now.
100236447,Ines,Sorensen,Ines Sorensen,first_last,,Kowalski Studio,kowalski,ines.s@kowalski.biz,+4529331743,Denmark,Closed Lost,Lead,Other Campaigns,Grace Osei,2026-02-13T00:00:00Z,2026-05-25T00:00:00Z,,Manual/Sales,Walk-in,0.9,False,False,"Other - walked into our office without an appointment. Left voicemail, will retry."
100236448,Antoine,Marino,Antoine Marino,first_last,Head of Growth,Huang Analytics Group,huang,antoinem@huanganalytics.biz,+14335550199,United States,Closed Lost,Marketing Qualified Lead,,Elena Popescu,2026-02-06T00:00:00Z,2026-06-02T00:00:00Z,,LinkedIn,LinkedIn DM,0.9,False,False,Linkedin dm inbound asking about pricing.
100236449,Pedro,Kang,Pedro Kang,first_last,Marketing Director,Liu Trading Group,liu,pedro.kang@liutrading.com,+306987422220,Greece,New,Lead,Other Campaigns,Elena Popescu,2026-04-15T00:00:00Z,2026-05-22T00:00:00Z,,Manual/Sales,Walk-in,0.9,False,False,Other - walked into our office without an appointment. Qualifying now.
100236450,Camille,Sim,Camille Sim,first_last,Finance Manager,Tanaka Labs,tanaka,camille.sim@tanaka.com,+393814728693,Italy,Opportunity,Customer,Direct Traffic,Elena Popescu,2025-10-16T00:00:00Z,2026-05-21T00:00:00Z,,Website,Comparison vs HubSpot page,0.9,False,False,"Filled out the form on the comparison-vs-hubspot page. Connected, sending proposal."
100236451,Sigrid,Aina,Sigrid Aina,first_last,,Ang Analytics Pte Ltd,ang,s.aina@anganalytics.sg,+6284063865791,Indonesia,Contacted,Sales Qualified Lead,,Hana Kobayashi,2026-06-04T00:00:00Z,2026-06-12T00:00:00Z,,Website,Pricing page,0.9,False,False,"Filled out the form on the pricing page. Left voicemail, will retry."
100236452,Seo-yeon,Huang,Seo-yeon Huang,first_last,,Bennett Solutions,bennett,s.huang@bennett.com.au,+212691681672,Morocco,New,Sales Qualified Lead,Paid Search,Priya Nair,2026-04-16T00:00:00Z,2026-04-16T00:00:00Z,,Website,Book a Demo page — Google Ads,0.85,False,False,"Booked a demo via the book-a-demo page after clicking a google ad. Very interested, wants pricing call."
100236453,So-young,Colombo,So-young Colombo,first_last,,Ho Bros Robotics,ho,so-young.colombo@hobros.sg,+33672157175,France,Opportunity,,,Fatima Rahman,2026-04-14T00:00:00Z,,,Other,,0.3,True,False,Saw our post about replacing hubspot and commented.
100236454,Sora,Tanaka,Sora Tanaka,first_last,Finance Manager,Schmidt AG Labs,schmidt ag,s.tanaka@schmidtag.com.au,+5511969368411,Brazil,Closed Lost,Customer,Direct Traffic,Wei Chen,2026-05-28T00:00:00Z,2026-06-01T00:00:00Z,,Website,Pricing page,0.9,False,False,"Filled out the form on the pricing page. Very interested, wants pricing call."
100236455,Omar,Camara,Omar Camara,first_last,Marketing Director,Wang Manufacturing Analytics,wang,o.camara@wangmanufacturing.io,+61419763556,Australia,Opportunity,,,Fatima Rahman,2025-10-07T00:00:00Z,,,Referral,Referred by Antoine Appiah,0.9,False,False,"Referred by Antoine Appiah, warm intro."
100236456,Wei,Lim,Wei Lim,first_last,Marketing Director,Teo Consulting Trading Co,teo,weil@teoconsulting.co,+525586031924,Mexico,Closed Won,Lead,Organic Search,Grace Osei,2025-11-01T00:00:00Z,2026-01-23T00:00:00Z,,Organic Search,Google organic → Pricing page,0.75,False,False,Googled us and ended up on the pricing page before booking a demo.
100236457,Jia Hui,Sorensen,Jia Hui Sorensen,first_last,,Tanaka Trading,tanaka,j.sorensen@tanaka.net,+923609650608,Pakistan,Closed Lost,Customer,Direct Traffic,Hana Kobayashi,2026-02-10T00:00:00Z,,,Website,Case study page,0.9,False,False,"Filled out the form on the case study page. Connected, sending proposal."
100236458,Jia Hui,Sorensen,Jia Hui Sorensen,first_last,,Tanaka Group,tanaka,jiahuis@tanaka.net,+923609650608,Pakistan,Closed Lost,Customer,Direct Traffic,Hana Kobayashi,2026-02-10T00:00:00Z,2026-03-01T00:00:00Z,,Website,Case study page,0.9,False,True,"Filled out the form on the case study page. Connected, sending proposal. possible duplicate — verify before contacting."
100236459,Kwame,Ang,Kwame Ang,first_last,Founder,Han Imports Freight,han,kwamea@hanimports.io,+6588859079,Singapore,Qualified,Other,,Marcus Wong,2026-03-01T00:00:00Z,2026-03-30T00:00:00Z,34,Manual/Sales,Inbound phone call,0.9,False,False,Manual - added after inbound phone call.
100236460,Kwame,Ang,Kwame Ang,first_last,Founder,Han Imports Digital,han,k.ang@hanimports.io,+6588859079,Singapore,Qualified,Other,,Marcus Wong,2026-03-01T00:00:00Z,2026-03-30T00:00:00Z,34,Manual/Sales,Inbound phone call,0.9,False,True,Manual - added after inbound phone call. possible duplicate — verify before contacting.
100236461,Elin,Fall,Elin Fall,first_last,Founder,Owusu Freight Ltd,owusu,elinf@owusufreight.biz,+84943405458,Vietnam,New,,,Marcus Wong,2025-09-01T00:00:00Z,2026-03-20T00:00:00Z,,Referral,Referred by Xiu Ying,0.9,False,False,"Referred by Xiu Ying Ricci, warm intro. Connected, sending proposal."
100236462,Luca,Andersen,Luca Andersen,first_last,Head of Growth,Costa Trading Ltd,costa,luca.andersen@costatrading.net,+393405439513,Italy,Connected,Customer,Referrals,Priya Nair,2025-11-17T00:00:00Z,2025-11-30T00:00:00Z,,Referral,Referred by Meera Koch,0.9,False,False,"Referred by Meera Koch, warm intro."
100236463,Mia,Kumar,Mia Kumar,first_last,,Zahra Robotics,zahra,miak@zahra.net,+8801856725382,Bangladesh,New,Opportunity,,Rohan Mehta,2025-10-06T00:00:00Z,,,Event,SaaStr Annual — Booth,0.9,False,False,"Met at the booth during SaaStr Annual, said they'd follow up over email. Very interested, wants pricing call."
100236464,Elin,Patel,Elin Patel,first_last,VP Sales,Bakker Pte. Ltd.,bakker,elin.patel@bakker.co,+818486888259,Japan,Opportunity,Opportunity,,Fatima Rahman,2025-10-24T00:00:00Z,2026-01-04T00:00:00Z,,LinkedIn,LinkedIn post engagement,0.9,False,False,Connected on LinkedIn after commenting on our post.
100236465,Elin,Patel,Elin Patel,first_last,VP Sales,Bakker Ventures,bakker,elinp@bakker.co,+818486888259,Japan,Opportunity,Opportunity,,Fatima Rahman,2025-10-24T00:00:00Z,,,LinkedIn,LinkedIn post engagement,0.9,False,True,Connected on LinkedIn after commenting on our post. possible duplicate — verify before contacting.
100236466,Catarina,Muller,Catarina Muller,first_last,Marketing Director,Yap Ventures Trading Co,yap,catarina.m@yapventures.io,+33674339939,France,New,,,Priya Nair,2026-06-19T00:00:00Z,2026-06-19T00:00:00Z,,Website,Comparison vs HubSpot page,0.9,False,False,Filled out the form on the comparison-vs-hubspot page. No response yet.
100236467,Rachel,Ho,Rachel Ho,first_last,Operations Lead,Diallo Imports Trading,diallo,rachel.ho@dialloimports.sg,+491509987580,Germany,Contacted,Customer,,Wei Chen,2026-01-29T00:00:00Z,2026-05-12T00:00:00Z,,Organic Search,Google organic → Book a Demo page,0.75,False,False,Found us through organic google search then landed on the book-a-demo page.
100236468,Nadia,Larsen,Nadia Larsen,first_last,Marketing Director,Lindqvist AB Ltd,lindqvist,n.larsen@lindqvistab.net,+819020276973,Japan,New,Customer,,Marcus Wong,2026-01-02T00:00:00Z,2026-05-30T00:00:00Z,75,Website,Pricing page,0.9,False,False,Filled out the form on the pricing page. Not interested for now.
100236469,Elijah,Huang,Elijah Huang,first_last,VP Sales,Rossi SRL Solutions,rossi,elijah.huang@rossisrl.com.au,+6288936308110,Indonesia,Closed Won,,Social Media,Rohan Mehta,2025-09-28T00:00:00Z,2025-09-28T00:00:00Z,57,LinkedIn,LinkedIn DM,0.9,False,False,"Linkedin dm inbound asking about pricing. Very interested, wants pricing call."
100236470,Ibrahim,Gupta,Ibrahim Gupta,first_last,,Saigon Pte Ltd,saigon,ibrahim.g@saigon.sg,+84981306608,Vietnam,Closed Lost,Customer,,Grace Osei,2026-06-11T00:00:00Z,2026-06-11T00:00:00Z,,Organic Search,Google organic → Product tour page,0.75,False,False,Googled us and ended up on the product tour page before booking a demo. Not interested for now.
100236471,Freya,Ang,Freya Ang,first_last,,Reddy Holdings Freight,reddy,freyaa@reddyholdings.co,+212663439222,Morocco,Opportunity,Sales Qualified Lead,,Elena Popescu,2026-02-25T00:00:00Z,2026-03-24T00:00:00Z,,Event,Retail Asia Expo — Booth,0.9,False,False,"Met at the booth during Retail Asia Expo, said they'd follow up over email. Qualifying now."
100236472,Matteo,Hansen,Matteo Hansen,first_last,,Zhang Holdings,zhang,matteoh@zhang.com.au,+8801732630741,Bangladesh,Contacted,Marketing Qualified Lead,,Elena Popescu,2026-03-04T00:00:00Z,2026-04-06T00:00:00Z,,Event,TechCrunch Disrupt — Booth,0.9,False,False,"Spoke with them at our TechCrunch Disrupt booth, no QR scan logged."
100236473,Bashir,Malik,Bashir Malik,first_last,,Osei Partners,osei,bashirm@osei.net,+351922604355,Portugal,Qualified,Sales Qualified Lead,Organic Search,Priya Nair,2026-05-17T00:00:00Z,,,Organic Search,Google organic → Product tour page,0.75,False,False,Googled us and ended up on the product tour page before booking a demo. No response yet.
100236474,Chiara,Rossi,Chiara Rossi,first_last,,Zahra Trading Co,zahra,chiara.rossi@zahra.io,+2348043287124,Nigeria,New,Lead,,Noah Bennett,2026-01-11T00:00:00Z,2026-04-04T00:00:00Z,,Website,Pricing page,0.9,False,False,"Filled out the form on the pricing page. Great fit, prioritizing."
100236475,Layla,Chua,Layla Chua,first_last,Operations Lead,Schmidt AG Analytics,schmidt ag,layla.chua@schmidtag.sg,+79307459156,Russia,Closed Won,Customer,Offline Sources,Hana Kobayashi,2025-12-21T00:00:00Z,2026-05-04T00:00:00Z,,Event,Retail Asia Expo — Booth QR Code,0.9,False,False,He scanned our QR code at the Retail Asia Expo booth.
100236476,Layla,Chua,Layla Chua,full_name,Operations Lead,Schmidt AG Inc.,schmidt ag,laylachua@schmidtag.sg,+79307459156,Russia,Closed Won,Customer,Offline Sources,Hana Kobayashi,2025-12-21T00:00:00Z,2026-05-04T00:00:00Z,,Event,Retail Asia Expo — Booth QR Code,0.9,False,True,He scanned our QR code at the Retail Asia Expo booth. possible duplicate — verify before contacting.
100236477,Sara,Santos,Sara Santos,first_last,,Huang Analytics Trading Co,huang,sara.s@huanganalytics.io,+66782029800,Thailand,Qualified,Lead,Organic Search,Rohan Mehta,2025-09-16T00:00:00Z,2026-03-05T00:00:00Z,,Organic Search,Google organic → Homepage,0.75,False,False,Found us through organic google search then landed on the homepage.
100236478,Ama,Sun,Ama Sun,first_last,,Boateng Digital Holdings,boateng,a.sun@boatengdigital.com,+4526293129,Denmark,New,Customer,,Fatima Rahman,2026-01-22T00:00:00Z,2026-03-28T00:00:00Z,,Manual/Sales,Cold outreach call,0.9,False,False,Manually added by sales after a phone call from a cold outreach list.
100236479,Aiko,Frimpong,Aiko Frimpong,first_last,Founder,Lumen Trading,lumen,a.frimpong@lumen.biz,+525534893308,Mexico,New,Opportunity,,Wei Chen,2026-05-23T00:00:00Z,,,Event,Web Summit 2026 — Booth QR Code,0.9,False,False,Scanned the QR code at our Web Summit 2026 booth. No response yet.
100236480,Ismail,Ang,Ismail Ang,first_last,VP Sales,Athens Retail Pte. Ltd.,athens,ismail.a@athensretail.biz,+46701752737,Sweden,Connected,Marketing Qualified Lead,,Rohan Mehta,2026-05-29T00:00:00Z,,20,Manual/Sales,Cold outreach call,0.9,False,False,Manually added by sales after a phone call from a cold outreach list.
100236481,Oluwaseun,Santos,Oluwaseun Santos,first_last,,GreenLeaf Retail Group,greenleaf,oluwaseuns@greenleaf.co,+33644367227,France,Closed Won,Lead,,Fatima Rahman,2025-11-28T00:00:00Z,,,Manual/Sales,Inbound phone call,0.9,False,False,"Manual - added after inbound phone call. Very interested, wants pricing call."
100236482,Ravi,Seo,Ravi Seo,first_last,,Ang Analytics Group,ang,r.seo@anganalytics.biz,+639855808998,Philippines,Connected,,,Noah Bennett,2026-05-21T00:00:00Z,2026-05-29T00:00:00Z,,Event,London Tech Week — Booth,0.9,False,False,"Met at the booth during London Tech Week, said they'd follow up over email."
100236483,Kwame,Toure,Kwame Toure,first_last,,Yoon Retail Digital,yoon,kwame.t@yoonretail.co,+6581583148,Singapore,Closed Lost,Marketing Qualified Lead,Social Media,Marcus Wong,2025-11-08T00:00:00Z,,,LinkedIn,LinkedIn DM,0.9,False,False,"Linkedin dm inbound asking about pricing. Connected, sending proposal."
100236484,K.,Toure,K. Toure,full_name,,Yoon Retail Co,yoon,kwame.toure@yoonretail.co,+6581583148,Singapore,Closed Lost,Marketing Qualified Lead,Social Media,Marcus Wong,2025-11-08T00:00:00Z,,,LinkedIn,LinkedIn DM,0.9,False,True,"Linkedin dm inbound asking about pricing. Connected, sending proposal. possible duplicate — verify before contacting."
100236485,Hui Fang,Han,Hui Fang Han,first_last,,Delta Pte. Ltd.,delta,huifang.han@delta.com,+212687943351,Morocco,New,Marketing Qualified Lead,,Noah Bennett,2025-11-26T00:00:00Z,2026-04-14T00:00:00Z,92,Referral,Referred by Benjamin Yoon,0.9,False,False,"Referred by Benjamin Yoon, warm intro."
100236486,Ama,Osei,Ama Osei,first_last,,Muller GmbH & Co,muller,ama.o@mullergmbh.net,+639696073340,Philippines,Qualified,Marketing Qualified Lead,Other Campaigns,Priya Nair,2026-01-23T00:00:00Z,,,Manual/Sales,Walk-in,0.9,False,False,"Other - walked into our office without an appointment. Very interested, wants pricing call."
100236487,Farah,Silva,Farah Silva,first_last,,Zahra Ltd,zahra,farahs@zahra.com,+491623005164,Germany,Qualified,Marketing Qualified Lead,Other Campaigns,Priya Nair,2026-03-05T00:00:00Z,2026-06-16T00:00:00Z,,Manual/Sales,Inbound phone call,0.9,False,False,"Manual - added after inbound phone call. Left voicemail, will retry."
100236488,Jonathan,Andersen,Jonathan Andersen,first_last,Head of Growth,Athens Retail Group,athens,j.andersen@athensretail.net,+393767467874,Italy,Qualified,Sales Qualified Lead,,Fatima Rahman,2025-12-31T00:00:00Z,,,Website,Blog — lead scoring,0.9,False,False,Filled out the form on the blog post on lead scoring. Not interested for now.
100236489,Ngozi,Johnson,Ngozi Johnson,first_last,Marketing Director,Chen Digital Solutions,chen,ngozi.johnson@chendigital.co,+66880539511,Thailand,Contacted,Other,Other Campaigns,Marcus Wong,2026-01-16T00:00:00Z,2026-01-17T00:00:00Z,,Manual/Sales,Walk-in,0.9,False,False,"Other - walked into our office without an appointment. Left voicemail, will retry."
100236490,Vikram,Goh,Vikram Goh,first_last,,Zhang Ventures,zhang,vikram.goh@zhang.com,+821044993771,South Korea,New,Lead,Social Media,Noah Bennett,2026-02-26T00:00:00Z,2026-02-26T00:00:00Z,,LinkedIn,from Original Source: Social Media,0.55,True,False,"Saw our post about replacing hubspot and commented. Very interested, wants pricing call."
100236491,Ama,Greco,Ama Greco,first_last,Operations Lead,Ng Freight Consulting,ng,ama.greco@ngfreight.net,+491622579470,Germany,Qualified,Other,,Wei Chen,2025-11-14T00:00:00Z,2026-03-25T00:00:00Z,,Referral,Referred by Divya Kim,0.9,False,False,"Referred by Divya Kim, warm intro. No response yet."
100236492,Matteo,Greco,Matteo Greco,first_last,Founder,Ng Freight Consulting,ng,matteog@ngfreight.net,+14915550162,United States,Qualified,,,Diego Alvarez,2025-10-16T00:00:00Z,,,Event,Dubai FinTech Week — Booth,0.9,False,False,"Met at the booth during Dubai FinTech Week, said they'd follow up over email. Qualifying now."
100236493,Haruto,Dubois,Haruto Dubois,first_last,,Reyes Studio,reyes,haruto.d@reyes.com,+34649581300,Spain,Connected,Opportunity,,Diego Alvarez,2025-11-09T00:00:00Z,,,Event,TechCrunch Disrupt — Booth QR Code,0.9,False,False,"Met her at the TechCrunch Disrupt booth, scanned our QR code."
100236494,Erik,Iyer,Erik Iyer,first_last,,BluePeak Inc.,bluepeak,e.iyer@bluepeak.net,+306915505843,Greece,New,Opportunity,Other Campaigns,Priya Nair,2026-04-08T00:00:00Z,,,Event,Web Summit 2026 — Booth,0.9,False,False,"Spoke with them at our Web Summit 2026 booth, no QR scan logged. Left voicemail, will retry."
100236495,Michael,Jensen,Michael Jensen,first_last,Marketing Director,Popescu Freight,popescu,michael.jensen@popescu.com,+48563559728,Poland,New,Sales Qualified Lead,Offline Sources,Rohan Mehta,2026-01-16T00:00:00Z,2026-06-06T00:00:00Z,,Event,SaaStr Annual — Booth QR Code,0.9,False,False,"He scanned our QR code at the SaaStr Annual booth. Left voicemail, will retry."
100236496,Ahmed,Ferrari,Ahmed Ferrari,first_last,,Santos Ltda Inc.,santos ltda,ahmed.ferrari@santosltda.net,+48572495384,Poland,Closed Lost,Opportunity,Direct Traffic,Hana Kobayashi,2026-03-12T00:00:00Z,2026-05-22T00:00:00Z,,Website,Contact page,0.9,False,False,Filled out the form on the contact page. No response yet.
100236497,Priya,Toure,Priya Toure,first_last,,Ng Freight Pte Ltd,ng,p.toure@ngfreight.com.au,+5511980762962,Brazil,New,Marketing Qualified Lead,Direct Traffic,Rohan Mehta,2026-02-24T00:00:00Z,2026-06-01T00:00:00Z,,Website,Comparison vs HubSpot page,0.9,False,False,"Filled out the form on the comparison-vs-hubspot page. Great fit, prioritizing."
100236498,George,Martins,George Martins,first_last,VP Sales,Rao Ventures Inc,rao,george.martins@raoventures.net,+34633642976,Spain,Contacted,,Offline Sources,Elena Popescu,2025-09-22T00:00:00Z,2026-03-14T00:00:00Z,,Event,APAC Logistics Summit — Booth,0.9,False,False,"Spoke with them at our APAC Logistics Summit booth, no QR scan logged."
100236499,Noah,Ho,Noah Ho,first_last,Operations Lead,Choi Logistics Retail Group,choi,noah.ho@choilogistics.com,+393409649021,Italy,New,Customer,,Hana Kobayashi,2025-09-18T00:00:00Z,2026-05-24T00:00:00Z,,Organic Search,Google organic → Comparison vs HubSpot page,0.75,False,False,Googled us and ended up on the comparison-vs-hubspot page before booking a demo.
100236500,Laura,Owusu,Laura Owusu,first_last,,Verma Consulting,verma,laura.o@vermaconsulting.sg,+79874228669,Russia,Opportunity,Marketing Qualified Lead,Organic Search,Elena Popescu,2026-03-13T00:00:00Z,2026-05-04T00:00:00Z,,Organic Search,Google organic → Product tour page,0.75,False,False,"Found us through organic google search then landed on the product tour page. Connected, sending proposal."
100236501,Hassan,Wu,Hassan Wu,first_last,,Mekong & Co,mekong,h.wu@mekong.co,+60185069492,Malaysia,Closed Lost,,Social Media,Fatima Rahman,2025-11-16T00:00:00Z,,,LinkedIn,LinkedIn DM,0.9,False,False,"Linkedin dm inbound asking about pricing. Very interested, wants pricing call."
100236502,Nadia,Koch,Nadia Koch,first_last,,Verma Consulting Digital,verma,n.koch@vermaconsulting.co,+212641781518,Morocco,Contacted,Lead,Other Campaigns,Rohan Mehta,2026-01-13T00:00:00Z,2026-02-01T00:00:00Z,,Event,Dubai FinTech Week — Booth,0.9,False,False,"Met at the booth during Dubai FinTech Week, said they'd follow up over email. Great fit, prioritizing."
100236503,Chiara,Oh,Chiara Oh,first_last,,Singh Logistics Group,singh,chiarao@singhlogistics.com,+4525634967,Denmark,Contacted,Lead,Referrals,Marcus Wong,2026-03-22T00:00:00Z,2026-05-02T00:00:00Z,86,Referral,Referred by Adaeze Weber,0.9,False,False,"Referred by Adaeze Weber, warm intro. Not interested for now."
100236504,Charlotte,Weber,Charlotte Weber,first_last,,Popescu Trading Co,popescu,charlotte.weber@popescu.com,+33618759789,France,New,,Direct Traffic,Wei Chen,2026-01-23T00:00:00Z,2026-05-05T00:00:00Z,,Website,Homepage,0.9,False,False,"Filled out the form on the homepage. Very interested, wants pricing call."
100236505,Aiko,Yap,Aiko Yap,first_last,,Yang Freight Ventures,yang,a.yap@yangfreight.com,+971528813485,UAE,Opportunity,Other,Organic Search,Fatima Rahman,2026-05-25T00:00:00Z,2026-05-25T00:00:00Z,,Organic Search,Google organic → Pricing page,0.75,False,False,"Found us through organic google search then landed on the pricing page. Great fit, prioritizing."
100236506,Tunde,Al-Farsi,Tunde Al-Farsi,first_last,,Foster & Co,foster,tunde.a@foster.biz,+821036438985,South Korea,Closed Won,Other,Paid Search,Rohan Mehta,2025-10-23T00:00:00Z,2026-01-24T00:00:00Z,,Website,Book a Demo page — Google Ads,0.85,False,False,Booked a demo via the book-a-demo page after clicking a google ad. Qualifying now.
100236507,Tunde,Al-Farsi,Tunde Al-Farsi,full_name,,Foster & Partners,foster,tundea@foster.biz,+821036438985,South Korea,Closed Won,Other,Paid Search,Rohan Mehta,2025-10-23T00:00:00Z,2026-01-24T00:00:00Z,,Website,Book a Demo page — Google Ads,0.85,False,False,Booked a demo via the book-a-demo page after clicking a google ad. Qualifying now.
100236508,Salma,Gomes,Salma Gomes,first_last,VP Sales,Sim Robotics Pte Ltd,sim,salma.gomes@simrobotics.co,+447745537726,United Kingdom,Qualified,Customer,Organic Search,Marcus Wong,2025-11-28T00:00:00Z,2026-05-18T00:00:00Z,,Organic Search,Google organic → Blog — lead scoring,0.75,False,False,Googled us and ended up on the blog post on lead scoring before booking a demo.
100236509,Seo-yeon,Liu,Seo-yeon Liu,first_last,,Asante Retail Trading Co,asante,s.liu@asanteretail.com.au,+447789144813,United Kingdom,Qualified,Marketing Qualified Lead,,Diego Alvarez,2026-05-20T00:00:00Z,2026-06-16T00:00:00Z,,Manual/Sales,Inbound phone call,0.9,False,False,Manual - added after inbound phone call.
100236510,Seo-yeon,Liu,Seo-yeon Liu,full_name,,Asante Retail Trading Analytics,asante,seo-yeon.liu@asanteretail.com.au,+447789144813,United Kingdom,Qualified,Marketing Qualified Lead,,Diego Alvarez,2026-05-20T00:00:00Z,,,Manual/Sales,Inbound phone call,0.9,False,False,Manual - added after inbound phone call.
100236511,Farah,Kowalski,Farah Kowalski,first_last,Founder,Tanaka Digital,tanaka,farahk@tanaka.co,+40743319935,Romania,Qualified,Customer,Other Campaigns,Rohan Mehta,2026-04-06T00:00:00Z,2026-06-06T00:00:00Z,,Manual/Sales,Walk-in,0.9,False,False,Other - walked into our office without an appointment. Not interested for now.
100236512,Farah,Kowalski,Farah Kowalski,full_name,Founder,Tanaka Labs,tanaka,farah.kowalski@tanaka.co,+40743319935,Romania,Qualified,Customer,Other Campaigns,Rohan Mehta,2026-04-06T00:00:00Z,2026-06-06T00:00:00Z,,Manual/Sales,Walk-in,0.9,False,True,Other - walked into our office without an appointment. Not interested for now. possible duplicate — verify before contacting.
100236513,Giulia,Ba,Giulia Ba,first_last,,Lotus Finance Ltd,lotus,giuliab@lotusfinance.net,+34638450593,Spain,Qualified,Opportunity,,Hana Kobayashi,2026-05-27T00:00:00Z,,,Manual/Sales,Inbound phone call,0.9,False,False,"Manual - added after inbound phone call. Great fit, prioritizing."
100236514,Jia Hui,Chua,Jia Hui Chua,first_last,Founder,Rao Ventures Trading,rao,jiahuic@raoventures.com,+821054015374,South Korea,Connected,Lead,Social Media,Wei Chen,2026-02-27T00:00:00Z,2026-04-17T00:00:00Z,,LinkedIn,LinkedIn post engagement,0.9,False,False,Connected on LinkedIn after commenting on our post.
100236515,Adam,Russo,Adam Russo,first_last,Operations Lead,Gupta Textiles Co.,gupta,a.russo@guptatextiles.net,+31610414650,Netherlands,Closed Won,,Organic Search,Rohan Mehta,2025-09-16T00:00:00Z,2026-05-25T00:00:00Z,,Organic Search,Google organic → Homepage,0.75,False,False,"Googled us and ended up on the homepage before booking a demo. Great fit, prioritizing."
100236516,Antoine,Russo,Antoine Russo,first_last,Finance Manager,Gupta Textiles Co.,gupta,antoiner@guptatextiles.net,+447765752719,United Kingdom,Connected,Lead,Organic Search,Wei Chen,2026-04-30T00:00:00Z,2026-06-06T00:00:00Z,,Organic Search,Google organic → Case study page,0.75,False,False,"Found us through organic google search then landed on the case study page. Very interested, wants pricing call."
100236517,Antoine,Lee,Antoine Lee,first_last,,Mensah Trading,mensah,antoinel@mensahtrading.com,+4527367690,Denmark,Closed Won,,,Diego Alvarez,2025-10-30T00:00:00Z,2025-10-30T00:00:00Z,,LinkedIn,LinkedIn post engagement,0.9,False,False,"Connected on LinkedIn after commenting on our post. Very interested, wants pricing call."
100236518,Jia Hui,Reddy,Jia Hui Reddy,first_last,,Tanaka Consulting,tanaka,jiahui.r@tanaka.sg,+66658064488,Thailand,Contacted,,,Noah Bennett,2026-04-20T00:00:00Z,,,Website,Case study page,0.9,False,False,"Filled out the form on the case study page. Very interested, wants pricing call."
100236519,Sanjay,Ferrari,Sanjay Ferrari,first_last,Head of Growth,Jung Studio Trading,jung,sanjay.ferrari@jungstudio.biz,+5491128899419,Argentina,Qualified,,,Grace Osei,2026-05-23T00:00:00Z,2026-06-01T00:00:00Z,,Event,Singapore FinTech Festival 2026 — Booth QR Code,0.9,False,False,"Met her at the Singapore FinTech Festival 2026 booth, scanned our QR code. Left voicemail, will retry."
100236520,Jia Hui,Ng,Jia Hui Ng,first_last,Founder,Li Consulting Studio,li,jiahui.ng@liconsulting.io,+31658214529,Netherlands,New,Other,Other Campaigns,Wei Chen,2025-10-14T00:00:00Z,2025-12-23T00:00:00Z,,Other,General info@ inbox,0.3,True,False,Other - reached out via our general info@ inbox. No response yet.
100236521,Karim,Patel,Karim Patel,first_last,Founder,Williams Co.,williams,karimp@williams.sg,+971583028242,UAE,Closed Lost,Lead,,Grace Osei,2025-10-26T00:00:00Z,2025-11-08T00:00:00Z,,Organic Search,Google organic → Blog — lead scoring,0.75,False,False,Googled us and ended up on the blog post on lead scoring before booking a demo. Not interested for now.
100236522,Kwame,Andersen,Kwame Andersen,first_last,,Osei Ltd,osei,kwame.a@osei.com.au,+233254368398,Ghana,Opportunity,Lead,,Wei Chen,2025-09-16T00:00:00Z,2026-02-19T00:00:00Z,,Organic Search,Google organic → Pricing page,0.75,False,False,"Found us through organic google search then landed on the pricing page. Connected, sending proposal."
100236523,Matteo,Sun,Matteo Sun,first_last,Head of Growth,Rao Ventures,rao,matteo.s@raoventures.sg,+6596307944,Singapore,Contacted,Customer,Other Campaigns,Marcus Wong,2026-01-31T00:00:00Z,2026-01-31T00:00:00Z,,Manual/Sales,Inbound phone call,0.9,False,False,Manual - added after inbound phone call. Qualifying now.
100236524,Ibrahim,Andersen,Ibrahim Andersen,first_last,Operations Lead,Kim Trading Ltd,kim,ibrahima@kimtrading.com,+33668933080,France,Qualified,Sales Qualified Lead,Direct Traffic,Priya Nair,2026-04-22T00:00:00Z,,,Website,Blog — lead scoring,0.9,False,False,"Filled out the form on the blog post on lead scoring. Connected, sending proposal."
100236525,Laura,Bakar,Laura Bakar,first_last,Marketing Director,Kim Trading Retail Group,kim,laura.b@kimtrading.co,+233271008695,Ghana,Connected,Lead,,Marcus Wong,2025-12-07T00:00:00Z,2026-05-28T00:00:00Z,,Referral,Referred by Zara Boateng,0.9,False,False,"Referred by Zara Boateng, warm intro. Not interested for now."
100236526,Laura,Bakar,Laura Bakar,first_last,Marketing Director,Kim Trading Retail Ventures,kim,laura.bakar@kimtrading.co,+233271008695,Ghana,Connected,Lead,,Marcus Wong,2025-12-07T00:00:00Z,,,Referral,Referred by Zara Boateng,0.9,False,True,"Referred by Zara Boateng, warm intro. Not interested for now. possible duplicate — verify before contacting."
100236527,Ngozi,Jung,Ngozi Jung,first_last,Marketing Director,Mensah Trading Inc,mensah,ngozi.jung@mensahtrading.io,+85268627718,Hong Kong,Contacted,Sales Qualified Lead,,Elena Popescu,2026-05-23T00:00:00Z,2026-05-23T00:00:00Z,,Referral,Referred by Adaeze Schmidt,0.9,False,False,"Referred by Adaeze Schmidt, warm intro. Connected, sending proposal."
100236528,Wei Ming,Verma,Wei Ming Verma,first_last,Marketing Director,Nord Inc,nord,weiming.v@nord.biz,+48543149653,Poland,Closed Lost,Lead,Organic Search,Marcus Wong,2025-11-30T00:00:00Z,2026-05-06T00:00:00Z,,Organic Search,Google organic → Comparison vs HubSpot page,0.75,False,False,Found us through organic google search then landed on the comparison-vs-hubspot page.
100236529,Isabelle,Hossain,Isabelle Hossain,first_last,VP Sales,Larsen AS Studio,larsen,i.hossain@larsenas.io,+85259046179,Hong Kong,Contacted,,Other Campaigns,Diego Alvarez,2025-09-08T00:00:00Z,2025-11-09T00:00:00Z,,Other,General info@ inbox,0.3,True,False,Other - reached out via our general info@ inbox. No response yet.
100236530,Sophia,Li,Sophia Li,first_last,,Lau Holdings,lau,sophial@lau.sg,+917065222278,India,Opportunity,Sales Qualified Lead,,Diego Alvarez,2026-02-12T00:00:00Z,2026-05-19T00:00:00Z,,Event,Web Summit 2026 — Booth QR Code,0.9,False,False,He scanned our QR code at the Web Summit 2026 booth. No response yet.
100236531,Layla,Meyer,Layla Meyer,first_last,Founder,Popescu Inc.,popescu,laylam@popescu.io,+79578175646,Russia,Qualified,Other,,Marcus Wong,2025-11-05T00:00:00Z,2026-05-28T00:00:00Z,,Event,London Tech Week — Booth QR Code,0.9,False,False,"Scanned the QR code at our London Tech Week booth. Very interested, wants pricing call."
100236532,Pedro,Papadopoulos,Pedro Papadopoulos,first_last,Founder,Weber Analytics Freight,weber,pedrop@weberanalytics.io,+61453997934,Australia,Closed Lost,Sales Qualified Lead,,Wei Chen,2026-02-23T00:00:00Z,2026-06-07T00:00:00Z,,Other,,0.3,True,False,Saw our post about replacing hubspot and commented.
100236533,Linh,Liu,Linh Liu,first_last,Finance Manager,Singh Logistics & Co,singh,linh.liu@singhlogistics.net,+212696448921,Morocco,Opportunity,,,Grace Osei,2025-09-10T00:00:00Z,,,Website,Homepage,0.9,False,False,Filled out the form on the homepage.
100236534,Erik,Tanaka,Erik Tanaka,first_last,Marketing Director,Delta Analytics,delta,erik.t@delta.co,+61491550259,Australia,Connected,Marketing Qualified Lead,,Priya Nair,2025-12-28T00:00:00Z,2025-12-28T00:00:00Z,,LinkedIn,LinkedIn DM,0.9,False,False,"Linkedin dm inbound asking about pricing. Left voicemail, will retry."
100236535,Erik,Tanaka,Erik Tanaka,first_last,Marketing Director,Delta Robotics,delta,e.tanaka@delta.co,+61491550259,Australia,Connected,Marketing Qualified Lead,,Priya Nair,2025-12-28T00:00:00Z,2025-12-28T00:00:00Z,,LinkedIn,LinkedIn DM,0.9,False,True,"Linkedin dm inbound asking about pricing. Left voicemail, will retry. possible duplicate — verify before contacting."
100236536,Farid,Li,Farid Li,first_last,VP Sales,Rao Ventures Retail Group,rao,f.li@raoventures.biz,+923903668559,Pakistan,Qualified,Marketing Qualified Lead,,Priya Nair,2026-02-17T00:00:00Z,2026-05-26T00:00:00Z,,Manual/Sales,Inbound phone call,0.9,False,False,Manual - added after inbound phone call.
100236537,Youssef,Rao,Youssef Rao,first_last,VP Sales,Osei Pte Ltd,osei,youssefr@osei.com.au,+66882899961,Thailand,Qualified,Customer,,Wei Chen,2026-05-30T00:00:00Z,2026-05-30T00:00:00Z,,Manual/Sales,Inbound phone call,0.9,False,False,Manual - added after inbound phone call.
100236538,Beatriz,Rao,Beatriz Rao,first_last,VP Sales,Sayed Trading Retail Group,sayed,beatriz.rao@sayedtrading.biz,+971544497873,UAE,Contacted,Other,,Grace Osei,2026-03-13T00:00:00Z,2026-03-13T00:00:00Z,,Website,Homepage,0.9,False,False,Filled out the form on the homepage.
100236539,Beatriz,Rao,Beatriz Rao,full_name,VP Sales,Sayed Trading Retail Ventures,sayed,beatrizr@sayedtrading.biz,+971544497873,UAE,Contacted,Other,,Grace Osei,2026-03-13T00:00:00Z,2026-03-13T00:00:00Z,,Website,Homepage,0.9,False,True,Filled out the form on the homepage. possible duplicate — verify before contacting.
100236540,Kenji,Rodrigues,Kenji Rodrigues,first_last,,Al-Farsi Solutions,al farsi,k.rodrigues@al-farsi.io,+639294055184,Philippines,Closed Won,,Referrals,Diego Alvarez,2025-09-07T00:00:00Z,2026-01-05T00:00:00Z,,Referral,Referred by Chiara Foster,0.9,False,False,"Referred by Chiara Foster, warm intro."
100236541,Salma,Kowalski,Salma Kowalski,first_last,,Weber Analytics Ltd,weber,salma.k@weberanalytics.biz,+306973818920,Greece,New,Lead,,Hana Kobayashi,2025-12-22T00:00:00Z,,,Website,Book a Demo page — Google Ads,0.85,False,False,Booked a demo via the book-a-demo page after clicking a google ad.
100236542,Salma,Kowalski,Salma Kowalski,first_last,,Weber Analytics Inc,weber,s.kowalski@weberanalytics.biz,+306973818920,Greece,New,Lead,,Hana Kobayashi,2025-12-22T00:00:00Z,2026-04-14T00:00:00Z,,Website,Book a Demo page — Google Ads,0.85,False,True,Booked a demo via the book-a-demo page after clicking a google ad. possible duplicate — verify before contacting.
100236543,S.,Kowalski,S. Kowalski,full_name,,Weber Analytics,weber,salmak@weberanalytics.biz,+306973818920,Greece,New,Lead,,Hana Kobayashi,2025-12-22T00:00:00Z,2026-04-14T00:00:00Z,,Website,Book a Demo page — Google Ads,0.85,False,True,Booked a demo via the book-a-demo page after clicking a google ad. possible duplicate — verify before contacting.
100236544,Abena,Yang,Abena Yang,first_last,Head of Growth,Lindqvist AB Solutions,lindqvist,abena.yang@lindqvistab.com,+48512909502,Poland,New,Opportunity,Social Media,Hana Kobayashi,2025-12-31T00:00:00Z,2026-04-26T00:00:00Z,,LinkedIn,from Original Source: Social Media,0.55,True,False,Saw our post about replacing hubspot and commented.
100236545,Miguel,Zhang,Miguel Zhang,first_last,,Gupta Textiles Retail Group,gupta,miguel.z@guptatextiles.com,+84958857401,Vietnam,Connected,Opportunity,,Noah Bennett,2026-02-17T00:00:00Z,2026-04-05T00:00:00Z,,LinkedIn,LinkedIn DM,0.9,False,False,Linkedin dm inbound asking about pricing. Qualifying now.
100236546,Francesca,Osei,Francesca Osei,first_last,,Diallo Imports Pte Ltd,diallo,f.osei@dialloimports.net,+233283899846,Ghana,Closed Lost,,,Noah Bennett,2026-02-09T00:00:00Z,2026-02-20T00:00:00Z,,LinkedIn,LinkedIn DM,0.9,False,False,"Linkedin dm inbound asking about pricing. Left voicemail, will retry."
100236547,F.,Osei,F. Osei,full_name,,Diallo Imports Solutions,diallo,francescao@dialloimports.net,+233283899846,Ghana,Closed Lost,,,Noah Bennett,2026-02-09T00:00:00Z,,,LinkedIn,LinkedIn DM,0.9,False,True,"Linkedin dm inbound asking about pricing. Left voicemail, will retry. possible duplicate — verify before contacting."
100236548,Francesca,Osei,Francesca Osei,first_last,,Diallo Imports Consulting,diallo,francesca.osei@dialloimports.net,+233283899846,Ghana,Closed Lost,,,Noah Bennett,2026-02-09T00:00:00Z,2026-02-20T00:00:00Z,,LinkedIn,LinkedIn DM,0.9,False,False,"Linkedin dm inbound asking about pricing. Left voicemail, will retry."
100236549,Zara,Kone,Zara Kone,first_last,Finance Manager,Santos Ltda Freight,santos ltda,zara.kone@santosltda.io,+5491118675230,Argentina,Opportunity,,Other Campaigns,Priya Nair,2026-06-02T00:00:00Z,2026-06-18T00:00:00Z,,Manual/Sales,Cold outreach call,0.9,False,False,Manually added by sales after a phone call from a cold outreach list.
100236550,Kevin,Bennett,Kevin Bennett,first_last,,Patel Fintech Inc,patel,kevin.b@patelfintech.biz,+525527311012,Mexico,Opportunity,Customer,,Marcus Wong,2026-04-21T00:00:00Z,,,LinkedIn,LinkedIn post engagement,0.9,False,False,Connected on LinkedIn after commenting on our post.
100236551,Chidi,Bennett,Chidi Bennett,first_last,,Patel Fintech Inc,patel,chidi.b@patelfintech.biz,+46702034770,Sweden,Contacted,Sales Qualified Lead,Offline Sources,Elena Popescu,2026-02-07T00:00:00Z,2026-05-03T00:00:00Z,,Event,Dubai FinTech Week — Booth,0.9,False,False,"Spoke with them at our Dubai FinTech Week booth, no QR scan logged. No response yet."
100236552,Mia,Ba,Mia Ba,first_last,Founder,Delta Retail Group,delta,mia.ba@delta.sg,+19425550120,United States,Closed Lost,Other,,Fatima Rahman,2026-05-04T00:00:00Z,2026-05-05T00:00:00Z,,Event,Singapore FinTech Festival 2026 — Booth QR Code,0.9,False,False,He scanned our QR code at the Singapore FinTech Festival 2026 booth.
100236553,Noah,Han,Noah Han,first_last,Head of Growth,Zhang Group,zhang,noah.h@zhang.sg,+918103587464,India,Qualified,Lead,Referrals,Marcus Wong,2026-03-05T00:00:00Z,2026-05-26T00:00:00Z,,Referral,Referred by Hui Fang,0.9,False,False,"Referred by Hui Fang Oh, warm intro. Great fit, prioritizing."
100236554,Noah,Han,Noah Han,full_name,Head of Growth,Zhang Robotics,zhang,noah.han@zhang.sg,+918103587464,India,Qualified,Lead,Referrals,Marcus Wong,2026-03-05T00:00:00Z,2026-05-26T00:00:00Z,,Referral,Referred by Hui Fang,0.9,False,True,"Referred by Hui Fang Oh, warm intro. Great fit, prioritizing. possible duplicate — verify before contacting."
100236555,Beatriz,Yoon,Beatriz Yoon,first_last,Operations Lead,Bennett Co.,bennett,b.yoon@bennett.co,+306944298128,Greece,Opportunity,Lead,,Rohan Mehta,2026-05-14T00:00:00Z,,,Organic Search,Google organic → Homepage,0.75,False,False,Googled us and ended up on the homepage before booking a demo.
100236556,Anna,Park,Anna Park,first_last,Head of Growth,Reyes Ventures,reyes,annap@reyes.io,+525589131396,Mexico,Opportunity,Other,,Wei Chen,2026-02-19T00:00:00Z,,,Manual/Sales,Cold outreach call,0.9,False,False,Manually added by sales after a phone call from a cold outreach list. No response yet.
100236557,Priscilla,Silva,Priscilla Silva,first_last,,Liu Trading Partners,liu,priscilla.s@liutrading.sg,+40748372107,Romania,Connected,,,Marcus Wong,2026-04-15T00:00:00Z,,,Organic Search,Google organic → Product tour page,0.75,False,False,Googled us and ended up on the product tour page before booking a demo.
100236558,Bashir,Koh,Bashir Koh,first_last,VP Sales,Cruz & Partners & Co,cruz,b.koh@cruzpartners.co,+46704354392,Sweden,Qualified,Lead,,Grace Osei,2025-09-04T00:00:00Z,,,Website,Product tour page,0.9,False,False,Filled out the form on the product tour page. No response yet.
100236559,Amir,Ricci,Amir Ricci,first_last,,Kilat Retail Solutions,kilat,a.ricci@kilatretail.com.au,+85277215688,Hong Kong,Opportunity,Marketing Qualified Lead,,Wei Chen,2026-01-10T00:00:00Z,2026-03-24T00:00:00Z,,Website,Book a Demo page,0.9,False,False,Filled out the form on the book-a-demo page.
100236560,Hassan,Lim,Hassan Lim,first_last,Head of Growth,Li Consulting Group,li,hassan.l@liconsulting.biz,+17815550182,United States,Closed Lost,Other,,Marcus Wong,2025-11-26T00:00:00Z,2026-04-04T00:00:00Z,,Website,Blog — lead scoring,0.9,False,False,"Filled out the form on the blog post on lead scoring. Great fit, prioritizing."
100236561,Charlotte,Boateng,Charlotte Boateng,first_last,,Williams Ventures,williams,c.boateng@williams.co,+6587978387,Singapore,Connected,Sales Qualified Lead,,Hana Kobayashi,2026-06-19T00:00:00Z,2026-06-19T00:00:00Z,,Event,London Tech Week — Booth QR Code,0.9,False,False,"Met her at the London Tech Week booth, scanned our QR code. Left voicemail, will retry."
100236562,Ama,Asante,Ama Asante,first_last,,Kim Trading Group,kim,a.asante@kimtrading.com,+447937541221,United Kingdom,Connected,Sales Qualified Lead,Social Media,Wei Chen,2026-04-01T00:00:00Z,,,LinkedIn,LinkedIn post engagement,0.9,False,False,Connected on LinkedIn after commenting on our post.
100236563,Ama,Asante,Ama Asante,first_last,,Kim Trading Pte Ltd,kim,ama.asante@kimtrading.com,+447937541221,United Kingdom,Connected,Sales Qualified Lead,Social Media,Wei Chen,2026-04-01T00:00:00Z,2026-06-11T00:00:00Z,,LinkedIn,LinkedIn post engagement,0.9,False,False,Connected on LinkedIn after commenting on our post.
100236564,Ama,Asante,Ama Asante,first_last,,Kim Trading Partners,kim,amaasante@kimtrading.com,+447937541221,United Kingdom,Connected,Sales Qualified Lead,Social Media,Wei Chen,2026-04-01T00:00:00Z,,,LinkedIn,LinkedIn post engagement,0.9,False,False,Connected on LinkedIn after commenting on our post.
100236565,Bruno,Ho,Bruno Ho,first_last,,Weber Analytics Trading Co,weber,b.ho@weberanalytics.com.au,+8801509841976,Bangladesh,Opportunity,Opportunity,Organic Search,Noah Bennett,2026-03-20T00:00:00Z,,,Organic Search,Google organic → Case study page,0.75,False,False,Found us through organic google search then landed on the case study page. Not interested for now.
100236566,Priya,Meyer,Priya Meyer,first_last,,Osei Partners,osei,p.meyer@osei.net,+46706973159,Sweden,Contacted,Customer,Referrals,Elena Popescu,2026-06-04T00:00:00Z,2026-06-12T00:00:00Z,,Referral,Referred by Jun Wei,0.9,False,False,"Referred by Jun Wei Lau, warm intro. Qualifying now."
100236567,Mia,Wu,Mia Wu,first_last,Head of Growth,Johnson Co.,johnson,mia.wu@johnson.biz,+79207788613,Russia,Connected,Sales Qualified Lead,,Rohan Mehta,2026-05-08T00:00:00Z,2026-05-09T00:00:00Z,,Manual/Sales,Cold outreach call,0.9,False,False,Manually added by sales after a phone call from a cold outreach list.
100236568,Ha-eun,Ng,Ha-eun Ng,first_last,VP Sales,Li Consulting Co,li,ha-eun.ng@liconsulting.sg,+491605416755,Germany,Opportunity,Lead,,Marcus Wong,2026-06-15T00:00:00Z,2026-06-15T00:00:00Z,,LinkedIn,LinkedIn post engagement,0.9,False,False,Connected on LinkedIn after commenting on our post. No response yet.
100236569,Rui,Schmidt,Rui Schmidt,first_last,Founder,Kowalski Partners,kowalski,rui.schmidt@kowalski.net,+2348031211914,Nigeria,Opportunity,Other,Offline Sources,Priya Nair,2026-03-02T00:00:00Z,2026-03-04T00:00:00Z,,Event,Dubai FinTech Week — Booth QR Code,0.9,False,False,Scanned the QR code at our Dubai FinTech Week booth. No response yet.
100236570,Julien,Aina,Julien Aina,first_last,Marketing Director,Huang Analytics Partners,huang,julien.a@huanganalytics.co,+6582066561,Singapore,Closed Lost,Other,Organic Search,Rohan Mehta,2025-10-27T00:00:00Z,2025-10-27T00:00:00Z,,Organic Search,Google organic → Homepage,0.75,False,False,"Googled us and ended up on the homepage before booking a demo. Connected, sending proposal."
100236571,Nils,Williams,Nils Williams,first_last,,Athens Retail & Co,athens,nils.w@athensretail.net,+84994688750,Vietnam,Closed Lost,Opportunity,Organic Search,Wei Chen,2026-01-26T00:00:00Z,2026-05-30T00:00:00Z,,Organic Search,Google organic → Contact page,0.75,False,False,"Found us through organic google search then landed on the contact page. Great fit, prioritizing."
100236572,Nils,Williams,Nils Williams,first_last,,Athens Retail & Digital,athens,n.williams@athensretail.net,+84994688750,Vietnam,Closed Lost,Opportunity,Organic Search,Wei Chen,2026-01-26T00:00:00Z,2026-05-30T00:00:00Z,,Organic Search,Google organic → Contact page,0.75,False,True,"Found us through organic google search then landed on the contact page. Great fit, prioritizing. possible duplicate — verify before contacting."
100236573,David,Mensah,David Mensah,first_last,Finance Manager,Mensah Trading Labs,mensah,davidm@mensahtrading.sg,+212641376581,Morocco,Closed Won,Other,,Wei Chen,2026-05-15T00:00:00Z,2026-06-08T00:00:00Z,,Website,Book a Demo page — Google Ads,0.85,False,False,Booked a demo via the book-a-demo page after clicking a google ad. No response yet.
100236574,Sora,Rasmussen,Sora Rasmussen,first_last,Head of Growth,Goh Digital Co,goh,sora.r@gohdigital.biz,+46709957570,Sweden,New,Marketing Qualified Lead,,Priya Nair,2025-09-27T00:00:00Z,2025-09-27T00:00:00Z,,Website,Book a Demo page — Google Ads,0.85,False,False,"Booked a demo via the book-a-demo page after clicking a google ad. Very interested, wants pricing call."
100236575,Sven,Tan,Sven Tan,first_last,,Tanaka Inc,tanaka,svent@tanaka.biz,+351914367318,Portugal,Contacted,,Referrals,Fatima Rahman,2026-05-05T00:00:00Z,2026-05-05T00:00:00Z,,Referral,Referred by So-young Tanaka,0.9,False,False,"Referred by So-young Tanaka, warm intro. Great fit, prioritizing."
100236576,Amir,Carvalho,Amir Carvalho,first_last,,Hansen Digital Freight,hansen,a.carvalho@hansendigital.io,+917946320034,India,Opportunity,Other,Social Media,Elena Popescu,2026-04-24T00:00:00Z,2026-06-19T00:00:00Z,,LinkedIn,LinkedIn post engagement,0.9,False,False,"Connected on LinkedIn after commenting on our post. Great fit, prioritizing."
100236577,Amir,Carvalho,Amir Carvalho,full_name,,Hansen Digital Studio,hansen,amir.carvalho@hansendigital.io,+917946320034,India,Opportunity,Other,Social Media,Elena Popescu,2026-04-24T00:00:00Z,2026-06-19T00:00:00Z,,LinkedIn,LinkedIn post engagement,0.9,False,False,"Connected on LinkedIn after commenting on our post. Great fit, prioritizing."
100236578,Pooja,Andersen,Pooja Andersen,first_last,,Johnson Ventures,johnson,p.andersen@johnson.com.au,+5511978472335,Brazil,Qualified,Other,,Marcus Wong,2026-05-28T00:00:00Z,2026-06-11T00:00:00Z,,Website,Book a Demo page — Google Ads,0.85,False,False,"Booked a demo via the book-a-demo page after clicking a google ad. Great fit, prioritizing."
100236579,Farid,Nguyen,Farid Nguyen,first_last,Finance Manager,Muller GmbH Co.,muller,farid.nguyen@mullergmbh.biz,+821078791325,South Korea,Connected,Sales Qualified Lead,,Hana Kobayashi,2026-02-01T00:00:00Z,2026-02-01T00:00:00Z,,Website,Comparison vs HubSpot page,0.9,False,False,Filled out the form on the comparison-vs-hubspot page. Qualifying now.
100236580,Chloe,Lim,Chloe Lim,first_last,,Teo Consulting & Co,teo,c.lim@teoconsulting.sg,+8613849616710,China,Opportunity,Sales Qualified Lead,,Marcus Wong,2025-11-27T00:00:00Z,2026-06-10T00:00:00Z,,Website,Comparison vs HubSpot page,0.9,False,False,Filled out the form on the comparison-vs-hubspot page. Qualifying now.
100236581,Kwame,Ang,Kwame Ang,first_last,Founder,Boateng Digital,boateng,k.ang@boatengdigital.co,+393469025636,Italy,Opportunity,Marketing Qualified Lead,Other Campaigns,Rohan Mehta,2026-03-30T00:00:00Z,2026-06-01T00:00:00Z,,Manual/Sales,Cold outreach call,0.9,False,False,Manually added by sales after a phone call from a cold outreach list.
100236582,Adam,Reddy,Adam Reddy,first_last,,Malik Co.,malik,adam.r@malik.co,+6587657149,Singapore,Contacted,Marketing Qualified Lead,Referrals,Grace Osei,2026-03-23T00:00:00Z,2026-05-13T00:00:00Z,,Referral,Referred by Antoine Hossain,0.9,False,False,"Referred by Antoine Hossain, warm intro. No response yet."
100236583,Anna,Kim,Anna Kim,first_last,,Liu Trading Ventures,liu,anna.kim@liutrading.co,+33694497856,France,Contacted,Opportunity,Organic Search,Priya Nair,2025-11-12T00:00:00Z,,,Organic Search,Google organic → Product tour page,0.75,False,False,"Found us through organic google search then landed on the product tour page. Connected, sending proposal."
100236584,Laura,Han,Laura Han,first_last,,Yoon Retail Pte Ltd,yoon,laurah@yoonretail.co,+525532158754,Mexico,Connected,,,Wei Chen,2025-12-10T00:00:00Z,2026-04-18T00:00:00Z,,LinkedIn,LinkedIn DM,0.9,False,False,"Linkedin dm inbound asking about pricing. Great fit, prioritizing."
100236585,Ethan,Russo,Ethan Russo,first_last,Operations Lead,Martinez Trading,martinez,ethan.russo@martinez.com.au,+639548336891,Philippines,Qualified,Other,Social Media,Fatima Rahman,2025-12-13T00:00:00Z,,56,LinkedIn,from Original Source: Social Media,0.55,True,False,"Saw our post about replacing hubspot and commented. Very interested, wants pricing call."
100236586,Oluwaseun,Russo,Oluwaseun Russo,first_last,,Martinez Trading,martinez,oluwaseun.russo@martinez.com.au,+40761647506,Romania,Closed Won,Customer,Organic Search,Hana Kobayashi,2025-11-08T00:00:00Z,2025-12-21T00:00:00Z,,Organic Search,Google organic → Pricing page,0.75,False,False,Googled us and ended up on the pricing page before booking a demo.
100236587,Karim,Sy,Karim Sy,first_last,Operations Lead,Rao Ventures Holdings,rao,karim.sy@raoventures.com.au,+66834081809,Thailand,Closed Won,Marketing Qualified Lead,Direct Traffic,Rohan Mehta,2026-03-23T00:00:00Z,,,Website,Blog — lead scoring,0.9,False,False,"Filled out the form on the blog post on lead scoring. Great fit, prioritizing."
100236588,Carlos,Al-Sayed,Carlos Al-Sayed,first_last,,Bennett Studio,bennett,c.al-sayed@bennett.io,+31649291366,Netherlands,Contacted,Marketing Qualified Lead,,Wei Chen,2025-09-29T00:00:00Z,2025-09-29T00:00:00Z,,Event,Web Summit 2026 — Booth QR Code,0.9,False,False,Scanned the QR code at our Web Summit 2026 booth. Qualifying now.
100236589,Carlos,Al-Sayed,Carlos Al-Sayed,first_last,,Bennett Holdings,bennett,c.al-sayed@bennett.io,+31649291366,Netherlands,Contacted,Marketing Qualified Lead,,Wei Chen,2025-09-29T00:00:00Z,,,Event,Web Summit 2026 — Booth QR Code,0.9,False,False,Scanned the QR code at our Web Summit 2026 booth. Qualifying now.
100236590,Rui,Sharma,Rui Sharma,first_last,Head of Growth,Sayed Trading Solutions,sayed,rui.s@sayedtrading.net,+31619179804,Netherlands,Closed Won,,,Elena Popescu,2026-04-21T00:00:00Z,2026-06-19T00:00:00Z,44,Website,Book a Demo page — Google Ads,0.85,False,False,Booked a demo via the book-a-demo page after clicking a google ad.
100236591,Rui,Sharma,Rui Sharma,first_last,Head of Growth,Sayed Trading Co.,sayed,rui.sharma@sayedtrading.net,+31619179804,Netherlands,Closed Won,,,Elena Popescu,2026-04-21T00:00:00Z,2026-06-19T00:00:00Z,44,Website,Book a Demo page — Google Ads,0.85,False,True,Booked a demo via the book-a-demo page after clicking a google ad. possible duplicate — verify before contacting.
100236592,Ananya,Boateng,Ananya Boateng,first_last,,Boateng Digital Freight,boateng,ananya.b@boatengdigital.com.au,+971573009911,UAE,Closed Lost,Other,Offline Sources,Wei Chen,2026-02-01T00:00:00Z,2026-06-09T00:00:00Z,,Event,TechCrunch Disrupt — Booth,0.9,False,False,"Spoke with them at our TechCrunch Disrupt booth, no QR scan logged. Qualifying now."
100236593,Amir,Goh,Amir Goh,first_last,,Osei Studio,osei,amir.g@osei.com,+918590399343,India,New,,,Elena Popescu,2026-01-28T00:00:00Z,2026-02-07T00:00:00Z,,Website,Book a Demo page,0.9,False,False,"Filled out the form on the book-a-demo page. Connected, sending proposal."
100236594,Mia,Oh,Mia Oh,first_last,,Rossi SRL Freight Solutions,rossi,miao@rossisrl.biz,+639455243560,Philippines,Closed Lost,Customer,,Fatima Rahman,2025-12-10T00:00:00Z,2026-04-06T00:00:00Z,,Organic Search,Google organic → Case study page,0.75,False,False,"Found us through organic google search then landed on the case study page. Great fit, prioritizing."
100236595,Xiu Ying,Liu,Xiu Ying Liu,first_last,,Rao Ventures Labs,rao,xiuyingl@raoventures.biz,+393755936921,Italy,Opportunity,Sales Qualified Lead,,Priya Nair,2026-05-19T00:00:00Z,2026-05-30T00:00:00Z,,Website,Book a Demo page — Google Ads,0.85,False,False,Booked a demo via the book-a-demo page after clicking a google ad.
100236596,Ravi,Rasmussen,Ravi Rasmussen,first_last,VP Sales,Asante Retail Trading,asante,ravi.r@asanteretail.biz,+31686416735,Netherlands,Contacted,Other,,Elena Popescu,2025-10-21T00:00:00Z,2025-12-23T00:00:00Z,,Manual/Sales,Inbound phone call,0.9,False,False,Manual - added after inbound phone call.
100236597,Ravi,Rasmussen,Ravi Rasmussen,full_name,VP Sales,Asante Retail Inc.,asante,ravir@asanteretail.biz,+31686416735,Netherlands,Contacted,Other,,Elena Popescu,2025-10-21T00:00:00Z,2025-12-23T00:00:00Z,,Manual/Sales,Inbound phone call,0.9,False,False,Manual - added after inbound phone call.
100236598,Ravi,Rasmussen,Ravi Rasmussen,first_last,VP Sales,Asante Retail Freight,asante,ravir@asanteretail.biz,+31686416735,Netherlands,Contacted,Other,,Elena Popescu,2025-10-21T00:00:00Z,2025-12-23T00:00:00Z,,Manual/Sales,Inbound phone call,0.9,False,True,Manual - added after inbound phone call. possible duplicate — verify before contacting.
100236599,Ji-woo,Fischer,Ji-woo Fischer,first_last,,Martinez Pte. Ltd.,martinez,j.fischer@martinez.io,+79442744651,Russia,Closed Won,Marketing Qualified Lead,Direct Traffic,Wei Chen,2025-09-13T00:00:00Z,2026-01-29T00:00:00Z,,Website,Blog — lead scoring,0.9,False,False,"Filled out the form on the blog post on lead scoring. Very interested, wants pricing call."
100236600,Ibrahim,Xu,Ibrahim Xu,first_last,,Ivanova Inc,ivanova,ibrahim.xu@ivanova.com,+393839637738,Italy,Opportunity,Marketing Qualified Lead,Direct Traffic,Priya Nair,2026-03-06T00:00:00Z,2026-03-15T00:00:00Z,,Website,Homepage,0.9,False,False,Filled out the form on the homepage. No response yet.
100236601,Ananya,Singh,Ananya Singh,first_last,Finance Manager,Saigon Trading Co,saigon,a.singh@saigon.biz,+639697741490,Philippines,Qualified,Customer,,Marcus Wong,2025-09-21T00:00:00Z,2025-10-09T00:00:00Z,,Event,TechCrunch Disrupt — Booth QR Code,0.9,False,False,Scanned the QR code at our TechCrunch Disrupt booth.
100236602,Hana,Pham,Hana Pham,first_last,,Asante Retail Freight,asante,hana.pham@asanteretail.net,+971528154151,UAE,Closed Lost,Lead,,Diego Alvarez,2026-06-19T00:00:00Z,2026-06-19T00:00:00Z,,Organic Search,Google organic → Blog — lead scoring,0.75,False,False,"Found us through organic google search then landed on the blog post on lead scoring. Connected, sending proposal."
100236603,Hana,Pham,Hana Pham,first_last,,Asante Retail Consulting,asante,hana.pham@asanteretail.net,+971528154151,UAE,Closed Lost,Lead,,Diego Alvarez,2026-06-19T00:00:00Z,,,Organic Search,Google organic → Blog — lead scoring,0.75,False,True,"Found us through organic google search then landed on the blog post on lead scoring. Connected, sending proposal. possible duplicate — verify before contacting."
100236604,Yasmin,Papadopoulos,Yasmin Papadopoulos,first_last,,Bennett & Co,bennett,y.papadopoulos@bennett.com.au,+34619440512,Spain,New,Customer,Other Campaigns,Grace Osei,2025-11-01T00:00:00Z,,49,Other,General info@ inbox,0.3,True,False,Other - reached out via our general info@ inbox.
100236605,Marco,Al-Farsi,Marco Al-Farsi,first_last,,Al-Farsi Robotics,al farsi,m.al-farsi@al-farsi.co,+33624146023,France,Closed Lost,,,Noah Bennett,2026-02-14T00:00:00Z,,,Organic Search,Google organic → Product tour page,0.75,False,False,Found us through organic google search then landed on the product tour page. No response yet.
100236606,Grace,Alves,Grace Alves,first_last,,Li Consulting Group,li,g.alves@liconsulting.co,+46701208076,Sweden,Qualified,Other,,Priya Nair,2026-04-08T00:00:00Z,2026-04-24T00:00:00Z,,Organic Search,Google organic → Blog — lead scoring,0.75,False,False,Found us through organic google search then landed on the blog post on lead scoring.
100236607,Sora,Reyes,Sora Reyes,first_last,,GreenLeaf Studio,greenleaf,sora.reyes@greenleaf.com.au,+8801939573610,Bangladesh,Closed Lost,Lead,,Elena Popescu,2025-11-09T00:00:00Z,2026-06-13T00:00:00Z,,Website,Homepage,0.9,False,False,"Filled out the form on the homepage. Connected, sending proposal."
100236608,Ibrahim,Weber,Ibrahim Weber,first_last,,Lotus Finance Retail Group,lotus,ibrahim.w@lotusfinance.io,+447972844312,United Kingdom,Qualified,Other,,Elena Popescu,2026-03-21T00:00:00Z,,,Referral,Referred by Daniel Hossain,0.9,False,False,"Referred by Daniel Hossain, warm intro."
100236609,Camille,Pereira,Camille Pereira,first_last,,Wong Legal Trading,wong,camille.p@wonglegal.sg,+5511920911189,Brazil,Qualified,Lead,,Rohan Mehta,2025-11-08T00:00:00Z,2025-11-21T00:00:00Z,,LinkedIn,LinkedIn post engagement,0.9,False,False,Connected on LinkedIn after commenting on our post.
100236610,Ama,Goh,Ama Goh,first_last,,Orchid Digital,orchid,a.goh@orchid.net,+4521962758,Denmark,Closed Lost,,Other Campaigns,Noah Bennett,2025-09-30T00:00:00Z,2026-05-02T00:00:00Z,,Other,General info@ inbox,0.3,True,False,Other - reached out via our general info@ inbox.
100236611,Luca,Muller,Luca Muller,first_last,Operations Lead,Weber Analytics Co.,weber,luca.m@weberanalytics.net,+60195274744,Malaysia,Closed Won,Marketing Qualified Lead,,Fatima Rahman,2026-02-25T00:00:00Z,2026-02-25T00:00:00Z,63,Website,Book a Demo page — Google Ads,0.85,False,False,Booked a demo via the book-a-demo page after clicking a google ad. Not interested for now.
100236612,Wei,Becker,Wei Becker,first_last,Operations Lead,Han Imports Co,han,wei.becker@hanimports.co,+5511915846758,Brazil,Connected,Opportunity,,Diego Alvarez,2026-02-07T00:00:00Z,2026-04-21T00:00:00Z,26,Website,Homepage,0.9,False,False,"Filled out the form on the homepage. Left voicemail, will retry."
100236613,George,Petersen,George Petersen,first_last,Founder,Nord Group,nord,g.petersen@nord.com.au,+306986345317,Greece,Opportunity,Lead,Social Media,Fatima Rahman,2025-11-08T00:00:00Z,,,LinkedIn,LinkedIn DM,0.9,False,False,Linkedin dm inbound asking about pricing.
100236614,Sophia,Malik,Sophia Malik,first_last,Operations Lead,Bakker Digital,bakker,s.malik@bakker.co,+923906406324,Pakistan,New,Other,Offline Sources,Rohan Mehta,2026-01-05T00:00:00Z,2026-04-15T00:00:00Z,,Event,SaaStr Annual — Booth QR Code,0.9,False,False,"He scanned our QR code at the SaaStr Annual booth. Left voicemail, will retry."
100236615,Benjamin,Mensah,Benjamin Mensah,first_last,,Al-Farsi Freight,al farsi,benjamin.m@al-farsi.biz,+31643083238,Netherlands,Qualified,Lead,,Rohan Mehta,2025-10-24T00:00:00Z,2026-02-18T00:00:00Z,,Referral,Referred by Nur Jung,0.9,False,False,"Referred by Nur Jung, warm intro. Great fit, prioritizing."
100236616,Adaeze,Rahman,Adaeze Rahman,first_last,Head of Growth,Jung Studio,jung,adaeze.r@jungstudio.com,+34672821632,Spain,Opportunity,,,Grace Osei,2025-10-29T00:00:00Z,2026-02-08T00:00:00Z,,Event,Singapore FinTech Festival 2026 — Booth QR Code,0.9,False,False,"Scanned the QR code at our Singapore FinTech Festival 2026 booth. Connected, sending proposal."
100236617,Noah,Kowalski,Noah Kowalski,first_last,Operations Lead,Yang Freight Digital,yang,noah.k@yangfreight.biz,+821080702714,South Korea,New,Sales Qualified Lead,,Diego Alvarez,2025-09-20T00:00:00Z,2026-04-03T00:00:00Z,,Event,Web Summit 2026 — Booth QR Code,0.9,False,False,"He scanned our QR code at the Web Summit 2026 booth. Connected, sending proposal."
100236618,Lucas,Yap,Lucas Yap,first_last,Head of Growth,Liu Trading Digital,liu,lucasy@liutrading.co,+85291649720,Hong Kong,New,Marketing Qualified Lead,,Fatima Rahman,2026-06-05T00:00:00Z,,,Other,,0.3,True,False,"Saw our post about replacing hubspot and commented. Connected, sending proposal."
100236619,Arjun,Costa,Arjun Costa,first_last,Founder,Bakker Holdings,bakker,arjun.c@bakker.io,+46705536037,Sweden,New,Customer,,Fatima Rahman,2026-01-09T00:00:00Z,2026-06-04T00:00:00Z,,Event,Web Summit 2026 — Booth QR Code,0.9,False,False,Scanned the QR code at our Web Summit 2026 booth.
100236620,Arjun,Costa,Arjun Costa,first_last,Founder,Bakker Co,bakker,arjun.costa@bakker.io,+46705536037,Sweden,New,Customer,,Fatima Rahman,2026-01-09T00:00:00Z,,,Event,Web Summit 2026 — Booth QR Code,0.9,False,True,Scanned the QR code at our Web Summit 2026 booth. possible duplicate — verify before contacting.
100236621,Musa,Owusu,Musa Owusu,first_last,,Sim Robotics Studio,sim,m.owusu@simrobotics.sg,+46702325763,Sweden,Connected,Customer,,Wei Chen,2025-12-21T00:00:00Z,,,Organic Search,Google organic → Pricing page,0.75,False,False,Googled us and ended up on the pricing page before booking a demo. No response yet.
100236622,Ama,Ocampo,Ama Ocampo,first_last,,Ang Analytics & Co,ang,ama.o@anganalytics.co,+639277197626,Philippines,Closed Won,Sales Qualified Lead,,Fatima Rahman,2025-12-03T00:00:00Z,2026-06-02T00:00:00Z,,Website,Book a Demo page,0.9,False,False,"Filled out the form on the book-a-demo page. Left voicemail, will retry."
100236623,Ryan,Ivanova,Ryan Ivanova,first_last,Head of Growth,Silva Ventures,silva,r.ivanova@silva.biz,+447841948687,United Kingdom,Connected,Lead,Other Campaigns,Wei Chen,2026-05-29T00:00:00Z,2026-05-29T00:00:00Z,,Other,General info@ inbox,0.3,True,False,Other - reached out via our general info@ inbox. No response yet.
100236624,Jun Wei,Aina,Jun Wei Aina,first_last,,Cruz & Partners Group,cruz,j.aina@cruzpartners.io,+639357096825,Philippines,Closed Won,Other,,Priya Nair,2025-09-29T00:00:00Z,2026-05-06T00:00:00Z,,LinkedIn,LinkedIn DM,0.9,False,False,Linkedin dm inbound asking about pricing.
100236625,Mia,Muller,Mia Muller,first_last,Finance Manager,Muller GmbH Co.,muller,mia.m@mullergmbh.io,+6284439615148,Indonesia,Qualified,Sales Qualified Lead,Direct Traffic,Marcus Wong,2026-03-02T00:00:00Z,2026-03-13T00:00:00Z,,Website,Blog — lead scoring,0.9,False,False,Filled out the form on the blog post on lead scoring. Qualifying now.
100236626,Ismail,Mehta,Ismail Mehta,first_last,Founder,Yap Ventures Ltd,yap,i.mehta@yapventures.sg,+971558629117,UAE,Qualified,Marketing Qualified Lead,Direct Traffic,Priya Nair,2026-03-18T00:00:00Z,,,Website,Contact page,0.9,False,False,Filled out the form on the contact page.
100236627,Ha-eun,Wagner,Ha-eun Wagner,first_last,Founder,Chen Digital Co.,chen,ha-eunw@chendigital.net,+79265567641,Russia,Closed Lost,,Organic Search,Rohan Mehta,2026-05-01T00:00:00Z,2026-05-25T00:00:00Z,,Organic Search,Google organic → Pricing page,0.75,False,False,"Found us through organic google search then landed on the pricing page. Connected, sending proposal."
100236628,Farah,Toure,Farah Toure,first_last,Head of Growth,Owusu Freight Retail Group,owusu,farah.t@owusufreight.net,+393516834649,Italy,Closed Lost,Opportunity,,Hana Kobayashi,2026-03-05T00:00:00Z,,59,Website,Book a Demo page — Google Ads,0.85,False,False,Booked a demo via the book-a-demo page after clicking a google ad. No response yet.
100236629,Joon,Wang,Joon Wang,first_last,,Johnson Group,johnson,j.wang@johnson.biz,+923005395692,Pakistan,Qualified,Lead,Direct Traffic,Grace Osei,2026-01-10T00:00:00Z,,91,Website,Case study page,0.9,False,False,Filled out the form on the case study page. Qualifying now.
100236630,Rania,Santos,Rania Santos,first_last,Finance Manager,Yap Ventures Analytics,yap,rania.s@yapventures.io,+6285594824823,Indonesia,Connected,Other,Direct Traffic,Diego Alvarez,2025-12-25T00:00:00Z,2025-12-25T00:00:00Z,,Website,Product tour page,0.9,False,False,"Filled out the form on the product tour page. Great fit, prioritizing."
100236631,Mei Ling,Mehta,Mei Ling Mehta,first_last,Finance Manager,Huang Analytics Ventures,huang,meiling.m@huanganalytics.com.au,+639798298395,Philippines,Qualified,Marketing Qualified Lead,Social Media,Diego Alvarez,2025-11-29T00:00:00Z,2026-02-15T00:00:00Z,,LinkedIn,LinkedIn DM,0.9,False,False,Linkedin dm inbound asking about pricing.
100236632,Francesca,Kang,Francesca Kang,first_last,Operations Lead,Williams Solutions,williams,francesca.kang@williams.net,+447970857591,United Kingdom,Qualified,Marketing Qualified Lead,Referrals,Marcus Wong,2026-01-28T00:00:00Z,2026-01-28T00:00:00Z,,Referral,Referred by Lucas Ivanova,0.9,False,False,"Referred by Lucas Ivanova, warm intro. Very interested, wants pricing call."
100236633,Erik,Andersen,Erik Andersen,first_last,,Fischer Trading,fischer,erik.andersen@fischertrading.io,+5511932713951,Brazil,Connected,Opportunity,,Elena Popescu,2025-12-02T00:00:00Z,2025-12-02T00:00:00Z,,Other,,0.3,True,False,Saw our post about replacing hubspot and commented. Not interested for now.
100236634,Sven,Martins,Sven Martins,first_last,Head of Growth,Popescu Co,popescu,svenm@popescu.io,+918958375897,India,New,Lead,,Elena Popescu,2025-12-06T00:00:00Z,,,Organic Search,Google organic → Product tour page,0.75,False,False,Found us through organic google search then landed on the product tour page. No response yet.
100236635,Diego,Sim,Diego Sim,first_last,,Hansen Digital Partners,hansen,diegos@hansendigital.com,+66925081031,Thailand,Qualified,,Other Campaigns,Priya Nair,2026-04-11T00:00:00Z,,,Manual/Sales,Walk-in,0.9,False,False,Other - walked into our office without an appointment.
100236636,Jun Wei,Boateng,Jun Wei Boateng,first_last,,Lindqvist AB & Co,lindqvist,j.boateng@lindqvistab.co,+447789954956,United Kingdom,Closed Lost,Lead,,Priya Nair,2025-10-22T00:00:00Z,2026-01-06T00:00:00Z,,Manual/Sales,Inbound phone call,0.9,False,False,Manual - added after inbound phone call. Qualifying now.
100236637,Luca,Lee,Luca Lee,first_last,Founder,Silva Partners,silva,l.lee@silva.biz,+351953004057,Portugal,New,Lead,Paid Search,Diego Alvarez,2025-12-20T00:00:00Z,2026-03-24T00:00:00Z,,Website,Book a Demo page — Google Ads,0.85,False,False,"Booked a demo via the book-a-demo page after clicking a google ad. Very interested, wants pricing call."
100236638,Sanjay,Kapoor,Sanjay Kapoor,first_last,Head of Growth,Weber Analytics Ventures,weber,sanjay.kapoor@weberanalytics.com,+40744869235,Romania,Closed Won,Opportunity,Offline Sources,Hana Kobayashi,2025-12-08T00:00:00Z,,,Event,Singapore FinTech Festival 2026 — Booth QR Code,0.9,False,False,Scanned the QR code at our Singapore FinTech Festival 2026 booth. Qualifying now.
100236639,Xiu Ying,Dubois,Xiu Ying Dubois,first_last,,Kilat Retail Freight,kilat,x.dubois@kilatretail.sg,+84996924392,Vietnam,Opportunity,Opportunity,Other Campaigns,Wei Chen,2025-10-31T00:00:00Z,2025-10-31T00:00:00Z,,Manual/Sales,Walk-in,0.9,False,False,"Other - walked into our office without an appointment. Great fit, prioritizing."
100236640,Xiu Ying,Dubois,Xiu Ying Dubois,first_last,,Kilat Retail Freight Solutions,kilat,xiuyingd@kilatretail.sg,+84996924392,Vietnam,Opportunity,Opportunity,Other Campaigns,Wei Chen,2025-10-31T00:00:00Z,,,Manual/Sales,Walk-in,0.9,False,False,"Other - walked into our office without an appointment. Great fit, prioritizing."
100236641,Grace,Wang,Grace Wang,first_last,,Nimbus Analytics,nimbus,grace.wang@nimbus.net,+6597985425,Singapore,Closed Won,Opportunity,Other Campaigns,Rohan Mehta,2025-09-09T00:00:00Z,,,Manual/Sales,Cold outreach call,0.9,False,False,"Manually added by sales after a phone call from a cold outreach list. Connected, sending proposal."
100236642,Hui Fang,Xu,Hui Fang Xu,first_last,,Choi Logistics Studio,choi,h.xu@choilogistics.biz,+66927657208,Thailand,Closed Won,Customer,,Priya Nair,2025-10-05T00:00:00Z,,67,Event,APAC Logistics Summit — Booth QR Code,0.9,False,False,Scanned the QR code at our APAC Logistics Summit booth. Qualifying now.
100236643,Benjamin,Hoffmann,Benjamin Hoffmann,first_last,,Asante Retail Pte Ltd,asante,benjamin.hoffmann@asanteretail.com,+393979434550,Italy,Closed Lost,Opportunity,,Priya Nair,2026-03-17T00:00:00Z,2026-06-02T00:00:00Z,94,Organic Search,Google organic → Blog — lead scoring,0.75,False,False,"Googled us and ended up on the blog post on lead scoring before booking a demo. Left voicemail, will retry."
100236644,Amir,Nkrumah,Amir Nkrumah,first_last,Finance Manager,Costa Trading Analytics,costa,amirn@costatrading.io,+5491198391285,Argentina,Closed Won,,,Diego Alvarez,2026-05-12T00:00:00Z,2026-05-12T00:00:00Z,,Other,,0.3,True,False,Saw our post about replacing hubspot and commented. No response yet.
100236645,Ingrid,Rao,Ingrid Rao,first_last,,Nord Retail Group,nord,i.rao@nord.com.au,+351926802608,Portugal,Closed Lost,Lead,,Fatima Rahman,2026-05-21T00:00:00Z,2026-06-08T00:00:00Z,,Event,APAC Logistics Summit — Booth QR Code,0.9,False,False,Scanned the QR code at our APAC Logistics Summit booth. Not interested for now.
100236646,Isabelle,Zhao,Isabelle Zhao,first_last,VP Sales,Yang Freight Co.,yang,isabellez@yangfreight.com.au,+918933011836,India,New,,Organic Search,Rohan Mehta,2026-05-30T00:00:00Z,,81,Organic Search,Google organic → Case study page,0.75,False,False,Googled us and ended up on the case study page before booking a demo. Qualifying now.
100236647,Tunde,Joshi,Tunde Joshi,first_last,,Ang Analytics Co.,ang,tunde.joshi@anganalytics.biz,+212642766880,Morocco,New,,Paid Search,Fatima Rahman,2026-01-10T00:00:00Z,2026-06-10T00:00:00Z,,Website,Book a Demo page — Google Ads,0.85,False,False,"Booked a demo via the book-a-demo page after clicking a google ad. Connected, sending proposal."
100236648,Tunde,Joshi,Tunde Joshi,full_name,,Ang Analytics Group,ang,tundej@anganalytics.biz,+212642766880,Morocco,New,,Paid Search,Fatima Rahman,2026-01-10T00:00:00Z,2026-06-10T00:00:00Z,,Website,Book a Demo page — Google Ads,0.85,False,False,"Booked a demo via the book-a-demo page after clicking a google ad. Connected, sending proposal."
100236649,Ha-eun,Teo,Ha-eun Teo,first_last,,Zahra & Co,zahra,ha-eun.t@zahra.biz,+918059057335,India,Qualified,Lead,Offline Sources,Diego Alvarez,2026-01-16T00:00:00Z,2026-01-16T00:00:00Z,,Event,Mobile World Congress — Booth,0.9,False,False,"Spoke with them at our Mobile World Congress booth, no QR scan logged."
100236650,Ha-eun,Teo,Ha-eun Teo,first_last,,Zahra & Holdings,zahra,h.teo@zahra.biz,+918059057335,India,Qualified,Lead,Offline Sources,Diego Alvarez,2026-01-16T00:00:00Z,2026-01-16T00:00:00Z,,Event,Mobile World Congress — Booth,0.9,False,False,"Spoke with them at our Mobile World Congress booth, no QR scan logged."
100236651,Oluwaseun,Iyer,Oluwaseun Iyer,first_last,Operations Lead,Ang Analytics Freight Solutions,ang,oluwaseun.iyer@anganalytics.net,+6581653698,Singapore,Closed Lost,Marketing Qualified Lead,,Fatima Rahman,2025-09-12T00:00:00Z,2025-09-12T00:00:00Z,,LinkedIn,LinkedIn DM,0.9,False,False,Linkedin dm inbound asking about pricing. No response yet.
100236652,Rania,Joshi,Rania Joshi,first_last,Operations Lead,Tanaka Co,tanaka,rania.joshi@tanaka.io,+2348057781913,Nigeria,Connected,Marketing Qualified Lead,,Rohan Mehta,2025-09-07T00:00:00Z,,,Event,TechCrunch Disrupt — Booth QR Code,0.9,False,False,"Met her at the TechCrunch Disrupt booth, scanned our QR code."
100236653,Vikram,Bakker,Vikram Bakker,first_last,Operations Lead,Santos Ltda Consulting,santos ltda,vikram.bakker@santosltda.com.au,+34668990686,Spain,Opportunity,Other,Referrals,Marcus Wong,2026-03-11T00:00:00Z,2026-03-22T00:00:00Z,,Referral,Referred by Yasmin Ndiaye,0.9,False,False,"Referred by Yasmin Ndiaye, warm intro. Qualifying now."
100236654,Kai,Rodrigues,Kai Rodrigues,first_last,,Zhang Co,zhang,k.rodrigues@zhang.com,+6289285193823,Indonesia,Qualified,Sales Qualified Lead,,Marcus Wong,2026-01-03T00:00:00Z,,,Event,Retail Asia Expo — Booth QR Code,0.9,False,False,Scanned the QR code at our Retail Asia Expo booth.
100236655,Rohan,Ho,Rohan Ho,first_last,Marketing Director,Lau Pte Ltd,lau,rohan.ho@lau.com,+61418388534,Australia,Connected,,,Diego Alvarez,2025-12-04T00:00:00Z,,,Organic Search,Google organic → Product tour page,0.75,False,False,Found us through organic google search then landed on the product tour page. No response yet.
100236656,Rohan,Ho,Rohan Ho,full_name,Marketing Director,Lau Solutions,lau,rohanho@lau.com,+61418388534,Australia,Connected,,,Diego Alvarez,2025-12-04T00:00:00Z,2025-12-04T00:00:00Z,,Organic Search,Google organic → Product tour page,0.75,False,False,Found us through organic google search then landed on the product tour page. No response yet.
100236657,Sofia,Kang,Sofia Kang,first_last,,Kowalski Digital,kowalski,sofia.k@kowalski.biz,+31672318400,Netherlands,Contacted,Other,Social Media,Hana Kobayashi,2026-03-26T00:00:00Z,2026-06-06T00:00:00Z,,LinkedIn,LinkedIn post engagement,0.9,False,False,Connected on LinkedIn after commenting on our post. Not interested for now.
100236658,Sofia,Kang,Sofia Kang,full_name,,Kowalski Inc.,kowalski,sofiakang@kowalski.biz,+31672318400,Netherlands,Contacted,Other,Social Media,Hana Kobayashi,2026-03-26T00:00:00Z,,,LinkedIn,LinkedIn post engagement,0.9,False,False,Connected on LinkedIn after commenting on our post. Not interested for now.
100236659,Ethan,Osei,Ethan Osei,first_last,Founder,Boateng Digital & Co,boateng,ethan.osei@boatengdigital.io,+306925417653,Greece,Closed Lost,,,Elena Popescu,2026-04-30T00:00:00Z,,,Website,Contact page,0.9,False,False,Filled out the form on the contact page.
100236660,Ethan,Osei,Ethan Osei,full_name,Founder,Boateng Digital & Labs,boateng,ethanosei@boatengdigital.io,+306925417653,Greece,Closed Lost,,,Elena Popescu,2026-04-30T00:00:00Z,2026-05-19T00:00:00Z,,Website,Contact page,0.9,False,False,Filled out the form on the contact page.
100236661,Amir,Mehta,Amir Mehta,first_last,Founder,Bakker Ventures,bakker,amirm@bakker.com.au,+48689694971,Poland,Contacted,Opportunity,Social Media,Marcus Wong,2026-01-22T00:00:00Z,2026-06-12T00:00:00Z,,LinkedIn,LinkedIn post engagement,0.9,False,False,Connected on LinkedIn after commenting on our post. No response yet.
100236662,Amir,Mehta,Amir Mehta,first_last,Founder,Bakker & Co,bakker,amirm@bakker.com.au,+48689694971,Poland,Contacted,Opportunity,Social Media,Marcus Wong,2026-01-22T00:00:00Z,2026-06-12T00:00:00Z,,LinkedIn,LinkedIn post engagement,0.9,False,True,Connected on LinkedIn after commenting on our post. No response yet. possible duplicate — verify before contacting.
100236663,Elin,Papadopoulos,Elin Papadopoulos,first_last,,Sato Ventures,sato,elin.p@sato.com,+6287737659024,Indonesia,Closed Lost,Opportunity,,Fatima Rahman,2026-01-30T00:00:00Z,2026-05-28T00:00:00Z,,Organic Search,Google organic → Contact page,0.75,False,False,Googled us and ended up on the contact page before booking a demo. No response yet.
100236664,Ismail,Christensen,Ismail Christensen,first_last,,Zahra Group,zahra,i.christensen@zahra.com,+393577426765,Italy,Connected,Other,,Hana Kobayashi,2026-04-22T00:00:00Z,,,Manual/Sales,Cold outreach call,0.9,False,False,Manually added by sales after a phone call from a cold outreach list. Not interested for now.
100236665,Aiko,Malik,Aiko Malik,first_last,,Ho Bros Co,ho,a.malik@hobros.co,+8613268557257,China,Qualified,Other,Paid Search,Wei Chen,2026-01-11T00:00:00Z,2026-01-11T00:00:00Z,,Website,Book a Demo page — Google Ads,0.85,False,False,Booked a demo via the book-a-demo page after clicking a google ad. No response yet.
100236666,Rin,Yoon,Rin Yoon,first_last,Operations Lead,Kilat Retail Inc.,kilat,r.yoon@kilatretail.com.au,+917077534226,India,Contacted,Lead,,Diego Alvarez,2025-10-08T00:00:00Z,2025-10-08T00:00:00Z,,Organic Search,Google organic → Contact page,0.75,False,False,Found us through organic google search then landed on the contact page.
100236667,Rin,Yoon,Rin Yoon,first_last,Operations Lead,Kilat Retail & Co,kilat,rinyoon@kilatretail.com.au,+917077534226,India,Contacted,Lead,,Diego Alvarez,2025-10-08T00:00:00Z,2025-10-08T00:00:00Z,,Organic Search,Google organic → Contact page,0.75,False,True,Found us through organic google search then landed on the contact page. possible duplicate — verify before contacting.
100236668,Amir,Reyes,Amir Reyes,first_last,Head of Growth,Popescu Pte Ltd,popescu,amirr@popescu.sg,+639606817361,Philippines,Closed Lost,Lead,Other Campaigns,Grace Osei,2026-06-04T00:00:00Z,2026-06-12T00:00:00Z,,Manual/Sales,Cold outreach call,0.9,False,False,"Manually added by sales after a phone call from a cold outreach list. Very interested, wants pricing call."
100236669,Amir,Reyes,Amir Reyes,first_last,Head of Growth,Popescu Ventures,popescu,amirreyes@popescu.sg,+639606817361,Philippines,Closed Lost,Lead,Other Campaigns,Grace Osei,2026-06-04T00:00:00Z,2026-06-12T00:00:00Z,,Manual/Sales,Cold outreach call,0.9,False,True,"Manually added by sales after a phone call from a cold outreach list. Very interested, wants pricing call. possible duplicate — verify before contacting."
100236670,Fatima,Fall,Fatima Fall,first_last,,Ng Freight Co,ng,fatima.f@ngfreight.com.au,+60166358051,Malaysia,Connected,Marketing Qualified Lead,Organic Search,Marcus Wong,2026-01-17T00:00:00Z,,,Organic Search,Google organic → Homepage,0.75,False,False,Found us through organic google search then landed on the homepage. Not interested for now.
100236671,So-young,Petersen,So-young Petersen,first_last,Founder,Park Biotech Analytics,park,so-young.p@parkbiotech.sg,+31636939859,Netherlands,Closed Lost,Opportunity,Other Campaigns,Priya Nair,2025-10-13T00:00:00Z,,,Other,General info@ inbox,0.3,True,False,"Other - reached out via our general info@ inbox. Great fit, prioritizing."
100236672,Zara,Nair,Zara Nair,first_last,Head of Growth,Hansen Digital Ventures,hansen,zaran@hansendigital.io,+8801451320593,Bangladesh,Qualified,Opportunity,Direct Traffic,Grace Osei,2025-09-23T00:00:00Z,2026-06-18T00:00:00Z,,Website,Contact page,0.9,False,False,Filled out the form on the contact page.
100236673,Chidi,Sow,Chidi Sow,first_last,Operations Lead,Zahra Group,zahra,chidi.s@zahra.io,+447800790685,United Kingdom,Opportunity,Customer,,Hana Kobayashi,2025-09-29T00:00:00Z,,,Website,Comparison vs HubSpot page,0.9,False,False,Filled out the form on the comparison-vs-hubspot page.
100236674,Leila,Wu,Leila Wu,first_last,,Martinez Labs,martinez,leila.wu@martinez.biz,+33635726914,France,Contacted,Customer,,Noah Bennett,2026-04-23T00:00:00Z,2026-04-25T00:00:00Z,,Organic Search,Google organic → Blog — lead scoring,0.75,False,False,Googled us and ended up on the blog post on lead scoring before booking a demo.
100236675,Ines,Wu,Ines Wu,first_last,Finance Manager,Martinez Labs,martinez,i.wu@martinez.biz,+4526403233,Denmark,Closed Lost,Opportunity,Direct Traffic,Hana Kobayashi,2025-10-07T00:00:00Z,2025-11-15T00:00:00Z,,Website,Case study page,0.9,False,False,Filled out the form on the case study page.
100236676,Sarah,Silva,Sarah Silva,first_last,Founder,Fischer Trading Studio,fischer,sarahs@fischertrading.io,+447979369743,United Kingdom,New,Customer,Other Campaigns,Hana Kobayashi,2026-02-17T00:00:00Z,2026-04-19T00:00:00Z,,Other,General info@ inbox,0.3,True,False,Other - reached out via our general info@ inbox.
100236677,Nadia,Ferrari,Nadia Ferrari,first_last,,Kilat Retail Solutions,kilat,n.ferrari@kilatretail.com.au,+447844149965,United Kingdom,Opportunity,Marketing Qualified Lead,,Fatima Rahman,2026-04-30T00:00:00Z,2026-05-25T00:00:00Z,,Website,Book a Demo page,0.9,False,False,Filled out the form on the book-a-demo page. Qualifying now.
100236678,Haruto,Aina,Haruto Aina,first_last,,Zhang Inc.,zhang,harutoa@zhang.sg,+6588087703,Singapore,Closed Lost,,Referrals,Priya Nair,2026-01-22T00:00:00Z,,,Referral,Referred by Farid Wang,0.9,False,False,"Referred by Farid Wang, warm intro. Not interested for now."
100236679,Zara,Johnson,Zara Johnson,first_last,Head of Growth,Yang Freight Analytics,yang,zaraj@yangfreight.biz,+4524307363,Denmark,Closed Lost,Marketing Qualified Lead,Other Campaigns,Elena Popescu,2026-01-05T00:00:00Z,2026-03-09T00:00:00Z,80,Manual/Sales,Walk-in,0.9,False,False,Other - walked into our office without an appointment.
100236680,Zara,Johnson,Zara Johnson,first_last,Head of Growth,Yang Freight Trading Co,yang,zara.johnson@yangfreight.biz,+4524307363,Denmark,Closed Lost,Marketing Qualified Lead,Other Campaigns,Elena Popescu,2026-01-05T00:00:00Z,2026-03-09T00:00:00Z,80,Manual/Sales,Walk-in,0.9,False,True,Other - walked into our office without an appointment. possible duplicate — verify before contacting.
100236681,Amir,Russo,Amir Russo,first_last,,Ho Bros & Co,ho,amirr@hobros.net,+393932304042,Italy,Qualified,Sales Qualified Lead,,Elena Popescu,2026-01-11T00:00:00Z,,,LinkedIn,LinkedIn post engagement,0.9,False,False,Connected on LinkedIn after commenting on our post.
100236682,Amir,Russo,Amir Russo,first_last,,Ho Bros & Studio,ho,a.russo@hobros.net,+393932304042,Italy,Qualified,Sales Qualified Lead,,Elena Popescu,2026-01-11T00:00:00Z,2026-01-11T00:00:00Z,,LinkedIn,LinkedIn post engagement,0.9,False,True,Connected on LinkedIn after commenting on our post. possible duplicate — verify before contacting.
100236683,Michael,Schulz,Michael Schulz,first_last,Founder,Acme Trading,acme,michaels@acme.io,+4521383584,Denmark,Qualified,Opportunity,,Priya Nair,2026-02-22T00:00:00Z,2026-04-04T00:00:00Z,31,Website,Contact page,0.9,False,False,"Filled out the form on the contact page. Connected, sending proposal."
100236684,Rachel,Martins,Rachel Martins,first_last,Finance Manager,Bennett Trading,bennett,rachelm@bennett.co,+84963228088,Vietnam,Opportunity,Other,,Rohan Mehta,2026-02-22T00:00:00Z,2026-06-02T00:00:00Z,,Event,APAC Logistics Summit — Booth QR Code,0.9,False,False,"Scanned the QR code at our APAC Logistics Summit booth. Very interested, wants pricing call."
100236685,Diego,Williams,Diego Williams,first_last,,Foster & Co,foster,diegow@foster.co,+8613448418377,China,Closed Lost,Lead,Other Campaigns,Diego Alvarez,2025-12-10T00:00:00Z,2026-02-12T00:00:00Z,,Other,General info@ inbox,0.3,True,False,Other - reached out via our general info@ inbox. Qualifying now.
100236686,Diego,Mehta,Diego Mehta,first_last,,Patel Fintech Retail Group,patel,diego.m@patelfintech.com,+85291941462,Hong Kong,Contacted,Sales Qualified Lead,,Hana Kobayashi,2025-12-14T00:00:00Z,,,Organic Search,Google organic → Pricing page,0.75,False,False,"Found us through organic google search then landed on the pricing page. Great fit, prioritizing."
100236687,Min-jun,Lau,Min-jun Lau,first_last,,Costa Trading Holdings,costa,min-jun.l@costatrading.biz,+85273302072,Hong Kong,Closed Lost,Opportunity,,Marcus Wong,2025-10-04T00:00:00Z,2026-04-16T00:00:00Z,,Organic Search,Google organic → Blog — lead scoring,0.75,False,False,Googled us and ended up on the blog post on lead scoring before booking a demo. Not interested for now.
100236688,Matteo,Wagner,Matteo Wagner,first_last,Founder,Yap Ventures Inc.,yap,m.wagner@yapventures.biz,+639606523178,Philippines,Opportunity,Other,,Elena Popescu,2026-01-09T00:00:00Z,2026-05-30T00:00:00Z,,Manual/Sales,Cold outreach call,0.9,False,False,Manually added by sales after a phone call from a cold outreach list. No response yet.
100236689,Amir,Ndiaye,Amir Ndiaye,first_last,Operations Lead,Hansen Digital Studio,hansen,a.ndiaye@hansendigital.com.au,+8613462795076,China,Closed Lost,Opportunity,Social Media,Grace Osei,2025-10-22T00:00:00Z,,,LinkedIn,LinkedIn DM,0.9,False,False,"Linkedin dm inbound asking about pricing. Left voicemail, will retry."
100236690,Ryan,Pedersen,Ryan Pedersen,first_last,,Verma Consulting Freight Solutions,verma,r.pedersen@vermaconsulting.net,+48620180230,Poland,Qualified,Other,Referrals,Diego Alvarez,2026-05-06T00:00:00Z,2026-05-06T00:00:00Z,,Referral,Referred by Amina Li,0.9,False,False,"Referred by Amina Li, warm intro."
100236691,Musa,Romano,Musa Romano,first_last,VP Sales,Lindqvist AB Pte. Ltd.,lindqvist,musa.romano@lindqvistab.co,+79317273518,Russia,Opportunity,,Other Campaigns,Marcus Wong,2026-03-13T00:00:00Z,,,Other,General info@ inbox,0.3,True,False,Other - reached out via our general info@ inbox. No response yet.
100236692,Hui Fang,Chen,Hui Fang Chen,first_last,Founder,Schmidt AG Digital,schmidt ag,huifangc@schmidtag.co,+6595002684,Singapore,Qualified,Lead,Offline Sources,Diego Alvarez,2025-12-29T00:00:00Z,2026-03-08T00:00:00Z,,Event,Mobile World Congress — Booth QR Code,0.9,False,False,"Scanned the QR code at our Mobile World Congress booth. Very interested, wants pricing call."
100236693,Arjun,Diallo,Arjun Diallo,first_last,Marketing Director,Johnson Trading Co,johnson,arjun.diallo@johnson.biz,+61475438761,Australia,Connected,Marketing Qualified Lead,Other Campaigns,Rohan Mehta,2026-05-26T00:00:00Z,2026-05-29T00:00:00Z,,Manual/Sales,Walk-in,0.9,False,False,Other - walked into our office without an appointment. Qualifying now.
100236694,Hassan,Greco,Hassan Greco,first_last,Operations Lead,Fischer Trading Digital,fischer,h.greco@fischertrading.sg,+5511969309385,Brazil,Qualified,Other,Other Campaigns,Elena Popescu,2025-11-15T00:00:00Z,,,Manual/Sales,Inbound phone call,0.9,False,False,Manual - added after inbound phone call. Not interested for now.
100236695,Ava,Frimpong,Ava Frimpong,first_last,Head of Growth,Jung Studio Holdings,jung,a.frimpong@jungstudio.co,+491797195859,Germany,Closed Won,Lead,Social Media,Noah Bennett,2026-06-18T00:00:00Z,2026-06-19T00:00:00Z,,LinkedIn,from Original Source: Social Media,0.55,True,False,Saw our post about replacing hubspot and commented. Qualifying now.
100236696,Fatima,Romano,Fatima Romano,first_last,Marketing Director,Choi Logistics Freight Solutions,choi,fatimar@choilogistics.net,+12875550139,United States,Opportunity,Other,,Marcus Wong,2026-01-13T00:00:00Z,2026-01-31T00:00:00Z,,Website,Book a Demo page — Google Ads,0.85,False,False,Booked a demo via the book-a-demo page after clicking a google ad.
100236697,Fatima,Romano,Fatima Romano,full_name,Marketing Director,Choi Logistics Freight Consulting,choi,f.romano@choilogistics.net,+12875550139,United States,Opportunity,Other,,Marcus Wong,2026-01-13T00:00:00Z,2026-01-31T00:00:00Z,,Website,Book a Demo page — Google Ads,0.85,False,False,Booked a demo via the book-a-demo page after clicking a google ad.
100236698,Adam,Dubois,Adam Dubois,first_last,,Costa Trading Freight,costa,adam.d@costatrading.sg,+4521959210,Denmark,Opportunity,Lead,,Noah Bennett,2026-03-01T00:00:00Z,2026-03-13T00:00:00Z,,Referral,Referred by Divya Ocampo,0.9,False,False,"Referred by Divya Ocampo, warm intro."
100236699,A.,Dubois,A. Dubois,full_name,,Costa Trading Inc.,costa,a.dubois@costatrading.sg,+4521959210,Denmark,Opportunity,Lead,,Noah Bennett,2026-03-01T00:00:00Z,2026-03-13T00:00:00Z,,Referral,Referred by Divya Ocampo,0.9,False,True,"Referred by Divya Ocampo, warm intro. possible duplicate — verify before contacting."
100236700,Lars,Huang,Lars Huang,first_last,Finance Manager,Rossi SRL Digital,rossi,lars.huang@rossisrl.io,+34657429229,Spain,Contacted,Opportunity,,Rohan Mehta,2025-12-06T00:00:00Z,,,Organic Search,Google organic → Product tour page,0.75,False,False,"Googled us and ended up on the product tour page before booking a demo. Connected, sending proposal."
100236701,Sara,Joshi,Sara Joshi,first_last,Operations Lead,Fischer Trading Co,fischer,sara.joshi@fischertrading.co,+639368305767,Philippines,Opportunity,Marketing Qualified Lead,,Priya Nair,2026-06-14T00:00:00Z,,,Event,Singapore FinTech Festival 2026 — Booth QR Code,0.9,False,False,"Met her at the Singapore FinTech Festival 2026 booth, scanned our QR code."
100236702,Youssef,Rao,Youssef Rao,first_last,,Larsen AS Inc,larsen,youssef.r@larsenas.sg,+85263914829,Hong Kong,Closed Won,Other,Other Campaigns,Priya Nair,2026-04-21T00:00:00Z,,,Manual/Sales,Cold outreach call,0.9,False,False,"Manually added by sales after a phone call from a cold outreach list. Great fit, prioritizing."
100236703,Kofi,Greco,Kofi Greco,first_last,,Adeyemi Logistics Freight,adeyemi,kofi.greco@adeyemilogistics.com.au,+66699131995,Thailand,Contacted,,,Fatima Rahman,2026-06-05T00:00:00Z,2026-06-19T00:00:00Z,,Website,Book a Demo page — Google Ads,0.85,False,False,Booked a demo via the book-a-demo page after clicking a google ad.
100236704,Michael,Chua,Michael Chua,first_last,,Kowalski Robotics,kowalski,m.chua@kowalski.sg,+525574015079,Mexico,Opportunity,Customer,,Noah Bennett,2025-11-23T00:00:00Z,2025-11-27T00:00:00Z,29,Manual/Sales,Cold outreach call,0.9,False,False,Manually added by sales after a phone call from a cold outreach list. Qualifying now.
100236705,M.,Chua,M. Chua,full_name,,Kowalski Freight,kowalski,michaelc@kowalski.sg,+525574015079,Mexico,Opportunity,Customer,,Noah Bennett,2025-11-23T00:00:00Z,2025-11-27T00:00:00Z,29,Manual/Sales,Cold outreach call,0.9,False,False,Manually added by sales after a phone call from a cold outreach list. Qualifying now.
100236706,Chiara,Han,Chiara Han,first_last,VP Sales,Lau Ventures,lau,chiara.h@lau.io,+48581939321,Poland,Closed Won,Sales Qualified Lead,Referrals,Rohan Mehta,2025-09-27T00:00:00Z,2026-02-27T00:00:00Z,,Referral,Referred by Ngozi Almeida,0.9,False,False,"Referred by Ngozi Almeida, warm intro. Left voicemail, will retry."
100236707,Leila,Kapoor,Leila Kapoor,first_last,,Martinez Group,martinez,leilak@martinez.com.au,+2348031048316,Nigeria,Connected,Lead,Other Campaigns,Grace Osei,2025-10-24T00:00:00Z,,,Manual/Sales,Inbound phone call,0.9,False,False,"Manual - added after inbound phone call. Left voicemail, will retry."
100236708,Catarina,Li,Catarina Li,first_last,Marketing Director,Choi Logistics Pte Ltd,choi,c.li@choilogistics.io,+6592081855,Singapore,Contacted,Other,,Hana Kobayashi,2025-11-07T00:00:00Z,,,Event,Web Summit 2026 — Booth QR Code,0.9,False,False,He scanned our QR code at the Web Summit 2026 booth.
100236709,Emily,Christensen,Emily Christensen,first_last,,Rao Ventures Trading Co,rao,e.christensen@raoventures.net,+61499123915,Australia,Contacted,Marketing Qualified Lead,Social Media,Grace Osei,2025-10-23T00:00:00Z,2026-02-09T00:00:00Z,,LinkedIn,from Original Source: Social Media,0.55,True,False,Saw our post about replacing hubspot and commented.
100236710,Bashir,Schmidt,Bashir Schmidt,first_last,Finance Manager,Larsen AS Trading,larsen,bashir.schmidt@larsenas.io,+8801912860609,Bangladesh,Connected,,,Elena Popescu,2025-09-17T00:00:00Z,2026-02-19T00:00:00Z,,Website,Book a Demo page,0.9,False,False,Filled out the form on the book-a-demo page. Not interested for now.
100236711,Ismail,Rao,Ismail Rao,first_last,Founder,Reddy Holdings Consulting,reddy,ismail.r@reddyholdings.com.au,+46706096563,Sweden,Opportunity,Sales Qualified Lead,Organic Search,Grace Osei,2026-05-13T00:00:00Z,,,Organic Search,Google organic → Contact page,0.75,False,False,"Googled us and ended up on the contact page before booking a demo. Very interested, wants pricing call."
100236712,Elena,Rao,Elena Rao,first_last,Operations Lead,Reddy Holdings Consulting,reddy,e.rao@reddyholdings.com.au,+79434868873,Russia,Opportunity,Sales Qualified Lead,,Priya Nair,2026-06-07T00:00:00Z,2026-06-07T00:00:00Z,,Website,Contact page,0.9,False,False,Filled out the form on the contact page.
100236713,Wei Chen,Nguyen,Wei Chen Nguyen,first_last,Founder,Wang Manufacturing Co,wang,weichenn@wangmanufacturing.io,+923104094434,Pakistan,Closed Won,,,Fatima Rahman,2026-06-15T00:00:00Z,2026-06-15T00:00:00Z,,Referral,Referred by Divya Wu,0.9,False,False,"Referred by Divya Wu, warm intro."
100236714,Priscilla,Silva,Priscilla Silva,first_last,Finance Manager,Chen Digital Holdings,chen,priscillas@chendigital.co,+447979428359,United Kingdom,Contacted,Other,,Fatima Rahman,2026-02-17T00:00:00Z,2026-05-12T00:00:00Z,,Organic Search,Google organic → Book a Demo page,0.75,False,False,"Googled us and ended up on the book-a-demo page before booking a demo. Left voicemail, will retry."
100236715,Mei Ling,Zhang,Mei Ling Zhang,first_last,Head of Growth,Mekong Ltd,mekong,meilingz@mekong.sg,+212641182520,Morocco,Connected,Customer,,Noah Bennett,2026-01-01T00:00:00Z,2026-01-07T00:00:00Z,,Referral,Referred by Priscilla Sato,0.9,False,False,"Referred by Priscilla Sato, warm intro."
100236716,Thanh,Camara,Thanh Camara,first_last,,Yoon Retail Consulting,yoon,t.camara@yoonretail.net,+33696475586,France,Closed Lost,Sales Qualified Lead,Organic Search,Wei Chen,2025-10-16T00:00:00Z,2025-10-16T00:00:00Z,,Organic Search,Google organic → Pricing page,0.75,False,False,"Googled us and ended up on the pricing page before booking a demo. Great fit, prioritizing."
100236717,Amina,Kapoor,Amina Kapoor,first_last,,Sato Inc,sato,amina.kapoor@sato.com.au,+61468478954,Australia,Qualified,,Direct Traffic,Hana Kobayashi,2025-09-02T00:00:00Z,,,Website,Contact page,0.9,False,False,"Filled out the form on the contact page. Very interested, wants pricing call."
100236718,Olivia,Sy,Olivia Sy,first_last,Operations Lead,Toure Consulting Holdings,toure,olivias@toureconsulting.net,+351952638936,Portugal,Qualified,Other,Direct Traffic,Priya Nair,2026-03-29T00:00:00Z,2026-04-14T00:00:00Z,,Website,Contact page,0.9,False,False,Filled out the form on the contact page. No response yet.
100236719,Siti,Lim,Siti Lim,first_last,Head of Growth,Sharma Enterprises Consulting,sharma,siti.lim@sharmaenterprises.net,+821014445240,South Korea,Connected,Customer,,Noah Bennett,2025-10-27T00:00:00Z,2026-05-14T00:00:00Z,,Other,,0.3,True,False,Saw our post about replacing hubspot and commented. Qualifying now.
100236720,Daniel,Liu,Daniel Liu,first_last,,Singh Logistics Analytics,singh,daniel.l@singhlogistics.sg,+6586749451,Singapore,New,Other,Direct Traffic,Marcus Wong,2025-11-01T00:00:00Z,2025-12-30T00:00:00Z,,Website,Case study page,0.9,False,False,"Filled out the form on the case study page. Left voicemail, will retry."
100236721,Julien,Nielsen,Julien Nielsen,first_last,Head of Growth,Reddy Holdings Trading Co,reddy,j.nielsen@reddyholdings.io,+5511989511670,Brazil,Closed Won,Customer,Offline Sources,Marcus Wong,2025-12-08T00:00:00Z,2026-01-21T00:00:00Z,,Event,Singapore FinTech Festival 2026 — Booth,0.9,False,False,"Met at the booth during Singapore FinTech Festival 2026, said they'd follow up over email."
100236722,Ismail,Huang,Ismail Huang,first_last,,Jung Studio Solutions,jung,ismail.huang@jungstudio.com,+31633136582,Netherlands,Opportunity,Customer,Social Media,Priya Nair,2025-09-08T00:00:00Z,2025-12-12T00:00:00Z,,LinkedIn,LinkedIn post engagement,0.9,False,False,"Connected on LinkedIn after commenting on our post. Connected, sending proposal."
100236723,Antoine,Sharma,Antoine Sharma,first_last,VP Sales,Osei Pte. Ltd.,osei,antoine.sharma@osei.io,+393877838749,Italy,Opportunity,Marketing Qualified Lead,Organic Search,Grace Osei,2025-10-17T00:00:00Z,2025-12-13T00:00:00Z,,Organic Search,Google organic → Case study page,0.75,False,False,"Found us through organic google search then landed on the case study page. Very interested, wants pricing call."
100236724,Bashir,Verma,Bashir Verma,first_last,Operations Lead,Sayed Trading Ltd,sayed,bashir.v@sayedtrading.com,+971507491877,UAE,Qualified,Marketing Qualified Lead,Offline Sources,Priya Nair,2026-05-22T00:00:00Z,,,Event,Web Summit 2026 — Booth QR Code,0.9,False,False,Scanned the QR code at our Web Summit 2026 booth. Not interested for now.
100236725,Youssef,Danso,Youssef Danso,first_last,VP Sales,Nimbus Inc,nimbus,y.danso@nimbus.com,+491587324612,Germany,Opportunity,Other,,Elena Popescu,2026-02-15T00:00:00Z,2026-02-15T00:00:00Z,,Event,Mobile World Congress — Booth QR Code,0.9,False,False,"Met her at the Mobile World Congress booth, scanned our QR code. Connected, sending proposal."
100236726,Sigrid,Al-Sayed,Sigrid Al-Sayed,first_last,Finance Manager,Liu Trading Robotics,liu,sigrida@liutrading.com,+2348059056023,Nigeria,Contacted,Other,,Marcus Wong,2026-04-18T00:00:00Z,2026-05-14T00:00:00Z,,Organic Search,Google organic → Comparison vs HubSpot page,0.75,False,False,"Found us through organic google search then landed on the comparison-vs-hubspot page. Very interested, wants pricing call."
100236727,Marcus,Owusu,Marcus Owusu,first_last,,Reyes Ventures,reyes,marcus.o@reyes.net,+46704885012,Sweden,Opportunity,Customer,,Fatima Rahman,2025-09-13T00:00:00Z,2025-10-25T00:00:00Z,,Other,,0.3,True,False,Saw our post about replacing hubspot and commented.
100236728,Matteo,Nielsen,Matteo Nielsen,first_last,VP Sales,Goh Digital Inc.,goh,matteo.n@gohdigital.biz,+818151183483,Japan,Contacted,Sales Qualified Lead,Other Campaigns,Marcus Wong,2025-11-24T00:00:00Z,,,Manual/Sales,Walk-in,0.9,False,False,"Other - walked into our office without an appointment. Left voicemail, will retry."
100236729,Sarah,Zhang,Sarah Zhang,first_last,Finance Manager,BluePeak Ltd,bluepeak,sarah.z@bluepeak.com.au,+34637942588,Spain,New,Other,Referrals,Priya Nair,2026-04-08T00:00:00Z,2026-05-08T00:00:00Z,,Referral,Referred by Francesca Ricci,0.9,False,False,"Referred by Francesca Ricci, warm intro. Left voicemail, will retry."
100236730,Amir,Becker,Amir Becker,first_last,VP Sales,Hansen Digital Co,hansen,amirb@hansendigital.com,+351918441998,Portugal,Opportunity,Customer,,Grace Osei,2026-05-18T00:00:00Z,2026-05-23T00:00:00Z,,LinkedIn,LinkedIn post engagement,0.9,False,False,Connected on LinkedIn after commenting on our post.
100236731,Seo-yeon,Agyemang,Seo-yeon Agyemang,first_last,Head of Growth,Ivanova Group,ivanova,s.agyemang@ivanova.io,+31684342618,Netherlands,Closed Won,Customer,Offline Sources,Hana Kobayashi,2025-11-05T00:00:00Z,,,Event,Mobile World Congress — Booth QR Code,0.9,False,False,He scanned our QR code at the Mobile World Congress booth.
100236732,Seo-yeon,Agyemang,Seo-yeon Agyemang,first_last,Head of Growth,Ivanova Freight Solutions,ivanova,seo-yeonagyemang@ivanova.io,+31684342618,Netherlands,Closed Won,Customer,Offline Sources,Hana Kobayashi,2025-11-05T00:00:00Z,2026-01-13T00:00:00Z,,Event,Mobile World Congress — Booth QR Code,0.9,False,True,He scanned our QR code at the Mobile World Congress booth. possible duplicate — verify before contacting.
100236733,Hana,Andersen,Hana Andersen,first_last,,Sim Robotics Labs,sim,hana.andersen@simrobotics.biz,+2348022382369,Nigeria,Contacted,Sales Qualified Lead,Other Campaigns,Hana Kobayashi,2026-06-04T00:00:00Z,2026-06-17T00:00:00Z,,Manual/Sales,Walk-in,0.9,False,False,Other - walked into our office without an appointment.
100236734,Tariq,Ang,Tariq Ang,first_last,,Adeyemi Logistics Digital,adeyemi,tariq.ang@adeyemilogistics.sg,+34628935653,Spain,Contacted,Lead,,Marcus Wong,2026-06-17T00:00:00Z,,,Referral,Referred by Hassan Koch,0.9,False,False,"Referred by Hassan Koch, warm intro. No response yet."
100236735,Arjun,Papadopoulos,Arjun Papadopoulos,first_last,,Liu Trading Inc.,liu,arjun.papadopoulos@liutrading.io,+48535447963,Poland,Qualified,Sales Qualified Lead,,Marcus Wong,2025-09-13T00:00:00Z,2025-09-22T00:00:00Z,,Organic Search,Google organic → Contact page,0.75,False,False,"Googled us and ended up on the contact page before booking a demo. Connected, sending proposal."
100236736,Sara,Xu,Sara Xu,first_last,,Owusu Freight Consulting,owusu,sara.xu@owusufreight.com.au,+48558981148,Poland,Contacted,Lead,Social Media,Wei Chen,2025-10-10T00:00:00Z,2025-11-28T00:00:00Z,,LinkedIn,LinkedIn DM,0.9,False,False,Linkedin dm inbound asking about pricing. No response yet.
100236737,S.,Xu,S. Xu,full_name,,Owusu Freight & Co,owusu,saraxu@owusufreight.com.au,+48558981148,Poland,Contacted,Lead,Social Media,Wei Chen,2025-10-10T00:00:00Z,,,LinkedIn,LinkedIn DM,0.9,False,False,Linkedin dm inbound asking about pricing. No response yet.
100236738,Ha-eun,Singh,Ha-eun Singh,first_last,,Toure Consulting Trading,toure,ha-euns@toureconsulting.co,+2348073272259,Nigeria,Qualified,Customer,,Marcus Wong,2026-01-31T00:00:00Z,2026-02-13T00:00:00Z,,Organic Search,Google organic → Case study page,0.75,False,False,"Found us through organic google search then landed on the case study page. Connected, sending proposal."
100236739,Chiara,Kone,Chiara Kone,first_last,Head of Growth,Lumen Group,lumen,chiara.k@lumen.biz,+6599246827,Singapore,Closed Won,Sales Qualified Lead,,Wei Chen,2025-11-13T00:00:00Z,2026-05-25T00:00:00Z,,Event,Singapore FinTech Festival 2026 — Booth,0.9,False,False,"Spoke with them at our Singapore FinTech Festival 2026 booth, no QR scan logged. Very interested, wants pricing call."
100236740,Chidi,Cruz,Chidi Cruz,first_last,Finance Manager,Yang Freight Co.,yang,chidi.c@yangfreight.co,+12705550113,United States,Qualified,Lead,Organic Search,Marcus Wong,2026-02-26T00:00:00Z,2026-04-10T00:00:00Z,,Organic Search,Google organic → Case study page,0.75,False,False,Found us through organic google search then landed on the case study page.
100236741,Arjun,Carvalho,Arjun Carvalho,first_last,Marketing Director,Lotus Finance Partners,lotus,a.carvalho@lotusfinance.com,+393738357049,Italy,Connected,Customer,,Fatima Rahman,2026-04-07T00:00:00Z,,,Referral,Referred by Nils Ba,0.9,False,False,"Referred by Nils Ba, warm intro. Qualifying now."
100236742,Ravi,Kang,Ravi Kang,first_last,,Williams Co,williams,ravi.k@williams.net,+4526754284,Denmark,Qualified,Other,,Rohan Mehta,2026-02-15T00:00:00Z,2026-02-15T00:00:00Z,,Manual/Sales,Inbound phone call,0.9,False,False,Manual - added after inbound phone call. Not interested for now.
100236743,Kenji,Ba,Kenji Ba,first_last,Marketing Director,Nord Studio,nord,k.ba@nord.io,+31677628902,Netherlands,New,Other,Organic Search,Elena Popescu,2025-11-19T00:00:00Z,2026-01-01T00:00:00Z,,Organic Search,Google organic → Book a Demo page,0.75,False,False,Found us through organic google search then landed on the book-a-demo page.
100236744,Leila,Choi,Leila Choi,first_last,Head of Growth,Boateng Digital Pte. Ltd.,boateng,l.choi@boatengdigital.com.au,+48519326800,Poland,Closed Lost,Lead,Organic Search,Marcus Wong,2026-01-26T00:00:00Z,2026-05-10T00:00:00Z,27,Organic Search,Google organic → Book a Demo page,0.75,False,False,Googled us and ended up on the book-a-demo page before booking a demo. Qualifying now.
100236745,Tiago,Xu,Tiago Xu,first_last,,Nimbus Ltd,nimbus,tiago.xu@nimbus.sg,+85258685070,Hong Kong,Closed Lost,Opportunity,,Priya Nair,2026-04-24T00:00:00Z,,,Organic Search,Google organic → Product tour page,0.75,False,False,Found us through organic google search then landed on the product tour page. Not interested for now.
100236746,Sanjay,Wagner,Sanjay Wagner,first_last,,Ferrari Consulting Ltd,ferrari,sanjay.wagner@ferrariconsulting.com,+40797767934,Romania,Qualified,Opportunity,Other Campaigns,Diego Alvarez,2025-09-27T00:00:00Z,,,Manual/Sales,Cold outreach call,0.9,False,False,"Manually added by sales after a phone call from a cold outreach list. Great fit, prioritizing."
100236747,Sanjay,Wagner,Sanjay Wagner,full_name,,Ferrari Consulting Partners,ferrari,sanjayw@ferrariconsulting.com,+40797767934,Romania,Qualified,Opportunity,Other Campaigns,Diego Alvarez,2025-09-27T00:00:00Z,2025-09-27T00:00:00Z,,Manual/Sales,Cold outreach call,0.9,False,True,"Manually added by sales after a phone call from a cold outreach list. Great fit, prioritizing. possible duplicate — verify before contacting."
100236748,Sanjay,Wagner,Sanjay Wagner,first_last,,Ferrari Consulting Labs,ferrari,s.wagner@ferrariconsulting.com,+40797767934,Romania,Qualified,Opportunity,Other Campaigns,Diego Alvarez,2025-09-27T00:00:00Z,2025-09-27T00:00:00Z,,Manual/Sales,Cold outreach call,0.9,False,False,"Manually added by sales after a phone call from a cold outreach list. Great fit, prioritizing."
100236749,Michael,Fall,Michael Fall,first_last,Head of Growth,Park Biotech & Co,park,michael.fall@parkbiotech.biz,+6595748149,Singapore,Opportunity,Customer,Other Campaigns,Hana Kobayashi,2025-10-04T00:00:00Z,,74,Other,General info@ inbox,0.3,True,False,Other - reached out via our general info@ inbox. Qualifying now.
100236750,Joon,Petersen,Joon Petersen,first_last,,Han Imports Inc,han,joon.p@hanimports.sg,+917355618246,India,Closed Won,Opportunity,,Priya Nair,2025-11-19T00:00:00Z,2026-01-22T00:00:00Z,,Website,Contact page,0.9,False,False,Filled out the form on the contact page. No response yet.
100236751,Aiko,Carvalho,Aiko Carvalho,first_last,Head of Growth,Zhang Freight Solutions,zhang,aikoc@zhang.sg,+393402745823,Italy,Contacted,Sales Qualified Lead,,Wei Chen,2026-04-03T00:00:00Z,,,Event,Money20/20 Asia — Booth,0.9,False,False,"Spoke with them at our Money20/20 Asia booth, no QR scan logged. No response yet."
100236752,A.,Carvalho,A. Carvalho,full_name,Head of Growth,Zhang Freight Co.,zhang,a.carvalho@zhang.sg,+393402745823,Italy,Contacted,Sales Qualified Lead,,Wei Chen,2026-04-03T00:00:00Z,2026-05-20T00:00:00Z,,Event,Money20/20 Asia — Booth,0.9,False,False,"Spoke with them at our Money20/20 Asia booth, no QR scan logged. No response yet."
100236753,Siti,Sorensen,Siti Sorensen,first_last,Operations Lead,Rossi SRL Studio,rossi,siti.sorensen@rossisrl.com,+46707266539,Sweden,New,Other,Direct Traffic,Elena Popescu,2026-03-17T00:00:00Z,2026-05-13T00:00:00Z,40,Website,Contact page,0.9,False,False,Filled out the form on the contact page. Qualifying now.
100236754,Siti,Sorensen,Siti Sorensen,first_last,Operations Lead,Rossi SRL Pte. Ltd.,rossi,sitis@rossisrl.com,+46707266539,Sweden,New,Other,Direct Traffic,Elena Popescu,2026-03-17T00:00:00Z,2026-05-13T00:00:00Z,40,Website,Contact page,0.9,False,True,Filled out the form on the contact page. Qualifying now. possible duplicate — verify before contacting.
100236755,Aiko,Mehta,Aiko Mehta,first_last,,Rossi SRL Consulting,rossi,aiko.m@rossisrl.sg,+817783762822,Japan,Connected,Marketing Qualified Lead,,Diego Alvarez,2025-11-25T00:00:00Z,2026-06-04T00:00:00Z,,Referral,Referred by Zara Almeida,0.9,False,False,"Referred by Zara Almeida, warm intro. Left voicemail, will retry."
100236756,Camille,Joshi,Camille Joshi,first_last,,Reddy Holdings Robotics,reddy,camillej@reddyholdings.net,+79984125390,Russia,Connected,Other,Other Campaigns,Priya Nair,2025-12-06T00:00:00Z,2025-12-13T00:00:00Z,,Manual/Sales,Cold outreach call,0.9,False,False,"Manually added by sales after a phone call from a cold outreach list. Connected, sending proposal."
100236757,Lucas,Popescu,Lucas Popescu,first_last,Finance Manager,Lindqvist AB Group,lindqvist,lucasp@lindqvistab.net,+447811466067,United Kingdom,Qualified,Opportunity,,Rohan Mehta,2025-11-22T00:00:00Z,,,Website,Contact page,0.9,False,False,Filled out the form on the contact page. Not interested for now.
100236758,Yuki,Park,Yuki Park,first_last,VP Sales,Wong Legal Retail Group,wong,yuki.p@wonglegal.sg,+6288822776987,Indonesia,Closed Lost,Opportunity,Organic Search,Hana Kobayashi,2025-09-05T00:00:00Z,2025-09-05T00:00:00Z,,Organic Search,Google organic → Book a Demo page,0.75,False,False,Found us through organic google search then landed on the book-a-demo page. No response yet.
100236759,Yuki,Park,Yuki Park,first_last,VP Sales,Wong Legal Retail Robotics,wong,yukipark@wonglegal.sg,+6288822776987,Indonesia,Closed Lost,Opportunity,Organic Search,Hana Kobayashi,2025-09-05T00:00:00Z,2025-09-05T00:00:00Z,,Organic Search,Google organic → Book a Demo page,0.75,False,False,Found us through organic google search then landed on the book-a-demo page. No response yet.
100236760,Elena,Zahra,Elena Zahra,first_last,Finance Manager,Schmidt AG Consulting,schmidt ag,elena.zahra@schmidtag.com,+66614985338,Thailand,Connected,Marketing Qualified Lead,Social Media,Priya Nair,2025-09-19T00:00:00Z,,,LinkedIn,LinkedIn post engagement,0.9,False,False,"Connected on LinkedIn after commenting on our post. Very interested, wants pricing call."
100236761,Sophia,Teo,Sophia Teo,first_last,Head of Growth,Schmidt AG Digital,schmidt ag,s.teo@schmidtag.sg,+8613160695038,China,New,Other,,Priya Nair,2026-04-23T00:00:00Z,,,Referral,Referred by Giulia Foster,0.9,False,False,"Referred by Giulia Foster, warm intro."
100236762,Hana,Sy,Hana Sy,first_last,Head of Growth,Fischer Trading Group,fischer,h.sy@fischertrading.io,+5511920367767,Brazil,Qualified,Sales Qualified Lead,,Wei Chen,2026-06-04T00:00:00Z,2026-06-14T00:00:00Z,,Website,Pricing page,0.9,False,False,"Filled out the form on the pricing page. Great fit, prioritizing."
100236763,Wei Chen,Joshi,Wei Chen Joshi,first_last,Marketing Director,Bakker Studio,bakker,w.joshi@bakker.sg,+923406702020,Pakistan,Connected,Other,Offline Sources,Diego Alvarez,2025-09-14T00:00:00Z,2026-02-04T00:00:00Z,,Event,Singapore FinTech Festival 2026 — Booth,0.9,False,False,"Met at the booth during Singapore FinTech Festival 2026, said they'd follow up over email. Connected, sending proposal."
100236764,Grace,Nkrumah,Grace Nkrumah,first_last,,BluePeak Studio,bluepeak,grace.n@bluepeak.com.au,+48532861541,Poland,Opportunity,Marketing Qualified Lead,Other Campaigns,Fatima Rahman,2025-12-31T00:00:00Z,,,Manual/Sales,Walk-in,0.9,False,False,Other - walked into our office without an appointment.
100236765,Olivia,Ricci,Olivia Ricci,first_last,Finance Manager,Toure Consulting Solutions,toure,o.ricci@toureconsulting.biz,+8613268783590,China,Connected,Sales Qualified Lead,Organic Search,Rohan Mehta,2026-05-09T00:00:00Z,2026-05-16T00:00:00Z,,Organic Search,Google organic → Book a Demo page,0.75,False,False,Found us through organic google search then landed on the book-a-demo page. Not interested for now.
100236766,Rachel,Agyemang,Rachel Agyemang,first_last,Finance Manager,Kilat Retail Group,kilat,r.agyemang@kilatretail.co,+2348095872145,Nigeria,Qualified,Lead,Referrals,Fatima Rahman,2026-02-13T00:00:00Z,2026-06-06T00:00:00Z,,Referral,Referred by Jun Wei,0.9,False,False,"Referred by Jun Wei Costa, warm intro."
100236767,Rohan,Kim,Rohan Kim,first_last,Founder,Chen Digital Co.,chen,rohan.kim@chendigital.net,+79208852910,Russia,Closed Lost,Customer,,Elena Popescu,2025-11-12T00:00:00Z,,,Manual/Sales,Inbound phone call,0.9,False,False,Manual - added after inbound phone call.
100236768,Ahmed,Hossain,Ahmed Hossain,first_last,,Asante Retail Trading,asante,ahmed.hossain@asanteretail.com.au,+821099546140,South Korea,Closed Won,Other,Organic Search,Noah Bennett,2026-05-24T00:00:00Z,2026-06-01T00:00:00Z,,Organic Search,Google organic → Contact page,0.75,False,False,"Googled us and ended up on the contact page before booking a demo. Left voicemail, will retry."
100236769,Tom,Bennett,Tom Bennett,first_last,Operations Lead,Ang Analytics Trading,ang,tom.bennett@anganalytics.biz,+447909361958,United Kingdom,Contacted,Marketing Qualified Lead,Other Campaigns,Grace Osei,2025-11-02T00:00:00Z,2026-06-11T00:00:00Z,,Event,Mobile World Congress — Booth,0.9,False,False,"Met at the booth during Mobile World Congress, said they'd follow up over email. No response yet."
100236770,Ananya,Santos,Ananya Santos,first_last,Operations Lead,Tanaka Holdings,tanaka,ananyas@tanaka.co,+85251048605,Hong Kong,Closed Lost,Sales Qualified Lead,Other Campaigns,Grace Osei,2026-04-19T00:00:00Z,,,Manual/Sales,Walk-in,0.9,False,False,"Other - walked into our office without an appointment. Connected, sending proposal."
100236771,Leila,Lim,Leila Lim,first_last,Finance Manager,Muller GmbH & Co,muller,leila.l@mullergmbh.biz,+85254408483,Hong Kong,Closed Lost,Sales Qualified Lead,Direct Traffic,Hana Kobayashi,2026-05-17T00:00:00Z,2026-06-11T00:00:00Z,68,Website,Product tour page,0.9,False,False,Filled out the form on the product tour page.
100236772,Natasha,Dubois,Natasha Dubois,first_last,,Lotus Finance Studio,lotus,natashad@lotusfinance.sg,+34636239494,Spain,Closed Won,Sales Qualified Lead,,Hana Kobayashi,2026-01-17T00:00:00Z,2026-03-24T00:00:00Z,,Event,TechCrunch Disrupt — Booth QR Code,0.9,False,False,"Met her at the TechCrunch Disrupt booth, scanned our QR code. Connected, sending proposal."
100236773,Natasha,Dubois,Natasha Dubois,full_name,,Lotus Finance Freight Solutions,lotus,n.dubois@lotusfinance.sg,+34636239494,Spain,Closed Won,Sales Qualified Lead,,Hana Kobayashi,2026-01-17T00:00:00Z,2026-03-24T00:00:00Z,,Event,TechCrunch Disrupt — Booth QR Code,0.9,False,True,"Met her at the TechCrunch Disrupt booth, scanned our QR code. Connected, sending proposal. possible duplicate — verify before contacting."
100236774,Natasha,Dubois,Natasha Dubois,first_last,,Lotus Finance Labs,lotus,natasha.dubois@lotusfinance.sg,+34636239494,Spain,Closed Won,Sales Qualified Lead,,Hana Kobayashi,2026-01-17T00:00:00Z,2026-03-24T00:00:00Z,,Event,TechCrunch Disrupt — Booth QR Code,0.9,False,False,"Met her at the TechCrunch Disrupt booth, scanned our QR code. Connected, sending proposal."
100236775,Priscilla,Carvalho,Priscilla Carvalho,first_last,Head of Growth,Santos Ltda Digital,santos ltda,priscillac@santosltda.biz,+212663112375,Morocco,New,Customer,,Noah Bennett,2026-04-14T00:00:00Z,2026-05-24T00:00:00Z,,Website,Homepage,0.9,False,False,Filled out the form on the homepage.
100236776,Freya,Agyemang,Freya Agyemang,first_last,Finance Manager,Owusu Freight Ltd,owusu,freya.a@owusufreight.sg,+85253112367,Hong Kong,Closed Won,Customer,,Hana Kobayashi,2026-01-27T00:00:00Z,2026-02-25T00:00:00Z,,Organic Search,Google organic → Homepage,0.75,False,False,Googled us and ended up on the homepage before booking a demo.
100236777,Zainab,Agyemang,Zainab Agyemang,first_last,,Sato Co.,sato,zainab.agyemang@sato.com.au,+212631702252,Morocco,Connected,Customer,,Fatima Rahman,2026-03-31T00:00:00Z,2026-04-11T00:00:00Z,,Website,Blog — lead scoring,0.9,False,False,Filled out the form on the blog post on lead scoring.
100236778,Lars,Asante,Lars Asante,first_last,VP Sales,BluePeak Retail Group,bluepeak,larsa@bluepeak.biz,+79994224842,Russia,Opportunity,Marketing Qualified Lead,Other Campaigns,Marcus Wong,2026-05-22T00:00:00Z,2026-06-18T00:00:00Z,,Manual/Sales,Walk-in,0.9,False,False,Other - walked into our office without an appointment. Qualifying now.
100236779,Jun Wei,Patel,Jun Wei Patel,first_last,Founder,Osei Ltd,osei,junwei.patel@osei.co,+61449882781,Australia,Qualified,Sales Qualified Lead,Organic Search,Priya Nair,2026-06-07T00:00:00Z,,,Organic Search,Google organic → Contact page,0.75,False,False,"Googled us and ended up on the contact page before booking a demo. Great fit, prioritizing."
100236780,Rui,Chen,Rui Chen,first_last,Operations Lead,Bennett Ltd,bennett,rui.c@bennett.com,+351949463217,Portugal,Opportunity,Other,Paid Search,Elena Popescu,2026-04-17T00:00:00Z,2026-06-04T00:00:00Z,,Website,Book a Demo page — Google Ads,0.85,False,False,Booked a demo via the book-a-demo page after clicking a google ad.
100236781,Sanjay,Al-Farsi,Sanjay Al-Farsi,first_last,,GreenLeaf Analytics,greenleaf,sanjaya@greenleaf.biz,+85295802998,Hong Kong,Closed Lost,,,Marcus Wong,2026-05-25T00:00:00Z,2026-06-16T00:00:00Z,,Event,Singapore FinTech Festival 2026 — Booth QR Code,0.9,False,False,"Met her at the Singapore FinTech Festival 2026 booth, scanned our QR code. Connected, sending proposal."
100236782,Carlos,Sato,Carlos Sato,first_last,Founder,Osei Freight,osei,carlos.s@osei.com,+40770388546,Romania,Closed Lost,Sales Qualified Lead,,Marcus Wong,2026-05-15T00:00:00Z,2026-06-14T00:00:00Z,,Other,,0.3,True,False,Saw our post about replacing hubspot and commented. Qualifying now.
100236783,Luca,Osei,Luca Osei,first_last,VP Sales,Nord Studio,nord,luca.o@nord.com,+31678272098,Netherlands,Closed Lost,,Direct Traffic,Elena Popescu,2025-09-28T00:00:00Z,,,Website,Case study page,0.9,False,False,Filled out the form on the case study page.
100236784,Chidi,Muller,Chidi Muller,first_last,,Ang Analytics Trading Co,ang,chidim@anganalytics.com.au,+917058112736,India,Contacted,Marketing Qualified Lead,Organic Search,Noah Bennett,2026-02-17T00:00:00Z,2026-02-17T00:00:00Z,,Organic Search,Google organic → Pricing page,0.75,False,False,"Googled us and ended up on the pricing page before booking a demo. Connected, sending proposal."
100236785,Divya,Ba,Divya Ba,first_last,VP Sales,Goh Digital Pte. Ltd.,goh,divya.b@gohdigital.io,+6281398465431,Indonesia,Closed Won,Other,,Elena Popescu,2025-11-24T00:00:00Z,2026-04-24T00:00:00Z,,LinkedIn,LinkedIn DM,0.9,False,False,"Linkedin dm inbound asking about pricing. Left voicemail, will retry."
100236786,Sophia,Danso,Sophia Danso,first_last,,Martinez Holdings,martinez,sophia.danso@martinez.sg,+491734803055,Germany,Closed Won,Lead,Referrals,Grace Osei,2025-12-11T00:00:00Z,,,Referral,Referred by Ravi Camara,0.9,False,False,"Referred by Ravi Camara, warm intro."
100236787,Sophia,Danso,Sophia Danso,first_last,,Martinez Co,martinez,sophiad@martinez.sg,+491734803055,Germany,Closed Won,Lead,Referrals,Grace Osei,2025-12-11T00:00:00Z,2026-04-21T00:00:00Z,,Referral,Referred by Ravi Camara,0.9,False,False,"Referred by Ravi Camara, warm intro."
100236788,Ibrahim,Kapoor,Ibrahim Kapoor,first_last,,Mekong Retail Group,mekong,ibrahim.kapoor@mekong.sg,+5511989027447,Brazil,Contacted,,Referrals,Marcus Wong,2026-05-04T00:00:00Z,,,Referral,Referred by Suresh Johnson,0.9,False,False,"Referred by Suresh Johnson, warm intro."
100236789,Luca,Agyemang,Luca Agyemang,first_last,Operations Lead,Lindqvist AB Analytics,lindqvist,luca.a@lindqvistab.sg,+447741335837,United Kingdom,Contacted,Sales Qualified Lead,Referrals,Priya Nair,2026-01-19T00:00:00Z,2026-02-08T00:00:00Z,,Referral,Referred by Farah Owusu,0.9,False,False,"Referred by Farah Owusu, warm intro. Qualifying now."
100236790,Manon,Ferrari,Manon Ferrari,first_last,Founder,Saigon Robotics,saigon,m.ferrari@saigon.net,+971584808349,UAE,Qualified,Lead,,Hana Kobayashi,2025-11-02T00:00:00Z,2026-03-29T00:00:00Z,82,Referral,Referred by Mateo Lau,0.9,False,False,"Referred by Mateo Lau, warm intro. Very interested, wants pricing call."
100236791,Layla,Bianchi,Layla Bianchi,first_last,,Sim Robotics Group,sim,layla.bianchi@simrobotics.io,+6587209930,Singapore,Qualified,Customer,,Priya Nair,2026-04-04T00:00:00Z,2026-05-10T00:00:00Z,,LinkedIn,LinkedIn DM,0.9,False,False,Linkedin dm inbound asking about pricing. Qualifying now.
100236792,Mateo,Ang,Mateo Ang,first_last,Founder,Acme Analytics,acme,m.ang@acme.com.au,+8801687679766,Bangladesh,Closed Won,Opportunity,,Rohan Mehta,2026-04-30T00:00:00Z,2026-04-30T00:00:00Z,,Manual/Sales,Inbound phone call,0.9,False,False,Manual - added after inbound phone call. No response yet.
100236793,M.,Ang,M. Ang,full_name,Founder,Acme Robotics,acme,mateoang@acme.com.au,+8801687679766,Bangladesh,Closed Won,Opportunity,,Rohan Mehta,2026-04-30T00:00:00Z,,,Manual/Sales,Inbound phone call,0.9,False,False,Manual - added after inbound phone call. No response yet.
100236794,Mateo,Ang,Mateo Ang,full_name,Founder,Acme Trading,acme,mateoa@acme.com.au,+8801687679766,Bangladesh,Closed Won,Opportunity,,Rohan Mehta,2026-04-30T00:00:00Z,2026-04-30T00:00:00Z,,Manual/Sales,Inbound phone call,0.9,False,True,Manual - added after inbound phone call. No response yet. possible duplicate — verify before contacting.
100236795,Ibrahim,Schulz,Ibrahim Schulz,first_last,,Lotus Finance Inc.,lotus,ibrahims@lotusfinance.net,+2348085381039,Nigeria,Contacted,Customer,Other Campaigns,Wei Chen,2026-05-16T00:00:00Z,2026-05-16T00:00:00Z,,Manual/Sales,Walk-in,0.9,False,False,Other - walked into our office without an appointment.
100236796,Ama,Andersen,Ama Andersen,first_last,VP Sales,Kang Holdings Freight,kang,a.andersen@kangholdings.net,+85266174206,Hong Kong,Closed Lost,Marketing Qualified Lead,Referrals,Rohan Mehta,2026-04-17T00:00:00Z,,,Referral,Referred by Femi Almeida,0.9,False,False,"Referred by Femi Almeida, warm intro. No response yet."
100236797,Noah,Chen,Noah Chen,first_last,Operations Lead,Bakker Solutions,bakker,n.chen@bakker.net,+233286024814,Ghana,Closed Lost,Other,,Grace Osei,2025-11-08T00:00:00Z,2025-11-08T00:00:00Z,45,Referral,Referred by Nur Fall,0.9,False,False,"Referred by Nur Fall, warm intro. Qualifying now."
100236798,Noah,Chen,Noah Chen,full_name,Operations Lead,Bakker Inc.,bakker,n.chen@bakker.net,+233286024814,Ghana,Closed Lost,Other,,Grace Osei,2025-11-08T00:00:00Z,2025-11-08T00:00:00Z,45,Referral,Referred by Nur Fall,0.9,False,True,"Referred by Nur Fall, warm intro. Qualifying now. possible duplicate — verify before contacting."
100236799,Astrid,Oh,Astrid Oh,first_last,,Huang Analytics Solutions,huang,astrid.oh@huanganalytics.com,+639557678173,Philippines,Connected,Opportunity,,Rohan Mehta,2026-06-19T00:00:00Z,,,Website,Book a Demo page — Google Ads,0.85,False,False,"Booked a demo via the book-a-demo page after clicking a google ad. Connected, sending proposal."
100236800,Marco,Sorensen,Marco Sorensen,first_last,,Ivanova Consulting,ivanova,marcos@ivanova.com,+818997907698,Japan,Closed Won,Opportunity,,Marcus Wong,2025-12-18T00:00:00Z,,,Organic Search,Google organic → Contact page,0.75,False,False,Found us through organic google search then landed on the contact page. Not interested for now.
100236801,Min-jun,Lim,Min-jun Lim,first_last,Operations Lead,Acme Inc.,acme,min-junl@acme.com.au,+17205550182,United States,Closed Lost,Other,,Grace Osei,2026-05-27T00:00:00Z,2026-05-27T00:00:00Z,,Event,Mobile World Congress — Booth QR Code,0.9,False,False,"He scanned our QR code at the Mobile World Congress booth. Very interested, wants pricing call."
100236802,Ha-eun,Ho,Ha-eun Ho,first_last,Head of Growth,Schmidt AG Studio,schmidt ag,ha-eunh@schmidtag.com,+5511986544661,Brazil,Connected,Other,Direct Traffic,Elena Popescu,2026-05-08T00:00:00Z,2026-05-22T00:00:00Z,,Website,Case study page,0.9,False,False,"Filled out the form on the case study page. Very interested, wants pricing call."
100236803,Noah,Koch,Noah Koch,first_last,Founder,Athens Retail Trading,athens,noah.koch@athensretail.biz,+4523401411,Denmark,Contacted,Opportunity,,Priya Nair,2025-11-09T00:00:00Z,,,Website,Product tour page,0.9,False,False,Filled out the form on the product tour page. Qualifying now.
100236804,Rania,Fall,Rania Fall,first_last,Finance Manager,Li Consulting Freight,li,rania.fall@liconsulting.com,+79769931929,Russia,Closed Won,Lead,,Hana Kobayashi,2026-02-23T00:00:00Z,2026-03-01T00:00:00Z,,Event,Mobile World Congress — Booth QR Code,0.9,False,False,He scanned our QR code at the Mobile World Congress booth.
100236805,Seo-yeon,Toure,Seo-yeon Toure,first_last,Founder,Hansen Digital Holdings,hansen,s.toure@hansendigital.io,+923202609212,Pakistan,Connected,Other,,Rohan Mehta,2026-02-06T00:00:00Z,2026-02-27T00:00:00Z,,Event,Mobile World Congress — Booth,0.9,False,False,"Spoke with them at our Mobile World Congress booth, no QR scan logged."
100236806,David,Adjei,David Adjei,first_last,VP Sales,Singh Logistics Freight,singh,david.a@singhlogistics.net,+351961661213,Portugal,Closed Won,Opportunity,,Fatima Rahman,2026-03-30T00:00:00Z,2026-04-07T00:00:00Z,,Website,Product tour page,0.9,False,False,Filled out the form on the product tour page.
100236807,Anjali,Mensah,Anjali Mensah,first_last,Operations Lead,Patel Fintech Digital,patel,anjali.m@patelfintech.net,+821092794843,South Korea,New,,Offline Sources,Wei Chen,2026-06-10T00:00:00Z,2026-06-15T00:00:00Z,,Event,London Tech Week — Booth,0.9,False,False,"Spoke with them at our London Tech Week booth, no QR scan logged. No response yet."
100236808,Catarina,Hoffmann,Catarina Hoffmann,first_last,Marketing Director,Zahra Studio,zahra,catarina.hoffmann@zahra.com.au,+491581259232,Germany,Opportunity,,,Fatima Rahman,2026-06-06T00:00:00Z,2026-06-19T00:00:00Z,,LinkedIn,LinkedIn DM,0.9,False,False,Linkedin dm inbound asking about pricing.
100236809,Wei Ming,Fischer,Wei Ming Fischer,first_last,Operations Lead,Williams & Co,williams,weiming.fischer@williams.com,+351941066058,Portugal,Connected,Other,Offline Sources,Noah Bennett,2025-10-26T00:00:00Z,2026-06-02T00:00:00Z,,Event,SaaStr Annual — Booth QR Code,0.9,False,False,"Scanned the QR code at our SaaStr Annual booth. Very interested, wants pricing call."
100236810,Tariq,Ba,Tariq Ba,first_last,Marketing Director,Huang Analytics Trading Co,huang,tariq.b@huanganalytics.co,+5491144858803,Argentina,Opportunity,Other,,Fatima Rahman,2025-10-20T00:00:00Z,2026-01-06T00:00:00Z,,LinkedIn,LinkedIn post engagement,0.9,False,False,Connected on LinkedIn after commenting on our post.
100236811,Aisha,Bakker,Aisha Bakker,first_last,Operations Lead,GreenLeaf Digital,greenleaf,aishab@greenleaf.sg,+2348028826054,Nigeria,Contacted,Sales Qualified Lead,Offline Sources,Fatima Rahman,2025-11-26T00:00:00Z,2025-11-26T00:00:00Z,,Event,Mobile World Congress — Booth QR Code,0.9,False,False,"Met her at the Mobile World Congress booth, scanned our QR code. Very interested, wants pricing call."
100236812,Mei Ling,Martins,Mei Ling Martins,first_last,,Wong Legal & Co,wong,m.martins@wonglegal.co,+447951659951,United Kingdom,Closed Won,,,Priya Nair,2025-12-16T00:00:00Z,2026-02-09T00:00:00Z,,Website,Homepage,0.9,False,False,"Filled out the form on the homepage. Connected, sending proposal."
100236813,Isabelle,Lim,Isabelle Lim,first_last,,Zhang Consulting,zhang,isabellel@zhang.com.au,+61479218435,Australia,Qualified,,Organic Search,Grace Osei,2025-09-28T00:00:00Z,2026-03-07T00:00:00Z,,Organic Search,Google organic → Case study page,0.75,False,False,"Googled us and ended up on the case study page before booking a demo. Great fit, prioritizing."
100236814,Beatriz,Papadopoulos,Beatriz Papadopoulos,first_last,,Kowalski Robotics,kowalski,beatriz.papadopoulos@kowalski.net,+31654418007,Netherlands,Qualified,Lead,,Elena Popescu,2026-02-22T00:00:00Z,2026-04-21T00:00:00Z,,Event,Singapore FinTech Festival 2026 — Booth QR Code,0.9,False,False,"Scanned the QR code at our Singapore FinTech Festival 2026 booth. Very interested, wants pricing call."
100236815,Femi,Lim,Femi Lim,first_last,,Teo Consulting Solutions,teo,femi.l@teoconsulting.sg,+351957356770,Portugal,Opportunity,Customer,Organic Search,Priya Nair,2025-11-26T00:00:00Z,,,Organic Search,Google organic → Homepage,0.75,False,False,"Found us through organic google search then landed on the homepage. Very interested, wants pricing call."
100236816,Kwame,Goh,Kwame Goh,first_last,,Yap Ventures & Co,yap,k.goh@yapventures.sg,+393741617128,Italy,Closed Won,Marketing Qualified Lead,,Fatima Rahman,2025-10-15T00:00:00Z,2025-11-05T00:00:00Z,,Referral,Referred by Benjamin Kim,0.9,False,False,"Referred by Benjamin Kim, warm intro. Very interested, wants pricing call."
100236817,Mateo,Romano,Mateo Romano,first_last,,Koh & Sons Co,koh,mateo.romano@kohsons.io,+233261777673,Ghana,Opportunity,Marketing Qualified Lead,Other Campaigns,Wei Chen,2026-02-25T00:00:00Z,2026-04-09T00:00:00Z,,Manual/Sales,Inbound phone call,0.9,False,False,Manual - added after inbound phone call.
100236818,Mateo,Andersen,Mateo Andersen,first_last,Finance Manager,Ho Bros Retail Group,ho,mateo.andersen@hobros.sg,+2348065176595,Nigeria,Qualified,Opportunity,,Elena Popescu,2025-09-29T00:00:00Z,2026-06-15T00:00:00Z,,Website,Comparison vs HubSpot page,0.9,False,False,Filled out the form on the comparison-vs-hubspot page.
100236819,Mateo,Andersen,Mateo Andersen,full_name,Finance Manager,Ho Bros Retail Inc.,ho,mateoandersen@hobros.sg,+2348065176595,Nigeria,Qualified,Opportunity,,Elena Popescu,2025-09-29T00:00:00Z,2026-06-15T00:00:00Z,,Website,Comparison vs HubSpot page,0.9,False,True,Filled out the form on the comparison-vs-hubspot page. possible duplicate — verify before contacting.
100236820,George,Mehta,George Mehta,first_last,Finance Manager,Athens Retail Co.,athens,george.m@athensretail.io,+34632120198,Spain,Closed Won,Sales Qualified Lead,,Noah Bennett,2025-10-19T00:00:00Z,,,Manual/Sales,Inbound phone call,0.9,False,False,Manual - added after inbound phone call.
100236821,Linh,Jensen,Linh Jensen,first_last,Finance Manager,Sim Robotics Pte Ltd,sim,linh.jensen@simrobotics.com.au,+2348026877133,Nigeria,Qualified,Other,,Marcus Wong,2026-02-01T00:00:00Z,,,Organic Search,Google organic → Case study page,0.75,False,False,Found us through organic google search then landed on the case study page. Qualifying now.
100236822,Ngozi,Koch,Ngozi Koch,first_last,Marketing Director,Gupta Textiles Ventures,gupta,ngozik@guptatextiles.com,+447966643770,United Kingdom,New,Opportunity,Other Campaigns,Rohan Mehta,2026-02-07T00:00:00Z,,22,Manual/Sales,Cold outreach call,0.9,False,False,Manually added by sales after a phone call from a cold outreach list. Qualifying now.
100236823,Ngozi,Koch,Ngozi Koch,full_name,Marketing Director,Gupta Textiles Freight Solutions,gupta,ngozi.koch@guptatextiles.com,+447966643770,United Kingdom,New,Opportunity,Other Campaigns,Rohan Mehta,2026-02-07T00:00:00Z,,22,Manual/Sales,Cold outreach call,0.9,False,True,Manually added by sales after a phone call from a cold outreach list. Qualifying now. possible duplicate — verify before contacting.
100236824,Kofi,Li,Kofi Li,first_last,,Sharma Enterprises Inc.,sharma,kofi.l@sharmaenterprises.net,+923204468332,Pakistan,Closed Won,Opportunity,,Fatima Rahman,2026-04-07T00:00:00Z,,,Event,SaaStr Annual — Booth QR Code,0.9,False,False,"Met her at the SaaStr Annual booth, scanned our QR code. Very interested, wants pricing call."
100236825,Leila,Zhao,Leila Zhao,first_last,,Jung Studio Pte. Ltd.,jung,leilaz@jungstudio.net,+61482579294,Australia,Closed Won,Sales Qualified Lead,,Grace Osei,2025-10-20T00:00:00Z,2026-04-06T00:00:00Z,,Website,Book a Demo page — Google Ads,0.85,False,False,"Booked a demo via the book-a-demo page after clicking a google ad. Connected, sending proposal."
100236826,Ji-woo,Lau,Ji-woo Lau,first_last,,Bennett Freight Solutions,bennett,ji-woo.lau@bennett.io,+48574193910,Poland,New,Customer,,Elena Popescu,2025-10-16T00:00:00Z,2026-02-04T00:00:00Z,,Website,Book a Demo page — Google Ads,0.85,False,False,Booked a demo via the book-a-demo page after clicking a google ad.
100236827,Jia Hui,Chua,Jia Hui Chua,first_last,,Ang Analytics Co.,ang,jiahui.c@anganalytics.co,+85297616229,Hong Kong,Opportunity,Sales Qualified Lead,,Grace Osei,2026-06-15T00:00:00Z,,,Organic Search,Google organic → Product tour page,0.75,False,False,Googled us and ended up on the product tour page before booking a demo. No response yet.
100236828,So-young,Ferrari,So-young Ferrari,first_last,Founder,Foster Co.,foster,so-young.f@foster.sg,+306974558439,Greece,New,Marketing Qualified Lead,Offline Sources,Marcus Wong,2025-09-02T00:00:00Z,2025-09-02T00:00:00Z,,Event,Money20/20 Asia — Booth QR Code,0.9,False,False,"Met her at the Money20/20 Asia booth, scanned our QR code. Great fit, prioritizing."
100236829,Vikram,Appiah,Vikram Appiah,first_last,Finance Manager,Verma Consulting Digital,verma,v.appiah@vermaconsulting.co,+79763058198,Russia,Contacted,Sales Qualified Lead,,Wei Chen,2026-03-10T00:00:00Z,2026-04-06T00:00:00Z,,Event,SaaStr Annual — Booth QR Code,0.9,False,False,"Scanned the QR code at our SaaStr Annual booth. Left voicemail, will retry."
100236830,Erik,Rodrigues,Erik Rodrigues,first_last,,Gupta Textiles Retail Group,gupta,e.rodrigues@guptatextiles.com.au,+33670235570,France,Closed Won,Sales Qualified Lead,Offline Sources,Noah Bennett,2025-10-24T00:00:00Z,,,Event,Money20/20 Asia — Booth QR Code,0.9,False,False,"Met her at the Money20/20 Asia booth, scanned our QR code."
100236831,Erik,Rodrigues,Erik Rodrigues,first_last,,Gupta Textiles Retail Group,gupta,e.rodrigues@guptatextiles.com.au,+33670235570,France,Closed Won,Sales Qualified Lead,Offline Sources,Noah Bennett,2025-10-24T00:00:00Z,,,Event,Money20/20 Asia — Booth QR Code,0.9,False,True,"Met her at the Money20/20 Asia booth, scanned our QR code. possible duplicate — verify before contacting."
100236832,Oluwaseun,Kowalski,Oluwaseun Kowalski,first_last,,Sato & Co,sato,o.kowalski@sato.co,+233214441595,Ghana,Connected,Sales Qualified Lead,Social Media,Marcus Wong,2026-03-21T00:00:00Z,,,LinkedIn,from Original Source: Social Media,0.55,True,False,Saw our post about replacing hubspot and commented.
100236833,Ngozi,Chua,Ngozi Chua,first_last,Marketing Director,Bakker & Co,bakker,ngozi.chua@bakker.sg,+61434834496,Australia,Closed Won,Other,,Elena Popescu,2025-12-06T00:00:00Z,2025-12-06T00:00:00Z,,Website,Case study page,0.9,False,False,Filled out the form on the case study page.
100236834,Marco,Ferrari,Marco Ferrari,first_last,VP Sales,Wang Manufacturing Co,wang,marco.f@wangmanufacturing.biz,+6589994526,Singapore,Connected,Opportunity,,Diego Alvarez,2025-09-12T00:00:00Z,2026-01-09T00:00:00Z,,Event,Mobile World Congress — Booth QR Code,0.9,False,False,"He scanned our QR code at the Mobile World Congress booth. Very interested, wants pricing call."
100236835,Lucas,Carvalho,Lucas Carvalho,first_last,,Hansen Digital Labs,hansen,lucas.carvalho@hansendigital.biz,+31685385470,Netherlands,Qualified,Lead,Referrals,Wei Chen,2025-12-30T00:00:00Z,2026-01-20T00:00:00Z,,Referral,Referred by Siti Hossain,0.9,False,False,"Referred by Siti Hossain, warm intro. Connected, sending proposal."
100236836,Olivia,Park,Olivia Park,first_last,,Saigon Solutions,saigon,o.park@saigon.com,+5511975837691,Brazil,Qualified,Customer,Direct Traffic,Noah Bennett,2026-05-31T00:00:00Z,2026-06-17T00:00:00Z,,Website,Comparison vs HubSpot page,0.9,False,False,Filled out the form on the comparison-vs-hubspot page.
100236837,Bjorn,Choi,Bjorn Choi,first_last,Founder,Mensah Trading,mensah,bjornc@mensahtrading.biz,+31642922280,Netherlands,New,Sales Qualified Lead,Other Campaigns,Grace Osei,2026-04-13T00:00:00Z,2026-04-18T00:00:00Z,,Manual/Sales,Walk-in,0.9,False,False,Other - walked into our office without an appointment.
100236838,Joon,Almeida,Joon Almeida,first_last,Marketing Director,Martinez & Co,martinez,j.almeida@martinez.io,+8613455306462,China,Contacted,Other,Social Media,Marcus Wong,2025-11-26T00:00:00Z,2026-04-15T00:00:00Z,,LinkedIn,LinkedIn DM,0.9,False,False,Linkedin dm inbound asking about pricing.
100236839,Laura,Owusu,Laura Owusu,first_last,Head of Growth,Patel Fintech Group,patel,laura.owusu@patelfintech.biz,+31610346869,Netherlands,Closed Won,Lead,,Rohan Mehta,2026-02-26T00:00:00Z,2026-02-26T00:00:00Z,,Event,SaaStr Annual — Booth QR Code,0.9,False,False,He scanned our QR code at the SaaStr Annual booth. Not interested for now.
100236840,Ingrid,Popescu,Ingrid Popescu,first_last,,Zahra & Co,zahra,i.popescu@zahra.biz,+923406713849,Pakistan,Contacted,Customer,,Noah Bennett,2025-09-07T00:00:00Z,2025-11-10T00:00:00Z,,Organic Search,Google organic → Book a Demo page,0.75,False,False,"Googled us and ended up on the book-a-demo page before booking a demo. Connected, sending proposal."
100236841,Ingrid,Rossi,Ingrid Rossi,first_last,,Sim Robotics Co,sim,ingrid.rossi@simrobotics.com,+8613234976024,China,Closed Won,,,Noah Bennett,2026-03-19T00:00:00Z,2026-03-19T00:00:00Z,79,Organic Search,Google organic → Homepage,0.75,False,False,Found us through organic google search then landed on the homepage.
100236842,Benjamin,Ivanova,Benjamin Ivanova,first_last,Head of Growth,Ng Freight Retail Group,ng,b.ivanova@ngfreight.io,+818418993216,Japan,Closed Lost,,,Grace Osei,2025-12-14T00:00:00Z,,,Other,,0.3,True,False,Saw our post about replacing hubspot and commented.
100236843,Antoine,Williams,Antoine Williams,first_last,Head of Growth,GreenLeaf Inc,greenleaf,a.williams@greenleaf.co,+447816126017,United Kingdom,New,Marketing Qualified Lead,,Wei Chen,2026-02-20T00:00:00Z,2026-05-04T00:00:00Z,,Website,Contact page,0.9,False,False,Filled out the form on the contact page. Not interested for now.
100236844,Bruno,Mehta,Bruno Mehta,first_last,Finance Manager,Ho Bros Trading Co,ho,bruno.m@hobros.biz,+85254765958,Hong Kong,Contacted,Lead,Other Campaigns,Elena Popescu,2025-09-16T00:00:00Z,2026-02-22T00:00:00Z,,Manual/Sales,Cold outreach call,0.9,False,False,Manually added by sales after a phone call from a cold outreach list.
100236845,Sophia,Appiah,Sophia Appiah,first_last,Marketing Director,Lumen Group,lumen,s.appiah@lumen.co,+923803276207,Pakistan,Contacted,Marketing Qualified Lead,Referrals,Grace Osei,2025-12-20T00:00:00Z,2026-04-29T00:00:00Z,,Referral,Referred by Diego Romano,0.9,False,False,"Referred by Diego Romano, warm intro. Connected, sending proposal."
100236846,Sophia,Appiah,Sophia Appiah,first_last,Marketing Director,Lumen Pte Ltd,lumen,sophiaappiah@lumen.co,+923803276207,Pakistan,Contacted,Marketing Qualified Lead,Referrals,Grace Osei,2025-12-20T00:00:00Z,2026-04-29T00:00:00Z,,Referral,Referred by Diego Romano,0.9,False,False,"Referred by Diego Romano, warm intro. Connected, sending proposal."
100236847,Kenji,Marino,Kenji Marino,first_last,,Sim Robotics Pte Ltd,sim,kenjim@simrobotics.sg,+6585094224,Singapore,Contacted,Opportunity,,Priya Nair,2025-12-07T00:00:00Z,2026-05-02T00:00:00Z,,Event,Money20/20 Asia — Booth QR Code,0.9,False,False,"Met her at the Money20/20 Asia booth, scanned our QR code. No response yet."
100236848,Adaeze,Zhao,Adaeze Zhao,first_last,,Yang Freight Group,yang,adaeze.z@yangfreight.io,+2348076218881,Nigeria,Opportunity,Opportunity,,Hana Kobayashi,2026-02-04T00:00:00Z,2026-03-23T00:00:00Z,,Website,Book a Demo page — Google Ads,0.85,False,False,"Booked a demo via the book-a-demo page after clicking a google ad. Left voicemail, will retry."
100236849,Carlos,Al-Farsi,Carlos Al-Farsi,first_last,Finance Manager,Diallo Imports Pte Ltd,diallo,carlos.a@dialloimports.io,+233217177304,Ghana,New,Sales Qualified Lead,,Elena Popescu,2026-01-23T00:00:00Z,2026-06-10T00:00:00Z,,Website,Book a Demo page — Google Ads,0.85,False,False,Booked a demo via the book-a-demo page after clicking a google ad. Not interested for now.
100236850,Thanh,Hoffmann,Thanh Hoffmann,first_last,Marketing Director,Ang Analytics Co,ang,t.hoffmann@anganalytics.net,+5511985106134,Brazil,Closed Lost,Opportunity,Referrals,Marcus Wong,2026-02-05T00:00:00Z,2026-02-07T00:00:00Z,,Referral,Referred by Abena Sy,0.9,False,False,"Referred by Abena Sy, warm intro. No response yet."
100236851,Wei,Schulz,Wei Schulz,first_last,Finance Manager,Park Biotech Co.,park,w.schulz@parkbiotech.com,+31689072166,Netherlands,New,Marketing Qualified Lead,Direct Traffic,Priya Nair,2025-11-10T00:00:00Z,,,Website,Homepage,0.9,False,False,"Filled out the form on the homepage. Great fit, prioritizing."
100236852,Farid,Greco,Farid Greco,first_last,,Ho Bros Co.,ho,f.greco@hobros.com,+447890871725,United Kingdom,Opportunity,Marketing Qualified Lead,Other Campaigns,Fatima Rahman,2025-12-24T00:00:00Z,2026-05-31T00:00:00Z,,Manual/Sales,Cold outreach call,0.9,False,False,Manually added by sales after a phone call from a cold outreach list.
100236853,Lars,Bruno,Lars Bruno,first_last,Head of Growth,Williams Digital,williams,l.bruno@williams.com.au,+447900108062,United Kingdom,Closed Lost,Customer,,Diego Alvarez,2025-12-03T00:00:00Z,,,Website,Contact page,0.9,False,False,Filled out the form on the contact page.
100236854,Abena,Gomes,Abena Gomes,first_last,Marketing Director,Mekong Freight,mekong,abenag@mekong.biz,+818892868193,Japan,Contacted,Lead,Organic Search,Wei Chen,2026-05-22T00:00:00Z,2026-05-22T00:00:00Z,,Organic Search,Google organic → Pricing page,0.75,False,False,"Googled us and ended up on the pricing page before booking a demo. Left voicemail, will retry."
100236855,Karim,Yap,Karim Yap,first_last,VP Sales,Orchid Holdings,orchid,karim.y@orchid.com,+491686700339,Germany,New,,Social Media,Diego Alvarez,2026-01-23T00:00:00Z,2026-03-07T00:00:00Z,,LinkedIn,from Original Source: Social Media,0.55,True,False,Saw our post about replacing hubspot and commented. Qualifying now.
100236856,Karim,Yap,Karim Yap,first_last,VP Sales,Orchid Ltd,orchid,karimyap@orchid.com,+491686700339,Germany,New,,Social Media,Diego Alvarez,2026-01-23T00:00:00Z,2026-03-07T00:00:00Z,,LinkedIn,from Original Source: Social Media,0.55,True,False,Saw our post about replacing hubspot and commented. Qualifying now.
100236857,Musa,Seo,Musa Seo,first_last,Finance Manager,Patel Fintech Ventures,patel,m.seo@patelfintech.com,+2348018536245,Nigeria,Qualified,Other,Social Media,Diego Alvarez,2025-10-10T00:00:00Z,2025-10-10T00:00:00Z,,LinkedIn,LinkedIn post engagement,0.9,False,False,"Connected on LinkedIn after commenting on our post. Very interested, wants pricing call."
100236858,Musa,Seo,Musa Seo,first_last,Finance Manager,Patel Fintech Holdings,patel,musaseo@patelfintech.com,+2348018536245,Nigeria,Qualified,Other,Social Media,Diego Alvarez,2025-10-10T00:00:00Z,2025-10-10T00:00:00Z,,LinkedIn,LinkedIn post engagement,0.9,False,False,"Connected on LinkedIn after commenting on our post. Very interested, wants pricing call."
100236859,Valentina,Lim,Valentina Lim,first_last,,Yang Freight Studio,yang,valentina.lim@yangfreight.com,+84929522654,Vietnam,Connected,Customer,Paid Search,Grace Osei,2025-11-01T00:00:00Z,2026-03-22T00:00:00Z,,Website,Book a Demo page — Google Ads,0.85,False,False,Booked a demo via the book-a-demo page after clicking a google ad.
